period,symbol,tier,rank,composite_score,train_return,train_sharpe,train_trades,train_win_rate,train_profit_factor,train_max_drawdown,test_return,test_sharpe,test_trades,test_win_rate,test_profit_factor,test_max_drawdown,sector,industry,market_cap,beta,avg_volume,price,fifty_two_week_high,fifty_two_week_low,trailing_pe,dividend_yield,hist_volatility
1,HAL,1,1,91.03475702563253,126.59310460087218,0.5762481419564851,5,60.0,23.918938791842645,19.167005120299976,-8.60667345851358,-0.8456770609391238,5,0.0,0.0,25.280403541502814,Energy,Oil & Gas Equipment & Services,28442806272,0.787,11837854,33.36,35.55,18.72,22.24,198.0,55.08476167996117
1,AMGN,1,2,83.35802406468918,34.70729956479306,0.5154941021170537,7,85.71428571428571,43.29188230434493,9.291879790486883,6.154800210556477,0.20213076607764677,5,40.0,3.2882076083651124,4.048044317175354,Healthcare,Drug Manufacturers - General,184278843392,0.45,2904252,342.22,353.25,261.43,26.46713,275.0,24.126648681913405
1,WAB,1,3,28.76349998846362,26.99449395234843,0.590613475354905,5,60.0,18.150705373178475,10.060749104925547,6.007055279983975,0.19290215457785778,8,12.5,0.04794558184350022,12.11215451413877,Industrials,Railroads,39130390528,1.004,808496,228.89,236.0,151.81,33.268894,43.0,33.840807804007305
1,GILD,1,4,24.194328972734795,43.44841277044449,0.510724655035586,9,66.66666666666666,7.896956695512397,7.242807029955181,-5.723717858874866,-0.9808294646530572,7,28.57142857142857,0.3447014685469936,8.530435456764131,Healthcare,Drug Manufacturers - General,173365542912,0.349,7246573,139.72,141.71,93.37,21.628483,224.00000000000003,24.68964251040094
1,STLD,1,5,16.162744545403573,96.3200161993401,0.541780920163383,10,40.0,5.263915740898892,16.995504993912096,-16.203327068943796,-0.7198766199157574,6,33.33333333333333,0.2794672551483588,26.732834403718073,Basic Materials,Steel,25669537792,1.484,1252373,174.38,185.56,103.17,21.824781,113.99999999999999,44.69538107070996
1,EXR,1,6,14.471565909841267,48.411267293090376,0.751735753244526,9,44.44444444444444,4.7438987908999595,11.929755580143338,-11.952683035031841,-0.7705622091356559,5,20.0,0.054372655220548995,12.639950717393404,Real Estate,REIT - Industrial,30394857472,1.273,1301029,137.16,162.77,121.03,30.684566,463.99999999999994,29.99469971746266
1,ON,1,7,11.881247351727714,69.18683822483065,0.5768514105454968,6,50.0,7.6217511674780205,25.602370121090914,4.653624404922474,0.08109168108447376,6,33.33333333333333,0.6149332703249616,15.967223292010042,Technology,Semiconductors,26554681344,1.543,9046434,64.93,66.86,31.04,88.945206,0.0,55.221895107248656
1,BKR,1,8,9.671059317789597,88.93277731839851,0.5470377640014744,9,55.55555555555556,4.322653996086348,21.74480866634851,9.606452835589163,0.3369492474719285,5,20.0,0.27466770771751403,20.484596755568557,Energy,Oil & Gas Equipment & Services,55881007104,0.887,7848191,56.63,57.58,33.6,21.780771,163.0,44.648441721191375
1,INCY,1,9,8.655334757973849,45.407620521079984,0.6518854190988801,11,36.36363636363637,3.5685524299875566,12.204169305013886,-0.6559730743408321,-4.097923242522645,5,40.0,1.0387441178951746,6.2566094511123325,Healthcare,Biotechnology,19863930880,0.82,2216147,101.18,112.29,53.56,17.149153,0.0,30.40328744464839
1,MPC,1,10,7.978499162269708,75.10693887055582,0.4733938244011418,7,71.42857142857143,5.116270853703222,22.80000666564662,11.734368645387772,0.3805436793722672,3,0.0,0.0,13.257516806233749,Energy,Oil & Gas Refining & Marketing,52294533120,0.732,2237454,172.01,202.3,115.1,18.298937,233.0,45.0149445351719
1,SLB,1,11,7.8769657689295896,64.23651051949129,0.6125324593407963,7,42.857142857142854,4.604519187617845,23.00045236789922,-0.6831198037846264,-3.958017999745731,6,16.666666666666664,0.10527911400967502,18.86541280112032,Energy,Oil & Gas Equipment & Services,73076850688,0.723,16603224,48.87,51.67,31.11,20.795746,233.0,49.54040455139527
1,NUE,1,12,7.654198755234498,76.44671933839847,0.8020131695982601,13,30.76923076923077,2.0331236275102857,16.285624035641654,-2.894065451136796,-1.3753284475516137,5,0.0,0.0,16.087942770990338,Basic Materials,Steel,39633739776,1.88,1571442,173.18,183.32,97.59,23.029255,129.0,42.15914539650648
1,COP,1,13,7.611927782288458,71.24836816083149,0.6065232973418181,10,40.0,3.163384222444411,17.958898428463186,-0.6034378581326161,-4.40442383713765,4,0.0,0.0,13.387649093927292,Energy,Oil & Gas E&P,126630264832,0.328,7527016,101.39,106.2,79.88,14.3206215,336.0,44.21828887028424
1,MPWR,1,14,5.781090981757335,40.23203015954622,1.000187427511233,10,60.0,2.2713222739424173,15.80965143501659,-26.224818210363686,-0.6654119311707891,10,20.0,0.21786423094765378,36.58832914111323,Technology,Semiconductors,55657394176,1.456,693806,1161.78,1171.57,438.86,29.789232,56.99999999999999,51.45412518455108
1,MRK,1,15,5.620818926429922,35.38462150345427,0.4087358298270345,12,50.0,3.6558469351419527,9.406881507516387,-1.7807521935370607,-1.8742185730109469,4,25.0,0.7969549787750272,7.680855379119395,Healthcare,Drug Manufacturers - General,267013046272,0.298,13969500,106.9,112.9,73.31,14.121532,315.0,22.828644650057043
1,TRGP,1,16,5.530381406828685,54.025953523367384,0.518763802884877,9,44.44444444444444,3.3842235685436237,17.15047164418898,-6.822688985248315,-0.9158386689615895,6,0.0,0.0,16.619396847071847,Energy,Oil & Gas Midstream,43281539072,0.874,1480960,201.13,211.87,144.14,27.143051,204.99999999999997,55.086984662589835
1,APD,1,17,5.422975741576126,44.614477244837026,0.45602772613676346,9,44.44444444444444,3.450612409955919,12.945701087687965,-6.279758098759613,-0.9451034597487751,4,25.0,0.333140200541938,8.98458234301721,Basic Materials,Specialty Chemicals,56959004672,0.879,1604140,255.89,341.14,229.11,0.0,276.0,27.98948490602878
1,NVDA,1,18,5.194840454950459,66.80646269574049,0.6167184214841845,11,36.36363636363637,2.312999326141402,18.3446187532953,81.07812766419032,0.548866618379094,2,50.0,27.553567232939,13.097642733570472,Technology,Semiconductors,4662937780224,2.314,184414460,191.52,212.19,86.62,47.52357,2.0,53.1592011283965
1,ATO,1,19,5.05575777184186,28.593159140608606,0.7345446989752784,11,45.45454545454545,2.6437201468949416,10.982711939236017,-4.677022647941742,-1.071126171210289,3,0.0,0.0,9.005769138420256,Utilities,Utilities - Regulated Gas,26850168832,0.761,1180806,166.0,180.65,140.66,22.28188,237.0,24.77880405231663
1,XOM,1,20,4.873763163897031,47.47034910453402,0.5396570872575008,9,66.66666666666666,3.7850625604978636,19.89522941321496,-12.069639274248289,-0.7686899624715807,6,16.666666666666664,0.27855720503947123,15.5412406356846,Energy,Oil & Gas Integrated,586537566208,0.365,16331731,137.58,138.0,97.8,19.997093,301.0,34.59127880177547
1,CI,1,21,4.772128852994953,30.100519130508818,0.42518369690181534,14,57.14285714285714,3.2662224122375596,8.759598133983864,3.0085916312671657,-0.1902517718310847,5,20.0,1.3815939306816158,5.512469681272723,Healthcare,Healthcare Plans,72759730176,0.269,2034755,272.38,350.0,239.51,12.062888,224.00000000000003,32.20397855242395
1,DVN,1,22,4.694324022997904,93.16620364437595,0.6101155280571848,10,40.0,2.392275980575399,28.96734515186817,4.871203545350733,0.10325776715022983,3,33.33333333333333,1.980993552493102,7.911823329608832,Energy,Oil & Gas E&P,25284085760,0.655,8545111,39.83,39.985,25.89,9.393868,243.00000000000003,58.802291834533484
1,CTVA,1,23,4.290577636943046,36.56164044953027,0.36993782968700795,10,60.0,3.5671282989533553,11.24494622375414,-6.1637678097822945,-0.9520238694984072,5,40.0,0.3660603615089186,6.849230303678778,Basic Materials,Agricultural Inputs,49608257536,0.745,3847840,73.05,77.41,53.4,29.5749,99.0,32.73605716338571
1,OKE,1,24,4.273571865239934,32.90121131825246,0.6039602308292318,7,71.42857142857143,3.568017431146783,16.59037435779863,2.4765308052405732,-0.35516430800505083,4,0.0,0.0,7.711830080245234,Energy,Oil & Gas Midstream,49914458112,0.92,4269431,79.26,103.64,64.02,14.569853,535.0,45.38714540684033
1,MCK,1,25,4.009045538110125,30.4692474702128,0.6681676626845259,14,50.0,2.6662776970172652,13.539778881426876,8.725720117766489,0.31268431089739035,3,66.66666666666666,19.324625998472946,4.81170544778231,Healthcare,Medical Distribution,102818627584,0.409,707557,826.62,895.58,570.51,25.8723,39.0,27.688574225732793
1,FSLR,1,26,3.953098417777343,69.03999958779907,0.41280114818911695,10,40.0,3.4965247418022343,25.20813149302768,-14.638664778869625,-0.735110632695732,6,33.33333333333333,0.23069000371841705,19.187003250244125,Technology,Solar,26763724800,1.597,2173429,249.41,285.99,116.56,19.155914,0.0,50.6430420198613
1,GWW,1,27,3.762592306659374,34.221855771705734,0.6151631989040213,11,45.45454545454545,2.478975636744191,13.870081042921116,6.606979950031566,0.2278106770878711,5,40.0,1.907129181502976,9.62028406210656,Industrials,Industrial Distribution,51180978176,1.126,279506,1070.01,1139.15,893.99,30.022728,85.0,29.125261848290524
1,SRE,1,28,3.5951603389019953,29.30151873537923,0.37905646468704773,11,36.36363636363637,2.9531415956574967,9.123469940616404,0.2739669912735554,-7.852136312471497,3,33.33333333333333,1.119269858382901,6.601885736505441,Utilities,Utilities - Diversified,56639700992,0.746,3707226,86.78,95.72,61.9,26.701538,296.0,26.237528355366795
1,PCG,1,29,3.0666972787425557,37.750831356364436,0.4710957738813525,7,57.14285714285714,4.119001397515839,23.88673326444773,7.815122396613972,0.2818461222860417,5,40.0,4.691917262124261,8.218084904239177,Utilities,Utilities - Regulated Electric,32814804992,0.379,22690001,14.93,17.95,12.97,12.546218,132.0,53.418741390880854
1,FE,1,30,2.890424838128498,23.017336452700434,0.5330021803931736,8,50.0,3.753993695478115,15.933673363281661,-20.601928054836204,-0.6894466259292263,5,0.0,0.0,21.72301442945019,Utilities,Utilities - Regulated Electric,27387123712,0.626,4554098,47.41,48.2,37.58,20.613045,375.0,27.817290379423675
1,COR,1,31,2.8220980601406294,26.65431186953604,0.6020435852726737,12,41.66666666666667,2.533605640637242,14.406627439175988,16.10246141028806,0.4339311348153617,3,100.0,0.0,3.2639787073078876,Healthcare,Medical Distribution,68002463744,0.665,1420650,350.54,377.54,237.71,43.92732,67.0,26.437706479878088
1,GD,1,32,2.6706416005043607,22.40864403328875,0.4690271103048771,8,50.0,3.411100727524395,13.424325014650803,4.334911098266381,0.04460553131435962,6,33.33333333333333,1.3862311841918074,2.620581321879593,Industrials,Aerospace & Defense,96346562560,0.414,1236052,356.68,369.7,239.2,23.116007,164.0,24.080160845699396
1,BLDR,1,33,2.4936223185550204,59.82745318238067,0.4402636497446272,8,25.0,2.3131195903330166,24.433222818038967,55.33114106056214,0.5356124515250529,3,0.0,0.0,12.719112097080282,Industrials,Building Products & Equipment,12947879936,1.569,2127578,117.09,173.84,94.35,22.218216,0.0,50.43610820940826
1,CVX,1,34,2.4557678139830843,45.48777262750492,0.480971572291397,10,40.0,2.1573817108357045,19.22001708519832,-0.23470756481644983,-10.416833195803191,3,33.33333333333333,0.9400546307082465,6.524758251251069,Energy,Oil & Gas Integrated,342378741760,0.687,9596144,169.93,170.42,132.04,23.866573,405.0,34.42449679976998
1,F,1,35,2.3920059701598015,68.56899388055895,0.5329135462597884,12,41.66666666666667,2.3321169475889505,35.62645438178109,-5.36648173733949,-1.0076882801605573,6,33.33333333333333,0.7073638787409661,17.98165302646166,Consumer Cyclical,Auto Manufacturers,55065772032,1.631,59544731,13.82,14.5,8.44,11.811966,430.99999999999994,44.12367775581717
1,CAH,1,36,2.310663737540294,29.293885804128237,0.3570862307594208,11,36.36363636363637,2.809038023830123,12.716598440174705,12.363587007654143,0.39055973054345583,5,40.0,5.031248275537647,4.39116397191518,Healthcare,Medical Distribution,49987620864,0.654,2266619,210.39,215.48,120.72,31.685242,95.0,29.621380663551555
1,PG,1,37,2.1460064503315297,17.017160070687567,0.46622113445862334,11,54.54545454545454,2.5822905599951063,9.546696705770463,5.682498018573834,0.17094430666927146,6,33.33333333333333,1.8893592466570357,4.054561987255769,Consumer Defensive,Household & Personal Products,344847122432,0.388,10552059,147.34,179.99,137.62,21.828148,285.0,20.40324962799394
1,WMB,1,38,2.066975314463198,27.3109009958465,0.6501271152822755,11,63.63636363636363,2.1890133434109855,18.803878079272984,10.466325783371232,0.3566996679607157,4,25.0,0.18596050421021632,5.374280070142777,Energy,Oil & Gas Midstream,81723957248,0.658,7181714,66.92,67.01,51.58,34.673576,321.0,33.3680476277205
1,ESS,1,39,2.044347812922816,17.67733017865836,0.5727607661000841,8,62.5,2.451672232207432,12.142204900766698,0.16965212504929106,-13.0352176611415,5,20.0,0.25074435102082643,16.931744032599955,Real Estate,REIT - Residential,16954928128,0.741,529532,245.48,316.29,243.25,18.681887,408.0,29.623562026673607
1,DLTR,1,40,2.013886265155449,35.25071489331819,0.49298686971724515,12,33.33333333333333,2.087656341289875,18.01471311650073,-9.071856843566872,-0.8319178970282607,3,0.0,0.0,16.73626391281002,Consumer Defensive,Discount Stores,24292569088,0.749,3354390,119.1,142.4,61.8,22.556816,0.0,38.08265496311293
1,TDG,1,41,1.9307006702785112,23.986496748598896,0.7088249960548687,10,50.0,1.4714015486551537,12.957526599773812,8.917814722171013,0.3183853603294999,6,33.33333333333333,0.7629830685542164,10.443202764984425,Industrials,Aerospace & Defense,79573925888,0.917,319303,1412.13,1623.83,1183.6,43.977886,0.0,38.31761860720064
1,CVNA,1,42,1.8613934817088305,133.98736217238994,0.54695585485258,13,15.384615384615385,1.3103766963972667,51.59101651936883,104.03572398946093,0.5551521146692375,9,0.0,0.0,51.374275940168545,Consumer Cyclical,Auto & Truck Dealerships,88898084864,3.553,4050222,410.04,486.89,148.25,93.19091,0.0,121.90131699811599
1,COST,1,43,1.7710076307790998,24.124042640031828,0.6173344646819554,13,30.76923076923077,1.6326582176202744,13.7292071271241,0.06442703971023533,-35.26786452176122,6,50.0,0.6416729438008,6.616607911848303,Consumer Defensive,Discount Stores,426545676288,1.008,2762929,960.78,1078.23,844.06,51.571663,54.0,24.57494360161451
1,BG,1,44,1.7124607520427402,26.31470747833,0.47891060619764503,11,36.36363636363637,2.014066655851666,14.82197972058329,-3.0813170840582993,-1.326835315278057,6,0.0,0.0,18.472254202074254,Consumer Defensive,Farm Products,22294528000,0.768,1514896,115.3,118.35,67.4,12.969628,241.0,33.11009581858116
1,LMT,1,45,1.6785286532334416,24.29371054355771,0.35055416074640766,10,50.0,2.7733718039675135,14.071108616278213,-3.526701626903128,-1.2321834025461438,6,16.666666666666664,0.24484519334352256,7.624819688469874,Industrials,Aerospace & Defense,139441684480,0.245,1558968,597.27,599.32,410.11,33.237064,231.99999999999997,25.291907107151218
1,INVH,1,46,1.5851147410890194,19.3869281232417,0.7342825853040709,11,54.54545454545454,1.6685868032845514,14.985123556172368,9.489105345895865,0.33397631636936914,3,33.33333333333333,7.182671056315949,5.6107596201009,Real Estate,REIT - Residential,16067269632,0.83,5876122,26.21,35.799,25.29,27.589474,448.00000000000006,28.965329682996927
1,AMD,1,47,1.556128750697019,41.74733424272918,0.5068511833465849,11,36.36363636363637,1.7362818456355298,23.60934352784915,4.382359293022131,0.05037360608587725,6,16.666666666666664,1.1506951602578899,25.794304109640485,Technology,Semiconductors,411471249408,1.95,40007026,252.74,267.08,76.48,131.63542,0.0,52.61525061572482
1,KIM,1,48,1.5074852256059725,16.13212430492279,0.6402357220079982,7,42.857142857142854,1.842521783231416,12.62382682825534,5.377427661876144,0.14788822488705816,2,50.0,2.68085984286815,6.255577028410039,Real Estate,REIT - Retail,13868955648,1.065,4913770,20.48,23.03,17.93,24.674698,497.0,40.10162116085893
1,AZO,1,49,1.4857592389440366,21.666798972656267,0.36149599755323863,11,36.36363636363637,2.851800067760416,15.03380395302661,-0.43684170336915074,-5.863935910961465,4,25.0,0.9178179489855276,4.508628704257224,Consumer Cyclical,Auto Parts,62907060224,0.42,163932,3782.14,4388.11,3210.72,26.40053,0.0,27.86292336710425
1,PCAR,1,50,1.4786401751743066,22.323280917360222,0.7500152196069885,11,36.36363636363637,1.715380997477684,19.4234420251939,-6.055899426876,-0.9586975991187549,6,0.0,0.0,17.526603256289338,Industrials,Farm & Heavy Construction Machinery,64631648256,1.024,3207631,123.06,125.36,84.65,27.28603,108.0,26.746104176861646
1,SMCI,1,51,1.4665228794252783,44.13794199497989,0.39319394907207855,12,41.66666666666667,2.2626040622535135,26.77556384362388,71.78211581896686,0.5451778951879626,7,28.57142857142857,2.06073753522378,31.75435519908547,Technology,Computer Hardware,18631469056,1.532,27132396,31.21,66.44,25.71,24.574802,0.0,58.06895612867987
1,SO,1,52,1.315052232050701,15.650143517392333,0.4098581110763113,12,41.66666666666667,2.0482734208322637,9.990719950283708,-4.29822495752582,-1.114642081409678,6,33.33333333333333,0.96781002103489,12.123186354408658,Utilities,Utilities - Regulated Electric,97260601344,0.447,5987506,88.33,100.84,82.69,21.972637,333.0,24.78141743039015
1,ADM,1,53,1.3107809033776312,27.296385796547472,0.41034267196817775,13,46.15384615384615,1.987831486896705,16.98639776640832,8.190128363045934,0.29537653515407863,4,25.0,0.2183052912741569,4.5839492466394045,Consumer Defensive,Farm Products,32390400000,0.694,3275890,67.4,69.75,40.98,27.398375,299.0,28.222876850752577
1,UDR,1,54,1.3087624016358892,15.773788197373495,0.407336364113063,12,41.66666666666667,1.920793289845826,9.429941693673364,1.6218371847764201,-0.8465911094123636,4,25.0,1.7833496088623964,7.020778485470721,Real Estate,REIT - Residential,13715495936,0.712,3400393,36.43,46.47,32.94,82.795456,463.99999999999994,29.597078585023677
1,SBAC,1,55,1.2664657477219512,18.75034479726587,0.5923570294420943,12,66.66666666666666,2.0915492913529175,18.3428772732051,-10.254626578278724,-0.802556039397803,5,0.0,0.0,14.28919378211945,Real Estate,REIT - Specialty,19624642560,0.869,832181,184.16,245.16,179.89,23.13568,238.0,30.368926912742566
1,DPZ,1,56,1.2481664177439862,14.025125467230337,0.3802604783702762,9,44.44444444444444,2.318499810181429,9.90655183751304,0.9131392995164411,-1.9517283478203566,5,0.0,0.0,19.531869219913137,Consumer Cyclical,Restaurants,13761873920,1.158,583211,405.37,500.55,382.47,23.719719,168.0,32.39590649395963
1,FRT,1,57,1.215443879143659,19.78447922605571,0.4619453162050924,9,44.44444444444444,2.336051126760268,17.56558523161215,4.482582032000626,0.06215588785494803,5,20.0,0.1094023239457588,5.9286050302496855,Real Estate,REIT - Retail,8664300544,1.027,685263,99.82,111.82,80.65,25.335026,445.0,35.80744265507736
1,MSI,1,58,1.213398798335038,16.02150030490059,0.4084779789169224,11,45.45454545454545,2.158805822084066,11.643454520689083,0.17926187232750745,-12.305484472931559,5,20.0,1.0275741267041556,6.761889800975188,Technology,Communication Equipment,67487899648,1.005,1469406,405.08,492.22,359.36,32.48436,119.0,27.72988839399059
1,SYY,1,59,1.2003552823408012,19.874489878259126,0.35664924264927367,8,37.5,2.3879686016319974,14.101200920057005,-9.80639104330514,-0.8128498598708623,7,28.57142857142857,0.09475722090603106,10.285083283782734,Consumer Defensive,Food Distribution,39995203584,0.618,3392349,83.51,85.33,67.12,22.509434,257.0,35.40631020999122
1,ABBV,1,60,1.164488121321528,21.54317343901728,0.35036792541962886,11,27.27272727272727,1.9968428985811826,12.94323555159041,1.4565806739227583,-1.0081445256431194,5,40.0,0.13112698844806125,10.682020261629335,Healthcare,Drug Manufacturers - General,386473984000,0.35,6220180,218.67,244.81,164.39,165.65909,297.0,24.094968226558557
1,TRV,1,61,1.1032383616561947,17.427511074153877,0.28369818389224616,9,55.55555555555556,2.055746571649623,9.212810603018447,0.903650738490791,-1.9782843121703053,3,33.33333333333333,1.2691912313100844,5.706328238040663,Financial Services,Insurance - Property & Casualty,62912811008,0.531,1492667,282.04,296.85,230.43,10.285923,156.0,27.39981736036765
1,ERIE,1,62,1.07575097990813,24.149281613462747,0.4645602323232883,13,30.76923076923077,1.7739931380143015,18.50062632888293,4.463574797336012,0.05996203630130915,7,0.0,0.0,20.799375847247056,Financial Services,Insurance Brokers,14302848000,0.373,160985,273.53,456.93,270.07,22.058872,204.0,31.246351236582697
1,VST,1,63,1.042016700982921,22.208058016346556,0.37064979506959495,7,28.57142857142857,2.1805614310333574,17.22534758423949,0.9357062087502088,-1.890733254423084,5,0.0,0.0,13.957880940387533,Utilities,Utilities - Independent Power Producers,56123056128,1.418,4930827,165.64,219.82,90.51,59.582733,55.00000000000001,37.95623894528483
1,APA,1,64,1.0373996625633237,61.58407208261869,0.45854267527463816,14,28.57142857142857,1.5257455855970854,41.53212784858962,2.016848351151701,-0.5677041298878978,5,0.0,0.0,20.972463613669728,Energy,Oil & Gas E&P,9306025984,0.743,6224626,26.01,27.72,13.58,6.2224884,387.0,69.01370268206324
1,CPB,1,65,0.9946721898796536,14.763998355246066,0.4086503066633685,11,54.54545454545454,2.023720233318702,12.2751360842839,-6.895360618642354,-0.9122712696250184,7,14.285714285714285,0.2705901755410552,9.586152596896998,Consumer Defensive,Packaged Foods,8043661824,-0.043,6674273,26.98,43.85,25.62,13.907216,570.0,24.066845107767964
1,PFG,1,66,0.9833391098861379,19.185427095663353,0.7319294706871275,10,40.0,1.4602331102324781,20.85256986607143,9.83685088895725,0.34257990387372816,3,33.33333333333333,2.9736328939605565,7.713565682640229,Financial Services,Asset Management,20951373824,0.9,1341216,94.05,94.34,68.39,13.790322,343.0,36.730109766850774
1,LIN,1,67,0.970417315765454,13.488589301681998,0.3994681771456295,12,50.0,1.8197925018200314,10.104435437014162,-3.1941932680681795,-1.3003500637998031,6,33.33333333333333,0.5881643083983435,9.896189412607674,Basic Materials,Specialty Chemicals,211712655360,0.855,2861313,451.5,486.38,387.78,30.200668,132.0,26.208943035673098
1,OXY,1,68,0.96965950043671,41.71451696231261,0.6555930355327351,11,27.27272727272727,1.5115982334148808,42.63229075135009,0.6846125197344399,-2.7959463185711675,4,0.0,0.0,7.586429703437799,Energy,Oil & Gas E&P,44166983680,0.38,9858488,44.83,52.58,34.78,32.963238,215.0,62.56458116328496
1,NEE,1,69,0.9560678163133306,22.887422568467276,0.3299190531204656,11,72.72727272727273,1.873768598831688,14.798971808133084,-5.444383425812937,-1.0015307311697943,3,66.66666666666666,0.050322577356175804,8.566589297244748,Utilities,Utilities - Regulated Electric,182374121472,0.0,9595750,87.57,88.96,61.72,26.617022,260.0,28.408701470576254
1,WMT,1,70,0.9295190664991518,11.51118870945227,0.2731900218429298,12,50.0,2.5774489756867025,8.720005934386634,5.744303383658145,0.17531699857086375,4,50.0,2.9997335404682097,4.438190751185674,Consumer Defensive,Discount Stores,929395245056,0.661,28438654,116.57,121.62,79.81,40.616726,80.0,22.080539621411184
1,GIS,1,71,0.9272268903182181,13.338803059790806,0.49736604722559297,15,60.0,1.6686624236051841,11.93920649027758,1.266451809000535,-1.2461704209352122,3,33.33333333333333,1.2865798217411717,9.060482637676298,Consumer Defensive,Packaged Foods,23664363520,-0.068,7164181,44.35,67.35,42.79,9.537634,546.0,22.031798864384886
1,PNW,1,72,0.9161326798466721,18.860678989203894,0.4471341780092137,8,37.5,2.03156044416072,18.701074656671896,-2.14355180357374,-1.6547215148522036,4,25.0,0.20494184948514368,6.748715926109487,Utilities,Utilities - Regulated Electric,11212596224,0.543,1329880,93.68,96.5,85.03,19.315464,384.0,26.538522694414706
1,DE,1,73,0.9050306255268307,23.580925449430048,0.28425290420697813,11,45.45454545454545,1.9340462425625697,14.324165624589012,-0.6355109093120648,-4.211278566751681,3,33.33333333333333,0.533290873145019,10.317589337537656,Industrials,Farm & Heavy Construction Machinery,142316814336,1.01,1428383,525.01,533.78,404.42,28.409634,125.0,33.19301234835794
1,TT,1,74,0.893857182562048,17.721643388722995,0.5172274568316193,12,33.33333333333333,1.4235144209475594,14.59752746698303,8.957552578168881,0.3195341909020231,6,0.0,0.0,12.48644438265759,Industrials,Building Products & Equipment,87715561472,1.216,1453585,394.2,476.19,298.15,30.183767,96.0,29.69173066937188
1,WRB,1,75,0.8892325315666858,18.62319556534715,0.4270918976130725,10,40.0,1.7724667267508205,15.853979237815231,-6.696013240029719,-0.9222422211577875,4,25.0,0.11558061658583156,10.971008176390306,Financial Services,Insurance - Property & Casualty,25716033536,0.388,3104993,67.67,78.96,58.07,15.206742,54.0,28.138080846043046
1,OMC,1,76,0.858207003796891,21.545805913360972,0.35213771457678866,10,40.0,1.8567423220005226,16.414772456282037,-11.507271951355413,-0.7780408487223781,5,20.0,0.1610949699993818,12.646411001317373,Communication Services,Advertising Agencies,24289142784,0.755,4525186,76.54,89.27,68.37,11.289085,372.0,31.53212402279327
1,FANG,1,77,0.8404569988989974,35.78191947492635,0.44345520979156106,10,40.0,1.65777472032752,31.298491773228175,-14.714458950043142,-0.7342980091370558,9,11.11111111111111,0.14531336747648144,27.961629735712467,Energy,Oil & Gas E&P,46395940864,0.577,1791998,160.27,173.02,114.0,11.254916,250.99999999999997,58.72194513853313
1,VLO,1,78,0.7947654352545851,37.33061442055801,0.5149531261068448,11,45.45454545454545,1.6450165115974418,39.7891010448859,-22.249461176549666,-0.6811460896112256,8,0.0,0.0,30.609715309452316,Energy,Oil & Gas Refining & Marketing,57166135296,0.767,3033009,184.02,194.35,99.0,38.257797,262.0,47.92466828159841
1,MOH,1,79,0.7818557771262757,13.651637259033201,0.400848091680033,11,45.45454545454545,1.9635753494827617,13.743124545862706,-0.6775265076904402,-3.985926982491688,5,20.0,0.34395837975017246,14.908497171300807,Healthcare,Healthcare Plans,10135400448,0.491,1592350,187.0,359.97,133.4,11.514778,0.0,34.54984580000137
1,WTW,1,80,0.6896326029604966,10.531389768623756,0.5404481841506366,12,41.66666666666667,1.5556659237030923,12.83920999683064,-13.917539046915483,-0.7432848549647117,7,28.57142857142857,0.17298940984864497,17.68045404100687,Financial Services,Insurance Brokers,30662258688,0.635,637040,314.33,352.79,292.97,15.039713,117.0,27.141383350700586
1,ALB,1,81,0.6766564766989677,23.61816671828898,0.4699925213720392,10,50.0,1.2450844515921244,20.425264913826126,4.048793575821907,0.006957871180128479,3,100.0,0.0,10.00257242000605,Basic Materials,Specialty Chemicals,21695186944,1.412,3512454,184.33,195.69,49.43,0.0,83.0,49.97105660850805
1,CEG,1,82,0.6743157914112983,3.38034292866094,0.4083440520065032,2,50.0,3.3584161131217654,6.874769940573734,-5.647207934041432,-1.3541573151475403,2,0.0,0.0,6.030343922505763,Utilities,Utilities - Independent Power Producers,104321433600,1.145,2945472,287.95,412.7,161.35,33.02179,54.0,40.83180230990615
1,ETR,1,83,0.6562404722124008,14.044701942242144,0.38251474740438973,8,37.5,1.745023308901724,14.285614677986576,-11.650583967165307,-0.7755721852126389,6,16.666666666666664,0.20389183467389307,11.937099161530963,Utilities,Utilities - Regulated Electric,43087671296,0.648,2607198,96.48,98.58,75.57,23.763548,265.0,26.78158479425152
1,DOW,1,84,0.6272376241345594,25.18600992841238,0.4405165133683744,10,30.0,0.8610827507570704,15.231208099465324,-8.276961488832136,-0.8563658330380879,5,0.0,0.0,14.725439962928954,Basic Materials,Chemicals,19745118208,0.776,11788839,27.78,41.475,20.402,0.0,503.0,35.45519455159024
1,ANET,1,85,0.6239192780327123,13.797142532791096,0.6738800588895104,10,40.0,1.3487659533563285,20.09925433643606,6.540237647712721,0.22424366952865496,7,42.857142857142854,1.4037237546339125,13.67200217679889,Technology,Computer Hardware,189081649152,1.414,7825695,150.15,164.94,59.43,57.09125,0.0,42.244102781112694
1,HPE,1,86,0.614943491852922,16.016653142806714,0.41484713377241217,9,44.44444444444444,1.6344962796305742,17.660727568773073,7.223854021482867,0.2576592746193277,4,25.0,1.5685106768442352,13.335920164786177,Technology,Communication Equipment,28972711936,1.333,24868080,21.71,26.44,11.965,0.0,264.0,35.40377405392346
1,NWSA,1,87,0.5814606555050001,8.78003302564656,0.2973742482564766,11,45.45454545454545,2.192581510725717,9.845435257334392,3.7583799193513068,-0.037116901856005455,3,66.66666666666666,1.3824874953724602,10.184719255719603,Communication Services,Entertainment,15566282752,0.974,3648377,26.59,31.61,23.38,32.036144,75.0,33.98335640317897
1,PFE,1,88,0.5767314109937429,17.478771575662357,0.31470130947484876,9,33.33333333333333,1.7985537736398762,17.153757979888322,-2.269114194151367,-1.595104722760529,2,0.0,0.0,4.7845406782744435,Healthcare,Drug Manufacturers - General,147032408064,0.433,65633383,25.86,27.69,20.92,15.0348835,649.0,26.775831420017564
1,ORCL,1,89,0.5224570959630598,11.637637343939279,0.2968736297538119,10,40.0,1.4595245023355754,9.651553003926237,15.312605300282023,0.42653327681825115,5,20.0,2.4256139873494487,11.485281814268744,Technology,Software - Infrastructure,496476880896,1.651,25740452,172.8,345.72,118.86,32.4812,113.99999999999999,30.256036286277997
1,BMY,1,90,0.5204867519187848,15.71810228105286,0.26559167728225114,12,25.0,1.7867214318209184,14.33051305721015,-17.045249890214144,-0.7128367590699739,6,0.0,0.0,17.127475875473937,Healthcare,Drug Manufacturers - General,111192834048,0.295,15116098,54.62,63.33,42.52,18.390572,454.0,21.10842345510737
1,EOG,1,91,0.5166012994696016,29.223453956158597,0.4198407870589458,14,35.714285714285715,1.4616028525109943,34.71283305134766,1.533426137743099,-0.9286897153364552,9,33.33333333333333,0.5174830060091429,18.139299199309225,Energy,Oil & Gas E&P,60616187904,0.501,3970485,111.02,135.87,101.59,11.024826,376.0,48.02673251758075
1,ARE,1,92,0.4969457844244758,15.287585649771462,0.3718607028236337,15,40.0,1.0664989836824021,12.200303207111292,-13.587729171109242,-0.747312523196634,8,0.0,0.0,17.301213701003103,Real Estate,REIT - Office,9463932928,1.319,3029854,54.61,105.14,44.1,0.0,805.0000000000001,28.722746898207223
1,LLY,1,93,0.481440043401143,12.795524972612139,0.3918492170832108,16,37.5,1.5044918091256116,15.66840216773816,23.653285255071644,0.4797147377252034,4,75.0,4.871995571612181,7.098302161805233,Healthcare,Drug Manufacturers - General,917792423936,0.347,3570195,1023.8,1133.95,623.78,50.260185,60.0,30.558290344352727
1,FAST,1,94,0.4805277040515755,16.581403601931967,0.3294354006141693,8,37.5,1.3781548684762088,15.666469903873985,-15.932763671272564,-0.7222969416192465,11,9.090909090909092,0.15448080727869534,17.308704551178074,Industrials,Industrial Distribution,50078265344,0.895,7706393,43.62,50.63,35.305,40.018345,204.99999999999997,27.791281075598178
1,WY,1,95,0.4665068850168475,17.415590153171443,0.2691016796959991,8,37.5,1.6435415916586413,16.511147056695044,3.4368717128421933,-0.09459831362456876,4,0.0,0.0,8.803034688615892,Real Estate,REIT - Specialty,18795360256,1.05,7371277,26.05,31.66,21.16,56.630432,320.0,36.528540393300176
1,HWM,1,96,0.43830115905151773,17.50024461101214,0.22562536604407843,11,45.45454545454545,1.8841786007741115,16.973894201817924,7.6167365683878385,0.27414940934325277,3,66.66666666666666,5.635633607804444,9.937905390197717,Industrials,Aerospace & Defense,84863098880,1.292,2273249,210.84,226.87,105.04,59.22472,21.0,40.640964170649504
1,HII,1,97,0.41740336876907713,11.616441740976157,0.254431554566998,11,54.54545454545454,1.7625146084190024,12.480180471942106,9.649637613751882,0.3380251080594986,4,25.0,3.397828806007291,5.202178694423237,Industrials,Aerospace & Defense,16692913152,0.354,527301,425.39,432.0,158.88,29.337242,131.0,28.206107897502726
1,LYV,1,98,0.39074748610267573,25.30096353584288,0.2626527589233009,7,28.57142857142857,1.564754705006174,26.61148445086326,0.6859629838027903,-2.789305266588442,3,33.33333333333333,1.0763363633926994,11.475598056829627,Communication Services,Entertainment,34257829888,1.197,3086762,147.53,175.25,112.88,106.9058,0.0,45.82754044823956
1,VRSN,1,99,0.3571886761395765,14.772552024591445,0.25804658774075145,12,33.33333333333333,1.6753062876443066,17.87928655854506,-2.3772129743705794,-1.54882447097837,5,20.0,0.6963242125459276,7.859852472025601,Technology,Software - Infrastructure,23679078400,0.77,809750,253.5,310.6,211.79,29.511059,123.0,28.235393290155002
1,FCX,1,100,0.3433480588971542,19.762362515514333,0.25086960651771256,14,28.57142857142857,1.580924410021298,22.827766360277728,5.709043755528942,0.17283400067759025,4,0.0,0.0,17.069158551562158,Basic Materials,Copper,91368267776,1.452,17103954,63.63,64.67,27.66,41.861843,95.0,51.87161170713205
1,APH,1,101,0.34067385038653775,13.047391705088529,0.25821551578505336,11,36.36363636363637,1.8027204527070586,17.827712535380197,-1.0735064554760698,-2.7286191926115633,5,20.0,0.9902355101446252,9.839040530800823,Technology,Electronic Components,178663161856,1.214,8193065,145.96,167.04,56.45,48.816055,60.0,26.988410977659
1,NI,1,102,0.3229436431620418,11.287348871870527,0.3252541821005577,10,40.0,1.5689186496611232,17.835632824433524,-14.52457359759517,-0.7363498474726586,5,0.0,0.0,15.382204424744948,Utilities,Utilities - Regulated Gas,20978399232,0.651,3724873,44.33,44.88,35.64,23.331581,270.0,25.988954874489146
1,AVGO,1,103,0.30390120208402527,19.565534941641683,0.22689305297013143,11,27.27272727272727,1.641058125476931,23.972011157492933,27.671895393998902,0.49389371358052436,5,20.0,8.544143225809764,7.193435350324539,Technology,Semiconductors,1579981996032,1.218,29899513,333.24,414.61,138.1,70.0084,78.0,35.496918904725945
1,BA,1,104,0.29548002056126627,23.223024877670273,0.2639217591497196,12,33.33333333333333,1.521306497305108,31.55604627355957,-2.1521054443817356,-1.650439453916798,4,25.0,0.08686180448843639,16.149033323907815,Industrials,Aerospace & Defense,189182181376,1.163,8949418,241.59,254.35,128.88,97.809715,0.0,48.65018474064156
1,POOL,1,105,0.28516029622449246,18.09970989702201,0.2674778175010163,12,25.0,1.049857081063598,17.82380858659431,-2.434206848490539,-1.5260786314446961,3,33.33333333333333,0.2553603753622831,8.615541378440255,Industrials,Industrial Distribution,9645959168,1.223,819127,258.48,374.74,226.1,23.540985,189.0,36.52504833110785
1,PPL,1,106,0.2766034651293699,9.374125737961613,0.3214993786524898,10,50.0,1.4503605456486761,15.802626412773062,-6.950604075599454,-0.909609314826509,5,20.0,0.03098822122842133,9.50380954350215,Utilities,Utilities - Regulated Electric,27148429312,0.716,6498670,36.7,38.27,32.5,24.965986,297.0,25.548375351183388
1,VRTX,1,107,0.23756664021746282,11.60231069230646,0.3650679294680376,15,33.33333333333333,1.3293017207361633,23.70043323989712,12.965690974822985,0.399233955817439,3,66.66666666666666,30.002343010743314,3.2979356395775805,Healthcare,Biotechnology,122531659776,0.314,1434895,477.91,519.68,362.5,33.584682,0.0,31.1486975385036
1,TSLA,1,108,0.22986134811916167,29.78121306413273,0.34210938615071007,11,27.27272727272727,0.9358897786779945,41.482615213136505,48.86389012872314,0.5300883530655758,3,66.66666666666666,11.696230341678772,14.233465614083126,Consumer Cyclical,Auto Manufacturers,1434957905920,1.835,74485806,431.46,498.83,214.25,293.5102,0.0,65.12989119233646
1,TKO,1,109,0.21380114599765426,13.050861936198487,0.1649531538211352,11,54.54545454545454,1.935737055434846,19.491091209640437,17.624432721489235,0.44631620339852185,3,33.33333333333333,3.488546833209275,7.625760954351122,Communication Services,Entertainment,16006837248,0.225,1147098,194.88,218.11,133.07,74.09886,157.0,37.13537684808862
1,GPC,1,110,0.21333395426026205,10.222703538808542,0.19635263231002764,11,45.45454545454545,1.584215172286361,14.905847685172924,-3.7168876118234717,-1.1986768515194943,5,20.0,0.4878666382501375,10.526364398574437,Consumer Cyclical,Auto Parts,19478251520,0.753,1097091,140.02,143.48,104.01,24.099829,296.0,29.230912811902282
1,PM,1,111,0.1892568078207366,8.49304317977133,0.1955051835240922,13,46.15384615384615,1.6770464428637135,14.713472701892178,4.796185852177626,0.09584243193391116,3,66.66666666666666,2.710220518413048,5.332017359669119,Consumer Defensive,Tobacco,278000107520,0.42,5602462,178.59,186.69,128.25,25.476461,329.0,24.464075058417993
1,VICI,1,112,0.18304628021054387,7.080934882005563,0.2867856480464125,10,40.0,1.510473431075444,16.757151531743897,-7.855507775353576,-0.8713352212514368,5,20.0,0.059911506369089255,10.311468056069158,Real Estate,REIT - Diversified,29809149952,0.72,12374303,27.89,34.03,27.48,10.604562,619.0,32.30994972647434
1,OTIS,1,113,0.1758919792772087,7.741622403970383,0.21773079894409234,11,27.27272727272727,1.6034815039309531,15.36631634857574,-8.036722726992195,-0.8647063414604947,6,33.33333333333333,0.3105848324315632,12.119379222772563,Industrials,Specialty Industrial Machinery,34773303296,1.014,2622742,88.6,106.828,84.0025,26.135693,186.0,26.12112522140967
1,MTB,1,114,0.15322221288970259,12.116201189416941,0.25870590232984997,9,44.44444444444444,1.1730961611408433,23.998533111867264,5.108018321491881,0.12523734957816934,6,33.33333333333333,0.37057509343218126,10.34658780889231,Financial Services,Banks - Regional,33893246976,0.583,1009383,216.89,222.18,150.75,12.750734,276.0,39.452963801907565
1,STX,1,115,0.15292168310905058,19.27479820654017,0.24821208290376934,12,25.0,0.7186381473091743,22.482984273048483,-8.012435397662887,-0.865577376447442,5,20.0,0.023359809369836247,18.569773504324182,Technology,Computer Hardware,96502063104,1.619,4133383,442.93,449.5,63.19,50.048584,80.0,39.10330275695279
1,CME,1,116,0.14462276791854303,10.156222442493124,0.15554124771113362,8,25.0,1.490088902738588,16.276210347486355,6.877226919329527,0.24154615746727287,6,16.666666666666664,0.35848805692269115,6.842938442910981,Financial Services,Financial Data & Stock Exchanges,102838525952,0.291,1924903,286.05,290.79,232.32,27.691189,176.0,27.15556333117755
1,ADP,1,117,0.14270054207299582,11.08984408259146,0.18767362672642504,9,33.33333333333333,1.46297365386623,21.33730519840117,3.1642068278416646,-0.1525012235883509,6,0.0,0.0,9.619409722100933,Technology,Software - Application,101551890432,0.864,2293555,250.69,329.93,247.18,24.747286,267.0,27.121794875840543
1,DAY,1,118,0.14250732913575648,15.43562363548283,0.2544232731838206,14,28.57142857142857,1.0717329203610348,29.534551943279936,0.9803542216949346,-1.7783299794921021,6,33.33333333333333,0.381523518520519,14.137661526546248,Technology,Software - Application,11100024832,1.181,3294832,69.36,74.03,48.005,0.0,0.0,47.05471620876067
1,PLD,1,119,0.13312366387510657,15.148636851171782,0.2026946652165538,13,38.46153846153847,1.0568267337613706,24.376110055654788,-20.040401478177326,-0.6925875352330876,7,0.0,0.0,21.794688393063968,Real Estate,REIT - Industrial,118086860800,1.418,3493913,127.13,134.94,85.35,36.956394,314.0,30.136197008735405
1,CTSH,2,120,0.12430122415379367,13.44750222801343,0.20502299759313336,8,25.0,0.9007611111143484,19.97921526051745,1.67209592522235,-0.8037912322774078,5,60.0,1.5555626069313215,5.904538451475685,Technology,Information Technology Services,40683384832,0.954,4833052,83.3,90.82,65.15,19.282408,146.0,31.104358477131584
1,DUK,2,121,0.12138469932837105,6.776319218188087,0.13325996325179268,9,66.66666666666666,1.6544086966076261,12.307572510576374,-11.46517943112977,-0.778777651170942,6,16.666666666666664,0.039307656615709584,12.139646996549953,Utilities,Utilities - Regulated Electric,93505986560,0.49,3530836,120.24,130.03,110.51,18.935432,354.0,23.132325840286942
1,WELL,2,122,0.12005156321383305,9.194088632865839,0.21043318528707622,6,16.666666666666664,0.9628080579229527,15.51653738177971,-6.149044003094117,-0.9529210206099189,5,20.0,0.5286360580073582,15.758557923397822,Real Estate,REIT - Healthcare Facilities,126243184640,0.857,3448890,183.94,209.05,130.29,126.85517,161.0,37.7992876326076
1,MLM,2,123,0.10811240413040926,9.0281135082531,0.1388088015683969,8,50.0,1.4719514563823934,17.0620801596434,24.73850760895957,0.48399778757419853,2,50.0,19.129437139809582,5.015459725246153,Basic Materials,Building Materials,39213514752,1.156,420763,650.23,668.83,441.95,33.379364,51.0,33.82000167590062
1,CAT,2,124,0.10351607108633373,11.036781843956822,0.17817107805373203,13,23.076923076923077,1.1198680806866592,21.27349042327697,-4.253762305472552,-1.120258149535317,7,14.285714285714285,0.12245717077589795,17.710413866860147,Industrials,Farm & Heavy Construction Machinery,301363134464,1.568,2530313,643.28,655.78,267.3,33.005646,95.0,31.82267089846031
1,AFL,2,125,0.10218379448009991,8.696882145871632,0.13908447057996426,9,44.44444444444444,1.425223105489518,16.87108662592518,12.765179965192175,0.39643616668141735,4,50.0,6.417767281443517,3.5778328975594214,Financial Services,Insurance - Life,58253844480,0.664,2347609,108.92,115.84,96.95,14.312746,225.0,29.879695240960963
1,CPT,2,126,0.10187448039844846,8.246522365641674,0.10665790274689636,9,55.55555555555556,1.6111534796473437,13.910264492802604,-6.533039792969452,-0.9308459082708039,4,25.0,0.16004561407602114,9.534714000548128,Real Estate,REIT - Residential,11456749568,0.824,1474580,107.22,126.55,97.17,43.408905,386.0,27.505713775070756
1,AMP,2,127,0.10134072960019386,10.06081342654297,0.21297870938684235,8,37.5,1.0449202984601966,22.093698613097114,9.575550097748886,0.3361734121752782,4,25.0,1.4049950299008558,7.808528562251633,Financial Services,Asset Management,47104675840,1.256,607159,499.67,582.05,396.14,13.753647,128.0,38.003226726426384
1,IRM,2,128,0.09854620176328124,10.403797818316773,0.17412708674511698,11,36.36363636363637,1.2539471279537202,23.051414116018865,3.2896209297950563,-0.12467623357292233,4,25.0,0.33244434455926664,10.939919104110523,Real Estate,REIT - Specialty,27265175552,1.149,2183063,92.24,108.15,72.33,170.8148,377.0,32.240142090811844
1,KMI,2,129,0.09846258255414438,7.532119050145281,0.12450012063679396,11,45.45454545454545,1.4306821927503173,13.625702330050492,0.05084383887707933,-44.84410349518368,4,0.0,0.0,6.228786117170759,Energy,Oil & Gas Midstream,66898542592,0.686,13645000,30.07,30.31,23.94,21.948904,395.0,30.664118590675283
1,CTRA,2,130,0.09678010987541288,11.949401386019787,0.17572547092365845,13,30.76923076923077,1.324665867068067,28.740948762241253,-22.977656512399847,-0.677856649181521,9,11.11111111111111,0.05108917652124827,31.84869386350192,Energy,Oil & Gas E&P,21207660544,0.333,8641306,27.79,29.82,22.33,12.865741,320.0,41.506911990544054
1,CNP,2,131,0.09560009988321401,7.20321728997777,0.12418076615090638,9,44.44444444444444,1.327539201290658,12.421380313024942,-4.387637306873859,-1.1036930170599886,6,33.33333333333333,0.42872387070301776,8.906994734247032,Utilities,Utilities - Regulated Electric,25977630720,0.584,4692691,39.79,40.5,31.96,25.183544,231.0,30.102472473725168
1,EXC,2,132,0.09525322003302407,9.78960388030452,0.14461491962405432,14,50.0,1.3190319102204133,19.60441358264058,-14.729620891645368,-0.7341364549134143,7,42.857142857142854,0.16684028935695103,17.64367730922575,Utilities,Utilities - Regulated Electric,45207027712,0.556,7669475,44.76,48.51,39.47,16.04301,357.0,27.105892783169143
1,BRK-B,2,133,0.09329669343090309,6.868071540344234,0.1407004489102344,13,46.15384615384615,1.3928080874221622,14.426312023953598,1.3749709857788117,-1.102249591930653,6,33.33333333333333,0.785265277756539,5.299707556549074,Financial Services,Insurance - Diversified,1021476405248,0.71,4998493,473.49,542.07,454.6,15.137148,0.0,21.154358035235685
1,DTE,2,134,0.0820328975761819,6.8676134051035564,0.09280075788239099,12,50.0,1.5673415434420277,12.176793908000088,-4.240246022105476,-1.1219887323162963,4,25.0,0.4621572242258486,6.574430011960236,Utilities,Utilities - Regulated Electric,28361191424,0.484,1616786,136.56,143.79,117.56,20.473763,324.0,25.286780270271354
1,MTD,2,135,0.07959316453223815,8.723392851928736,0.1320002875831697,14,35.714285714285715,1.4014878838948766,20.275607895117133,-8.334165945556649,-0.8544507123347205,3,0.0,0.0,12.136293368295782,Healthcare,Diagnostics & Research,28872437760,1.417,139891,1401.64,1525.17,946.69,34.997253,0.0,31.31199917342421
1,ODFL,2,136,0.07765457134322684,11.565916518959796,0.1618508066838174,15,33.33333333333333,0.8339954212634881,20.10442058921396,-4.872080791275146,-1.0513574081710129,8,0.0,0.0,25.098787094638357,Industrials,Trucking,36300242944,1.276,2218252,172.72,209.61,126.01,34.752518,64.0,34.56573150778682
1,MCD,2,137,0.07711918974223883,6.384553318365627,0.0791046162646208,10,40.0,1.4180316790329506,9.28658036628597,6.721136777716419,0.23374751966439591,4,75.0,6.738770367986959,3.832168701683593,Consumer Cyclical,Restaurants,223215452160,0.531,3269132,312.8,326.32,283.47,26.689419,237.0,21.725902178027948
1,DD,2,138,0.06822064353147968,7.512654442552913,0.12142564603146881,12,33.33333333333333,1.3427004839880772,17.954245925807513,2.949658808044031,-0.20558810675423747,5,20.0,0.22097957208896857,10.318503111008395,Basic Materials,Specialty Chemicals,18698868736,1.113,6149459,44.63,45.01,22.497908,25.797688,321.0,34.04480689707848
1,CMS,2,139,0.06790965701220307,6.496240690273636,0.12526644036326706,14,35.714285714285715,1.2737020755432458,15.26276310040847,-12.150743369406447,-0.7674128033530245,7,14.285714285714285,0.07853223431814409,14.150749754091194,Utilities,Utilities - Regulated Electric,21850161152,0.484,2556708,71.8,76.45,65.17,20.691643,301.0,23.68633978031682
1,RCL,2,140,0.06550837047985412,14.985930866774,0.21916847500359418,12,33.33333333333333,0.8193557218854524,41.08066876192543,50.360747962309404,0.5314931052236163,2,0.0,0.0,15.822329987480922,Consumer Cyclical,Travel Services,79523102720,1.941,2312055,291.6,366.5,164.01,19.636364,120.0,65.05234216234939
1,EIX,2,141,0.05970349858015167,7.507881487184842,0.09152434285531841,13,38.46153846153847,1.2959239278910906,14.915360530079859,-1.4680166361979663,-2.150493937874233,6,50.0,0.7675224362621197,8.436865948141085,Utilities,Utilities - Regulated Electric,23955916800,0.829,3120337,62.25,63.19,47.73,8.158585,560.0,27.95551570816771
1,HSIC,2,142,0.05732750595404132,7.093593615615856,0.13219140254362705,12,25.0,1.29780334206077,21.2283067770287,-3.946671208625807,-1.1625018956314486,5,40.0,0.6408714654268398,10.018399956706773,Healthcare,Medical Distribution,9104831488,0.884,1375872,75.08,82.49,60.56,23.684542,0.0,28.564493295089992
1,MET,2,143,0.04024235544905763,6.397247357231461,0.0742187084262743,9,44.44444444444444,1.348088779967837,15.905291660083174,6.54678912608877,0.22459702904697218,4,25.0,0.15450105793920968,11.814501556544151,Financial Services,Insurance - Life,50714886144,0.756,3603001,76.26,87.64,65.21,14.361583,296.0,33.26118095133753
1,PH,2,144,0.039082210847500104,8.42638413130996,0.12667343766429542,8,25.0,0.8204114241173449,22.406776679578094,3.5883711133084306,-0.06622894930131452,7,28.57142857142857,0.2566757167144493,18.29649030659377,Industrials,Specialty Industrial Machinery,115948535808,1.253,648240,916.27,954.3,488.45,32.653957,78.0,34.842763272174174
1,BKNG,2,145,0.03233208291067613,9.184355948882406,0.130592420679887,11,45.45454545454545,0.7306055642607787,27.102912976530135,1.3077848388590718,-1.1885373662514274,5,60.0,1.7854975321218811,7.510957710343784,Consumer Cyclical,Travel Services,164811407360,1.234,249685,5085.22,5839.41,4096.23,33.11337,75.0,37.67613911145013
1,ACGL,2,146,0.03141548748101495,5.846556386499113,0.1321537633022207,9,22.22222222222222,1.177307986687579,28.95515969587369,18.601217674704486,0.4531970488389481,4,75.0,16.203123232433068,11.908377558013175,Financial Services,Insurance - Diversified,35146153984,0.425,2263850,94.17,97.6,82.45,8.825679,0.0,31.671704435758326
1,AOS,2,147,0.02581443502657764,6.670092322100074,0.07500451781040592,11,27.27272727272727,1.2600836408932874,24.42058241265514,-2.751124576595265,-1.416789201328632,6,33.33333333333333,0.718529353128921,9.972555657448213,Industrials,Specialty Industrial Machinery,9737604096,1.349,1275488,69.49,77.31,58.83,18.730457,198.0,30.757207653525303
1,CDNS,2,148,0.024415835299847623,6.506590801284795,0.08224991832921517,12,33.33333333333333,0.9218238390118677,20.20530072560852,-3.0574907702484277,-1.3326758777672967,6,16.666666666666664,0.7649547757468733,16.843813831689282,Technology,Software - Application,87330316288,1.022,1709768,320.49,376.45,221.56,82.60051,0.0,36.37397594487732
1,CARR,2,149,0.01999205583586581,4.433607255630423,0.0420909564440966,6,33.33333333333333,1.27123759506763,11.866298955088826,21.851348561899407,0.47166337896330635,8,25.0,0.4245939015614569,16.886071033987655,Industrials,Building Products & Equipment,49282732032,1.314,7257522,57.91,81.09,50.24,36.19375,168.0,36.807721113442014
1,SPG,2,150,0.019312394018101916,6.317008374680433,0.07606545816769412,9,33.33333333333333,1.2116100249017498,30.14572150842136,5.258976636040114,0.13821519851218117,4,25.0,1.1160056516686983,5.413196994657084,Real Estate,REIT - Retail,69315559424,1.4,1434967,183.76,190.14,136.34,26.74818,476.99999999999994,45.17860707370675
1,JBHT,2,151,0.01883520496300517,6.21610558991692,0.06551260232886177,16,31.25,0.8683058955818063,18.773516700554048,-1.2003945576111952,-2.5012186024102054,6,0.0,0.0,16.807278802880152,Industrials,Integrated Freight & Logistics,19525474304,1.27,1158801,205.06,212.0,122.79,33.451874,89.0,31.075138246222334
1,DGX,2,152,0.015708425579702163,5.566927879956141,0.044103765416598925,12,33.33333333333333,1.2789221499834182,19.989536065940523,-4.57443494634412,-1.0821997432441588,5,20.0,0.46931402381998416,7.334686869585932,Healthcare,Diagnostics & Research,20434616320,0.64,1038183,182.74,197.55,153.99,21.47356,174.0,25.564958554525948
1,EMR,2,153,0.015333134634807212,4.865273430052408,0.030817775506721764,11,36.36363636363637,1.1986081104769635,11.720733815326053,-1.0552174510747525,-2.7659049357243295,7,0.0,0.0,15.920550891911052,Industrials,Specialty Industrial Machinery,83456876544,1.254,2690827,148.42,151.74,90.06,36.82878,150.0,30.42620729048857
1,IR,2,154,0.013086771391578354,5.623793403775945,0.05261415351284821,8,37.5,1.0138036841086724,22.922041516338048,-5.234712210514825,-1.0185208596415085,5,40.0,0.551524362381087,17.358419098158137,Industrials,Specialty Industrial Machinery,33882826752,1.332,2892700,85.25,95.85,65.61,63.148148,9.0,34.05222124970617
1,KKR,2,155,0.009250670551130057,5.953310996076966,0.056987057793712534,15,26.666666666666668,0.8750930937689999,32.09340875129377,-14.243165295341353,-0.7394912700747214,6,33.33333333333333,0.3533693867169863,23.838808228049647,Financial Services,Asset Management,108119908352,1.996,4352236,116.77,170.4,86.15,49.063023,64.0,39.44955215809316
1,AJG,2,156,0.008637461219047947,5.173330204364879,0.02588492164181498,14,35.714285714285715,1.1999445959513328,18.603392022306625,3.3970903532781094,-0.10246711468713493,5,40.0,1.6339560988077995,5.907933443840036,Financial Services,Insurance Brokers,62241824768,0.675,1854704,242.37,351.23,236.34,38.779198,107.0,25.007995448928135
1,HD,2,157,0.00797406916087474,4.239200055209236,0.027359052550523663,11,45.45454545454545,1.17446444165268,17.082240823433615,0.913326210668064,-1.9512107748093903,4,25.0,0.6269227983962263,6.716408728494589,Consumer Cyclical,Home Improvement Retail,373615460352,1.072,4481727,375.3,426.75,326.31,25.635244,242.0,28.21723801051136
1,CDW,2,158,0.007913350081289435,5.362441684793251,0.032495660929572144,10,30.0,0.8507594372340114,18.734165526576586,2.2068529308229445,-0.4691177779118727,6,33.33333333333333,1.304243283924317,10.639400173369275,Technology,Information Technology Services,16345895936,1.073,1687636,124.72,222.92,123.085,15.767384,200.99999999999997,31.562611998864913
1,PAYX,2,159,0.007875406092377355,4.7486007282307785,0.023582797395755237,10,30.0,1.2292883530820415,17.480014329522565,0.6363447915569198,-3.051816037189946,7,42.857142857142854,0.6023937027356662,7.389550442322598,Technology,Software - Application,36776214528,0.903,3259709,102.45,161.24,102.09,23.178732,412.0,28.13249223120816
1,CHD,2,160,0.006830061973593604,4.146921306510043,0.019747411580714223,10,30.0,1.2286909558109365,14.73173809480023,13.36965809538555,0.4046157788771488,3,66.66666666666666,6.858700511753159,4.898492965795151,Consumer Defensive,Household & Personal Products,22285324288,0.46,2567770,91.48,116.46,81.33,28.858044,128.0,22.79666424058361
1,EME,2,161,0.004880826124163999,4.680578053526374,0.023327885370830886,11,27.27272727272727,1.1811311063264436,26.422848538301423,12.1101122091682,0.3866500480132995,4,25.0,0.32401260149454686,11.747098511642907,Industrials,Engineering & Construction,32560449536,1.174,407883,727.35,778.64,320.89,29.269617,22.0,32.706517994682635
1,STZ,2,162,0.004744070753768318,4.120965927948217,0.017036663818449756,9,44.44444444444444,1.215798621305481,17.992605856330957,13.635352703355519,0.4079816340687913,4,50.0,4.0081159913679825,4.117879477101138,Consumer Defensive,Beverages - Brewers,27461568512,0.444,2656644,157.74,196.91,126.45,24.762953,252.99999999999997,26.926609550131435
1,AON,2,163,0.0037261894885702628,4.8714274608505415,0.015116596439172106,12,41.66666666666667,1.087915114768734,21.5000927411506,-2.004023830452939,-1.729732312589053,6,50.0,0.8356050813645555,8.701368203139376,Financial Services,Insurance Brokers,71803658240,0.835,1098063,333.0,412.97,323.73,26.64,90.0,26.413181350515586
1,APO,2,164,0.002562231924562926,2.467778981276414,0.046631568557031385,14,28.57142857142857,0.8378989028883147,37.63218792301959,23.492801286903497,0.47904777011532745,5,20.0,2.8719803924973313,6.7737325388711795,Financial Services,Asset Management,77132357632,1.583,3191277,132.89,174.91,102.58,19.37172,155.0,41.555253223332905
1,IBKR,2,165,0.00016487571144939528,1.3732265379529318,0.004344672889641781,15,26.666666666666668,0.7841736044090669,28.376237396281194,0.38077090261370294,-5.487716837845658,6,33.33333333333333,0.7855302219965895,15.94566360767734,Financial Services,Capital Markets,128260284416,1.24,4297445,75.45,78.8,32.82,33.986485,42.0,33.909824757602024
1,UHS,2,166,0.0001543660004350031,3.3099630991508366,0.001369015708001858,12,25.0,1.166735978817488,34.24936484615882,14.759058270612812,0.42087679815815615,3,66.66666666666666,2.59742583653714,11.233486844808088,Healthcare,Medical Care Facilities,12919927808,1.284,709813,203.02,246.33,152.33,9.663017,39.0,38.199716133055006
1,ABNB,2,167,-0.0,-18.601169499877955,-0.03906745221582802,13,15.384615384615385,0.4012478702717509,55.6570050330693,-10.300525872924792,-0.8015525191765733,5,0.0,0.0,25.34922475598144,Consumer Cyclical,Travel Services,80539598848,1.1,4770018,131.55,163.93,99.88,31.32143,0.0,54.585278556622875
1,AAPL,2,168,-0.0,-1.3676780544177758,-0.09308281997956663,11,36.36363636363637,0.6202109328172293,21.067413565839125,16.550417201756098,0.437812936166174,4,50.0,5.948652729558331,6.203922333505511,Technology,Consumer Electronics,3789248004096,1.093,46691775,256.44,288.62,169.21,34.375336,40.0,31.875180619823517
1,AEP,2,169,-0.0,-1.1212419870972323,-0.49630783862243283,13,30.76923076923077,0.9373098286854162,13.638442288705285,-7.736894583623832,-0.8758422612669975,7,57.14285714285714,0.2599304721665961,11.44134137627177,Utilities,Utilities - Regulated Electric,63760838656,0.615,3547322,119.12,124.8,97.32,17.440702,318.0,23.372231152740262
1,ADSK,2,170,-0.0,-28.245159197036752,-0.5470503250922255,11,18.181818181818183,0.1288024088505089,38.44411577351056,-7.021863398986827,-0.9062374812495648,6,50.0,0.4221272817824131,12.41498147608997,Technology,Software - Application,57154285568,1.466,1602391,268.33,329.09,232.67,52.10291,0.0,40.40428179728613
1,ADBE,2,171,-0.0,-22.832547091308577,-0.4223144213538418,14,21.428571428571427,0.2988658823910456,36.993944221641534,25.156567557006838,0.485549149202759,4,0.0,0.0,14.734303951363682,Technology,Software - Application,125404184576,1.526,4247267,299.58,465.7,288.33,17.949669,0.0,37.68981366454552
1,A,2,172,-0.0,-8.874147127496713,-1.0838369469162745,19,47.368421052631575,0.7108888701125311,19.651989866585875,-2.540734413980239,-1.4863004782516842,2,0.0,0.0,5.230993919485186,Healthcare,Diagnostics & Research,37952200704,1.291,1989908,133.87,160.27,96.43,29.293215,75.0,29.0895665392636
1,ACN,2,173,-0.0,-4.765679258747402,-0.029858450558057224,10,30.0,0.7846520231215108,26.17777516300939,3.242212704566594,-0.13494139307724476,4,50.0,1.9197776684285293,8.565195997271434,Technology,Information Technology Services,167704150016,1.249,3958118,270.43,398.35,229.4,22.331131,236.0,28.514916020301317
1,AES,2,174,0.0,1.428074606130858,-0.05985223742654902,12,33.33333333333333,1.050905622350113,23.07203955057799,1.1655544903051984,-1.4040252014276187,3,66.66666666666666,1.803524621937046,7.343670489345621,Utilities,Utilities - Diversified,10817117184,0.969,8031688,15.19,15.51,9.46,9.993421,472.0,36.14136025637541
1,ADI,2,175,-0.0,-35.12779589441853,-0.6044541129924326,15,26.666666666666668,0.07556657035486854,41.404603214950804,-5.248753218700964,-1.0173406784415338,7,42.857142857142854,0.5828619793082518,14.07370666519018,Technology,Semiconductors,155526381568,1.032,3755296,317.625,318.17,158.65,69.65461,130.0,34.05472458109047
1,AEE,2,176,-0.0,-1.7926452849824415,-0.3172469816535067,12,25.0,0.9194347644116836,12.547983019604931,-8.764260998055962,-0.8408523576453169,9,22.22222222222222,0.2819960444405761,9.475336957199433,Utilities,Utilities - Regulated Electric,28017862656,0.592,1700124,103.58,106.73,91.77,19.919231,273.0,24.418779961011943
1,ABT,2,177,-0.0,-11.611988964036524,-0.3792926215902062,16,31.25,0.5691762415983052,24.49643779270582,12.286420747494219,0.3893865713625348,2,100.0,0.0,6.001594039169974,Healthcare,Medical Devices,184575688704,0.72,7543419,106.05,141.23,105.27,28.508064,233.0,25.804732966391747
1,AIG,2,178,0.0,2.526573716629965,-0.06502421570262869,8,37.5,1.0840259406792099,22.55187536512135,8.765098256218828,0.313873350933748,6,50.0,1.7813153502255208,8.893716188374182,Financial Services,Insurance - Diversified,40658341888,0.624,5022631,73.39,88.07,71.25,13.19964,244.0,38.57151738254394
1,AIZ,2,179,-0.0,-11.444303076223116,-0.9692356157690413,12,33.33333333333333,0.4412893210789613,23.2970321937278,12.94299650614914,0.3989216436652873,5,20.0,1.3934260321221714,6.557070377778328,Financial Services,Insurance - Property & Casualty,11973466112,0.561,321375,237.29,243.76,174.97,14.468903,148.0,29.640993840326335
1,AKAM,2,180,-0.0,-29.879926333900453,-0.4917141349169737,11,18.181818181818183,0.010960389999442616,34.14925485186481,-6.97590183128356,-0.9084043941777319,6,33.33333333333333,0.3190651639214516,17.106133577522268,Technology,Software - Infrastructure,14688640000,0.685,3337309,102.1,104.98,67.51,29.941347,0.0,28.50481229642089
1,ALGN,2,181,-0.0,-29.441119187240595,-0.040198720039149614,17,11.76470588235294,0.007301151510710128,60.08965773843347,-0.13381625387571816,-17.83535151994472,6,16.666666666666664,0.031797774795145756,16.092056476470933,Healthcare,Medical Instruments & Supplies,11954451456,1.833,1278219,164.92,232.2,122.0,31.96124,0.0,54.950457857536406
1,ALLE,2,182,-0.0,-21.37218214430934,-0.44676921062421826,19,31.57894736842105,0.3253909300851143,40.67631946398891,4.061482447526021,0.008739889458639847,4,50.0,1.916161333018243,9.054916006359045,Industrials,Security & Protection Services,14186668032,1.05,818854,164.9,180.68,116.57,22.313938,122.0,30.41195250803185
1,ALL,2,183,-0.0,-11.348382711858573,-1.0360685995035126,14,42.857142857142854,0.571216281017414,22.355344918935547,-11.819102328406695,-0.7727459102958003,4,0.0,0.0,14.3630720549692,Financial Services,Insurance - Property & Casualty,51997507584,0.24,1656531,197.33,215.89,176.0,6.4005837,204.99999999999997,28.39212363877849
1,AMAT,2,184,-0.0,-2.76217315476206,-0.14369739269781248,15,46.666666666666664,0.5925239673503944,27.1343941877636,3.753011829422137,-0.03799579997373491,5,20.0,1.7126310878145017,10.950815016844224,Technology,Semiconductor Equipment & Materials,268269338624,1.671,7433121,336.75,344.04,123.74,38.930637,55.00000000000001,46.083928993585324
1,AMCR,2,185,-0.0,-24.161622273772565,-0.7149014202231512,15,13.333333333333334,0.11499860737074659,29.13032790724437,-11.241161340242456,-0.7827917717940794,4,25.0,0.03546183126866643,14.523727916355247,Consumer Cyclical,Packaging & Containers,20401285120,0.676,4921777,44.19,52.25,38.35,29.2649,581.0,28.30922637661547
1,AME,2,186,-0.0,-7.355135773265776,-0.3259049875611182,12,33.33333333333333,0.7753356373548691,25.95952974630946,3.5230769136856077,-0.07815658840621478,7,42.857142857142854,1.4968503683812722,7.635587320105624,Industrials,Specialty Industrial Machinery,51384946688,1.047,1428400,222.49,224.37,145.02,35.148502,56.00000000000001,26.236377242542375
1,AMT,2,187,-0.0,-0.8589547528731978,-0.11374167999113885,14,35.714285714285715,0.9716268918671582,30.925235365282813,-15.15328493251953,-0.7297529387786099,5,0.0,0.0,16.32549838826116,Real Estate,REIT - Specialty,83119276032,0.929,3173619,177.51,234.33,166.88,28.311005,378.0,29.242255900934417
1,AMZN,2,188,-0.0,-24.496308147209188,-0.358245591930846,15,26.666666666666668,0.32306257727218596,35.82933455745387,41.14757301812742,0.5212254261583951,2,0.0,0.0,6.625240301955756,Consumer Cyclical,Internet Retail,2597829214208,1.376,44559791,243.01,258.6,161.38,34.371994,0.0,37.08440675132871
1,APP,2,189,-0.0,-46.42291773325916,-0.6434814488025762,13,7.6923076923076925,0.015339992799580997,53.174003365800395,141.70239715434073,0.6921365309567711,2,50.0,0.0,19.69383445546846,Communication Services,Advertising Agencies,183453220864,2.502,4374313,542.36,745.61,200.5,63.95755,0.0,77.17695226669154
1,APTV,2,190,-0.0,-5.527021462692305,-0.1266374030650585,11,27.27272727272727,0.4545945005203994,34.90231165220348,5.297080057022074,0.14137402342814298,5,40.0,0.1982383405812606,15.27323672125818,Consumer Cyclical,Auto Parts,16943890432,1.502,2319975,77.81,88.93,47.19,58.946964,0.0,45.886080065148434
1,ARES,2,191,0.0,1.0710647941852613,-0.03289985590975578,16,31.25,0.7035281678750895,31.96950290261033,-1.4238571791117316,-2.199283360961665,6,0.0,0.0,19.504221670139252,Financial Services,Asset Management,49078165504,1.548,2996706,149.8,200.485,110.63,62.941174,300.0,37.93395563466926
1,AVB,2,192,0.0,3.6995622402630435,-0.0004268881513398233,9,33.33333333333333,0.8982100143675361,14.518309554463542,10.344623484684789,0.35410376049092135,3,100.0,0.0,5.635486264937661,Real Estate,REIT - Residential,24627992576,0.756,1088170,172.97,230.21,166.73,21.093903,398.0,28.533749972805765
1,AVY,2,193,-0.0,-33.01894063982559,-0.5624487267506503,16,25.0,0.2630787239233111,42.125520444668496,2.0053660653494454,-0.5742604599747176,5,0.0,0.0,9.818769524250165,Consumer Cyclical,Packaging & Containers,14289598464,1.008,689414,184.87,194.75,156.23,21.007954,200.99999999999997,31.21529878154508
1,AWK,2,194,-0.0,-8.198708571460834,-0.46013295032028306,14,28.57142857142857,0.6185733053997037,25.884981217641666,-11.793701007046165,-0.7731667542250483,6,16.666666666666664,0.24012794257775222,12.918318681045353,Utilities,Utilities - Regulated Water,24797259776,0.754,1867906,127.05,155.5,121.4,22.328648,254.0,26.496442771991035
1,AXON,2,195,-0.0,-7.023292712287931,-0.516048530052718,11,18.181818181818183,0.7335431974669954,44.09668135756346,-1.25847690113835,-2.412426522611159,4,25.0,0.8443510070345543,17.046939317479314,Industrials,Aerospace & Defense,43679371264,1.414,853478,549.86,885.92,469.24,173.4574,0.0,49.44816746348089
1,AXP,2,196,-0.0,-24.58382299893096,-0.37287300013523256,15,20.0,0.2881178302715899,42.540917847184474,-6.54765774427013,-0.9300567127693115,6,50.0,0.400185961996602,10.40636273011486,Financial Services,Credit Services,248422989824,1.154,2607068,356.99,387.49,220.43,23.991262,91.0,37.201729783757784
1,BAC,2,197,-0.0,-11.931125165221257,-0.3121951400719879,13,38.46153846153847,0.5408298035810634,31.35462708437144,3.8917144293618033,-0.016064566013793947,4,0.0,0.0,8.546697189091748,Financial Services,Banks - Diversified,378342309888,1.295,37789775,51.81,57.55,33.07,13.598426,215.0,34.325188898635574
1,BALL,2,198,-0.0,-38.60436520402543,-0.45764009733042027,16,25.0,0.23209592714600635,47.28788659913695,4.555509283302217,0.07040342019002135,4,50.0,1.9501443115161246,6.657998346940328,Consumer Cyclical,Packaging & Containers,15311096832,1.137,2706314,56.26,60.29,43.51,21.89105,140.0,33.33713027414053
1,BBY,2,199,-0.0,-27.362628508243837,-0.42633088876848946,15,13.333333333333334,0.16455441355430128,42.799643957779644,3.8981782552645283,-0.015080585823132077,4,25.0,1.4776683798143924,10.498201913911913,Consumer Cyclical,Specialty Retail,13774238720,1.433,4241996,65.56,91.68,54.99,21.636963,578.0,39.17280802617409
1,BAX,2,200,-0.0,-20.97181475793687,-0.3822187008123447,14,28.57142857142857,0.35790843756027135,31.408090782645118,15.701633740585752,0.43026996436827836,2,100.0,0.0,9.244219552696519,Healthcare,Medical Instruments & Supplies,10080634880,0.589,8955942,19.61,37.74,17.4,0.0,266.0,28.385799417131203
1,BDX,2,201,-0.0,-14.629362214039975,-0.8493380421907271,17,35.294117647058826,0.43839816751639943,23.42936962528622,-3.007226715772615,-1.3453007082589246,5,40.0,1.2166041236314944,10.023984804899028,Healthcare,Medical Instruments & Supplies,57631715328,0.262,2201657,201.92,251.99,162.29,34.694157,206.0,23.791898270609547
1,BF-B,2,202,-0.0,-9.288742291453433,-0.4244618835086621,10,60.0,0.3780560312134999,19.93660573869381,-0.4146719140070809,-6.146574995412752,4,0.0,0.0,11.058975464935259,Consumer Defensive,Beverages - Wineries & Distilleries,12187039744,0.414,4833088,26.31,38.85,25.32,15.385964,340.0,25.52648125141656
1,BEN,2,203,-0.0,-25.7450654114607,-0.3787959535133272,19,21.052631578947366,0.2350337437521945,37.99244942861479,5.581579140954451,0.1635962009522995,5,40.0,2.6754076020617954,7.473356998230946,Financial Services,Asset Management,13378884608,1.466,4265137,25.66,26.25,16.25,28.197802,518.0,37.7187390864911
1,BIIB,2,204,-0.0,-20.02984178892515,-0.6394364530971823,16,18.75,0.4055771422082855,35.843541917076024,-1.9260203019409006,-1.7764036096093825,2,50.0,0.8376533004912365,16.025755969599885,Healthcare,Drug Manufacturers - General,25647958016,0.127,2015334,174.83,190.2,110.04,15.937101,0.0,50.24055602056264
1,BK,2,205,0.0,1.2652248671486177,-0.07687200374591018,14,35.714285714285715,0.6443186169252219,27.97621691099127,-0.25300523754864246,-9.705228802986786,6,16.666666666666664,0.15158897607402907,9.811641702238107,Financial Services,Banks - Diversified,82914811904,1.109,3516944,118.9,125.89,70.46,16.045885,178.0,31.476269533966388
1,BLK,2,206,0.0,1.937874296384745,-0.26781820475269624,14,42.857142857142854,1.064405096683334,23.811119240587068,6.501562190846988,0.2221431652708599,3,66.66666666666666,13.133474344431388,6.698805776283543,Financial Services,Asset Management,174028128256,1.484,658931,1121.67,1219.94,773.74,31.775356,188.0,31.529267748309813
1,BR,2,207,0.0,3.989122455035532,-0.03935658774649266,13,23.076923076923077,0.8641291578564962,16.88969076341238,1.7634387136717944,-0.73225071600703,5,60.0,1.2206637729296956,8.220434060603075,Technology,Information Technology Services,23916310528,0.994,747685,204.89,271.91,203.89,26.200768,189.0,26.00185452209346
1,BRO,2,208,-0.0,-21.417784753962476,-0.28113127374556157,16,31.25,0.5066083787069923,32.09961332402967,13.861035291656076,0.41073926011523904,4,50.0,1.7481300469427192,8.106460508788459,Financial Services,Insurance Brokers,24616439808,0.812,2742954,72.1,125.68,71.8101,22.816454,85.0,27.080509989512517
1,BSX,2,209,0.0,1.573704137199372,-0.17054165644737637,10,30.0,0.961725828561447,13.602518450872887,-1.0421759863090685,-2.793291825219326,4,25.0,0.8729659430159257,8.599481781785022,Healthcare,Medical Devices,139092426752,0.671,9773108,93.79,109.5,85.98,50.15508,0.0,27.889883689274132
1,BX,2,210,-0.0,-14.534908057316754,-0.33275835174204405,11,27.27272727272727,0.49354205096678666,30.09957571888766,1.1324080309456974,-1.4620215947045896,4,25.0,1.1086773518945126,11.70902074632561,Financial Services,Asset Management,180119961600,1.752,3998911,146.79,190.09,115.66,42.302593,316.0,41.93634353628342
1,BXP,2,211,-0.0,-13.259410104022695,-0.6523923796696657,11,18.181818181818183,0.30991348378705813,22.073366111425887,16.700200715245096,0.4390644416037139,2,0.0,0.0,6.388169917706477,Real Estate,REIT - Office,11347913728,0.0,1490001,64.15,79.33,54.22,0.0,429.0,36.2403453220174
1,C,2,212,-0.0,-30.622548387411953,-0.6470271803140736,13,23.076923076923077,0.09815864575552233,40.244167691915095,-14.254656630578488,-0.7393605607461741,9,22.22222222222222,0.153646632748449,15.068317403214056,Financial Services,Banks - Diversified,204334186496,1.166,13344468,114.2,124.17,55.51,16.337626,209.0,36.94869406324931
1,CAG,2,213,-0.0,-7.340883388853436,-0.5764748065492666,11,45.45454545454545,0.6490363985233026,18.34621451467632,-8.043369134696277,-0.864468893000705,5,20.0,0.13585919392601964,8.061502573171893,Consumer Defensive,Packaged Foods,8457572352,-0.014,11100198,17.68,28.52,15.96,0.0,780.0,25.465459416632708
1,CB,2,214,-0.0,-4.993414625090953,-0.4210771997002144,11,27.27272727272727,0.7853488473462253,20.3503312489506,0.9918307158987005,-1.7510723534813715,6,33.33333333333333,1.1927659296965607,7.912560971775632,Financial Services,Insurance - Property & Casualty,121062309888,0.513,1709062,303.65,316.94,263.14,12.683792,129.0,27.732681727309416
1,CBOE,2,215,-0.0,-9.095294372595685,-1.532404190110176,11,36.36363636363637,0.5539747840915366,19.72023694118659,2.1252667605223596,-0.509290297376657,5,60.0,1.271535695773864,10.60078044467536,Financial Services,Financial Data & Stock Exchanges,27688939520,0.359,770885,264.6,279.33,200.88,28.451612,107.0,27.416739147892166
1,CBRE,2,216,-0.0,-13.70154186236574,-0.17583338027529533,9,22.22222222222222,0.26045496205002067,32.407097246064744,-15.03048267656708,-0.7309981011623755,8,25.0,0.19567522410138538,20.128415693513844,Real Estate,Real Estate Services,50442010624,1.345,1376549,169.5,173.05,108.45,41.85185,0.0,36.51931322496708
1,CCI,2,217,-0.0,-4.237204565560404,-0.1465711221373863,14,50.0,0.7606799898650644,17.188378766395715,-21.405536378007106,-0.6852382957251941,6,0.0,0.0,22.953122003997667,Real Estate,REIT - Specialty,36967813120,0.976,2834183,84.89,115.76,83.21,0.0,490.00000000000006,28.69371084137895
1,CCL,2,218,-0.0,-30.848055723740565,-0.2682163489186208,15,20.0,0.18720813866275926,59.3766094226521,28.659854010830887,0.4967706166943354,7,0.0,0.0,28.206203945500217,Consumer Cyclical,Travel Services,37696180224,2.516,20691285,28.72,32.89,15.07,14.217821,52.0,72.81019054323677
1,CHTR,2,219,-0.0,-31.192560883575393,-0.4453418673152101,14,28.57142857142857,0.1994661641425725,38.87405825408779,-1.0932309110107452,-2.689805244162252,6,0.0,0.0,15.32841530311104,Communication Services,Telecom Services,24970199040,1.058,1914577,182.81,437.06,182.04,5.0682006,0.0,32.29398518628912
1,CHRW,2,220,-0.0,-21.51938291321269,-0.5179192954024104,15,20.0,0.3920630811561155,32.21932301632963,-5.541362726154187,-0.994107155696724,6,50.0,0.41206662610748973,14.106774788210416,Industrials,Integrated Freight & Logistics,21770317824,0.913,1643309,184.28,184.87,84.68,37.303642,140.0,29.072037011530917
1,CINF,2,221,-0.0,-14.889065781534793,-1.2050700004923804,13,30.76923076923077,0.41486485540421225,22.496455009047217,3.8631154441519433,-0.020457668508565428,4,25.0,0.35196398331162,14.030667016871734,Financial Services,Insurance - Property & Casualty,24770023424,0.673,569406,158.4,169.86,123.02,11.794489,220.00000000000003,34.501407473100535
1,CL,2,222,-0.0,-0.6814647802196316,-0.17677400760185644,12,33.33333333333333,0.9559311206858465,17.01546710462669,-0.8680242208552569,-3.2378763481544177,6,16.666666666666664,0.6922853506706411,7.92844130240425,Consumer Defensive,Household & Personal Products,68698767360,0.298,6801122,85.0,100.18,74.55,23.809525,243.00000000000003,20.1448623927407
1,CLX,2,223,-0.0,-3.445092946108763,-0.2849157036529279,10,30.0,0.32029063731358987,17.790324992053364,3.535278733838121,-0.07589414253212669,4,50.0,1.7856922739392547,9.127464123824081,Consumer Defensive,Household & Personal Products,13271464960,0.575,2342981,108.8,161.45,96.66,17.080063,438.0,27.523050447223486
1,CMCSA,2,224,-0.0,-21.062618882061244,-0.6633357437333007,13,15.384615384615385,0.09999448086120068,31.4435842949292,4.075272557603649,0.010663981557250917,6,16.666666666666664,0.3361651229678043,8.486519739759641,Communication Services,Telecom Services,111968485376,0.807,39284485,28.41,35.595127,24.133083,4.7192693,459.99999999999994,27.98031993475502
1,CMI,2,225,-0.0,-14.645921151640218,-1.3522819309683038,17,29.411764705882355,0.5567744701305049,29.542567925352575,-13.661331548186773,-0.746396827251166,6,0.0,0.0,20.778202279366653,Industrials,Specialty Industrial Machinery,79765626880,1.116,904334,577.86,587.55,260.02,29.940933,139.0,28.765763831233848
1,COF,2,226,-0.0,-34.500666248612156,-0.45308549518095714,12,0.0,0.0,45.48186202016871,0.1274209805197879,-17.54683200705542,6,33.33333333333333,1.0151513542014505,8.317271427360087,Financial Services,Credit Services,138850582528,1.131,4378627,218.41,259.64,143.22,64.81009,147.0,42.91580672007368
1,COO,2,227,-0.0,-19.85006822322728,-0.5555765255895111,16,31.25,0.4539006051585284,35.88161771749345,11.760249721838845,0.38097679656940275,3,33.33333333333333,3.6335974734880154,3.4760197650200886,Healthcare,Medical Instruments & Supplies,16000143360,1.029,2685863,80.48,99.54,61.78,43.037434,0.0,28.975967362724255
1,CPAY,2,228,0.0,1.5554699151153262,-0.0526869570361014,12,16.666666666666664,0.5161579491603504,18.506404622924038,13.439048051254288,0.4055076604013519,3,0.0,0.0,14.327012792454212,Technology,Software - Infrastructure,22429954048,0.844,634780,317.64,400.81,252.84,21.578804,0.0,34.39936258909756
1,CRL,2,229,-0.0,-47.620173951644915,-0.6774216475096847,18,16.666666666666664,0.08370904757421015,52.73288581781749,-8.807316799743624,-0.8395641907810156,5,20.0,0.09617100938191592,10.084582266564349,Healthcare,Diagnostics & Research,10673851392,1.616,853647,216.88,228.88,91.86,0.0,0.0,38.34043613524013
1,CPRT,2,230,-0.0,-22.588207028924945,-0.44889962066412026,19,21.052631578947366,0.1694001359565774,38.234183437293126,22.045784674400327,0.4725955003815918,4,75.0,20.028685723244774,4.657488679424425,Industrials,Specialty Business Services,39320875008,1.103,8907255,40.62,63.85,37.41,24.920244,0.0,30.20079575305623
1,CRH,2,231,0.0,0.766722762473826,-0.054162783590971195,11,27.27272727272727,0.5507250559394371,28.613440375841627,9.225465180347703,0.32702131215469554,6,16.666666666666664,0.2538551712617777,15.754287017404556,Basic Materials,Building Materials,81860001792,1.198,7622542,122.46,131.55,76.75,24.443113,120.0,33.52155001216737
1,CRM,2,232,-0.0,-2.9867736432204417,-0.16125709372996705,11,36.36363636363637,0.5261385125705745,32.23360045274916,-3.080066185954078,-1.3271397014070208,8,50.0,0.7451034971340994,11.370001574405174,Technology,Software - Application,217017925632,1.266,8028093,227.96,360.18,218.96,30.394667,73.0,39.41620802613166
1,CRWD,2,233,-0.0,-53.69753328606415,-0.6722589506558267,16,12.5,0.16512112169388435,61.67087947101849,12.109153417129527,0.38663494853875,3,66.66666666666666,0.0,14.468487783183878,Technology,Software - Infrastructure,118282067968,1.029,2345426,469.19,566.9,298.0,0.0,0.0,58.85881944919181
1,CSCO,2,234,-0.0,-9.866833669198893,-0.29841810891815534,12,25.0,0.5175257790837257,23.025192267004318,5.07418028995632,0.12222235792292047,4,50.0,1.3058018022967057,4.167193445808189,Technology,Communication Equipment,311978426368,0.863,21225204,78.96,80.82,52.11,30.486486,208.0,27.284565201581536
1,CSGP,2,235,-0.0,-36.325499241531425,-0.6781933451341575,17,17.647058823529413,0.2795396701798926,45.47601642247154,12.83879568884274,0.3974735009374885,3,66.66666666666666,2.2458435603794893,12.575305569872944,Real Estate,Real Estate Services,27633244160,0.841,5372816,65.2,97.43,57.01,1086.6666,0.0,35.91164934847423
1,CSX,2,236,-0.0,-1.3459206214158304,-0.11661943711583718,12,33.33333333333333,0.9642244695171603,24.325559495345157,-5.498854068290315,-0.9973288771101185,6,50.0,0.9033499657428489,10.37927942039179,Industrials,Railroads,69686673408,1.303,13280322,37.38,38.11,26.22,24.272728,138.0,28.423636890685856
1,DASH,2,237,-0.0,-30.74001013903047,-0.4005314803152135,15,20.0,0.30249895083677836,53.929676545993416,9.967311050064097,0.34565276670788536,4,0.0,0.0,27.954484356280688,Consumer Cyclical,Internet Retail,89070157824,1.702,5394055,206.66,285.5,155.4,104.90356,0.0,70.07300731289519
1,CTAS,2,238,0.0,4.078482572151088,-0.09157001083747843,12,50.0,1.1558056446542964,13.512423545089836,3.049414937014183,-0.1799756849554476,6,66.66666666666666,2.0150307794027755,7.390574961281848,Industrials,Specialty Business Services,76017106944,0.972,2037167,189.16,229.24,180.39,40.85529,94.0,29.648438398452505
1,CVS,3,239,0.0,1.2907516969542732,-0.1239849674207812,12,33.33333333333333,1.0618613289080192,12.890344684921489,-5.4680083870601415,-0.9996980260481605,5,0.0,0.0,11.749461014102435,Healthcare,Healthcare Plans,93976084480,0.484,8023439,74.03,85.15,53.36,194.8158,369.0,26.929498023521397
1,D,3,240,-0.0,-9.176719005819145,-0.8140004856515354,10,20.0,0.5527115112607005,20.411722843721765,-14.266673641346683,-0.7392240973022672,4,0.0,0.0,14.26667364134668,Utilities,Utilities - Regulated Electric,51841073152,0.699,6251409,60.71,62.87,48.07,19.839869,437.0,25.79804771763597
1,DAL,3,241,-0.0,-24.719504534971513,-0.5621742153304683,13,23.076923076923077,0.18431351466074733,44.143965044909294,7.438102655636469,0.26686771958290856,8,25.0,1.3383575791634712,21.292637629001547,Industrials,Airlines,42984538112,1.379,7778888,65.83,73.16,34.74,8.593995,112.99999999999999,46.85084959528937
1,DDOG,3,242,-0.0,-16.777364379516623,-0.14776127251380755,15,26.666666666666668,0.6147756558276446,47.05945894754779,21.470629799736063,0.46978933137368456,7,14.285714285714285,0.4928677755928581,23.342116362131232,Technology,Software - Application,49290280960,1.263,4827267,140.56,201.69,81.63,468.5333,0.0,63.69209041760766
1,DELL,3,243,-0.0,-27.193113567787243,-0.7237745449202511,15,20.0,0.3275829067104438,35.27581841908193,27.669177195509363,0.49388551487328436,4,25.0,5.281961896330763,7.355733920162601,Technology,Computer Hardware,78627889152,1.112,6716301,117.32,168.08,66.25,15.684492,183.0,37.22371088269047
1,DECK,3,244,-0.0,-21.06737758058169,-0.5680079550031205,14,28.57142857142857,0.30033607702442544,31.757323712229717,26.556659366394044,0.4903889897268586,3,33.33333333333333,7.14302257945498,6.47324501081041,Consumer Cyclical,Footwear & Accessories,14481278976,1.15,3277463,97.62,223.98,78.91,14.505201,0.0,42.83466560086593
1,DG,3,245,-0.0,-2.472489408592571,-0.4947813048566351,14,35.714285714285715,0.8469500626233464,15.191209060316362,-3.897927931838563,-1.1698191698830291,4,0.0,0.0,5.548957849311026,Consumer Defensive,Discount Stores,31926038528,0.262,3650077,145.04,154.75,69.32,25.050085,160.0,28.435872740240285
1,DHI,3,246,-0.0,-23.32992776352677,-0.1962292752344703,14,14.285714285714285,0.030435279975443392,50.675751995837864,14.42643078253405,0.41726901890875406,4,50.0,2.637419868615287,10.578290132841328,Consumer Cyclical,Residential Construction,43714420736,1.42,3202545,150.17,184.55,110.44,13.651818,121.0,39.70873654618407
1,DHR,3,247,-0.0,-24.140376514420993,-0.6123632349812576,13,30.76923076923077,0.2048917575026112,28.103545923106406,8.357785008132579,0.30103291064171717,3,66.66666666666666,9.296761538162732,3.433210355851111,Healthcare,Diagnostics & Research,160782221312,0.929,3424813,224.54,242.8,171.0,46.201645,54.0,28.436837207666628
1,DIS,3,248,-0.0,-13.042174221060154,-0.20753659328492116,11,27.27272727272727,0.19326284767036916,32.556615828642,-25.84027845649608,-0.6667224127850032,7,0.0,0.0,27.732302913150484,Communication Services,Entertainment,195596238848,1.442,10904918,109.56,124.69,80.1,15.994161,136.0,33.52380691081606
1,DLR,3,249,-0.0,-23.787188069186016,-0.22624706583302767,15,13.333333333333334,0.17402120568427115,42.55399400391695,1.5005887389106798,-0.9616464038328343,6,0.0,0.0,13.831246143899577,Real Estate,REIT - Specialty,57075281920,1.125,1979462,163.21,182.48,129.95,42.17313,299.0,31.359823283250847
1,DOC,3,250,-0.0,-4.867145693611253,-0.24692661095889384,8,25.0,0.42948007254915294,20.934680679295298,-7.723884136307646,-0.8763450541971723,5,0.0,0.0,13.41017250298025,Real Estate,REIT - Healthcare Facilities,11918389248,1.1,7851021,17.15,21.28,15.71,0.0,689.0,31.79131084555725
1,DRI,3,251,-0.0,-14.99658521540831,-0.31687738679417415,8,25.0,0.2956989513189888,36.13534720855088,-0.3213067059174457,-7.764878678110747,4,50.0,0.8770168901352934,4.967480934159108,Consumer Cyclical,Restaurants,22855653376,0.636,1638778,196.5,228.27,169.0,20.575916,305.0,41.56894050115932
1,DOV,3,252,-0.0,-3.160537540820585,-0.1182014565816123,14,14.285714285714285,0.5544908403425084,30.74561248602011,-19.640340880545047,-0.6949348412092544,9,22.22222222222222,0.07046837653497084,20.861208285996096,Industrials,Specialty Industrial Machinery,28253562880,1.305,1090975,206.0,222.31,143.04,26.788036,100.0,28.53090290269017
1,DVA,3,253,-0.0,-27.75666403749848,-0.29332907969363475,14,21.428571428571427,0.10432127507541324,41.88630510496952,26.242066079742443,0.489346486646709,4,50.0,6.148440806123785,9.570272281743033,Healthcare,Medical Care Facilities,7570419712,0.99,955134,105.88,179.6,101.0,10.926729,0.0,36.49875074338711
1,DXCM,3,254,-0.0,-21.283382417907738,-1.4125235769259292,16,31.25,0.5853853451758002,40.97458514189901,10.945146543563844,0.3663525390480847,2,100.0,0.0,11.831193376096309,Healthcare,Medical Devices,28768509952,1.483,6421240,73.36,93.25,54.11,40.755558,0.0,47.13535827017541
1,EA,3,255,-0.0,-35.65539915050031,-1.2091947130409768,23,26.08695652173913,0.25352136831641636,37.3152256308741,6.912384540338157,0.2432541170902045,4,25.0,2.024237439908247,6.610441702341965,Communication Services,Electronic Gaming & Multimedia,51006644224,0.733,1938140,203.94,204.89,115.3,59.457726,37.0,26.894058862439497
1,EBAY,3,256,-0.0,-4.482638965879482,-0.19368301829591614,16,31.25,0.5447800435233161,30.534977004129438,-10.938444024846284,-0.7884772879422731,6,16.666666666666664,0.052993208948972824,11.631169897008494,Consumer Cyclical,Internet Retail,43492687872,1.348,4673942,95.17,101.15,58.71,21.101994,122.0,33.956023924261395
1,ECL,3,257,-0.0,-28.242752389263615,-0.5443919482842045,17,35.294117647058826,0.4228697127065869,34.0293314671706,7.824082184439574,0.2821845203748434,3,33.33333333333333,1.8646828508713105,6.8469433335725025,Basic Materials,Specialty Chemicals,79829057536,0.999,1356809,281.46,286.04,221.62,40.439655,103.0,30.507008645433714
1,ED,3,258,0.0,4.714392439746629,-0.022675515213745227,11,27.27272727272727,1.3214558617848713,14.477976627729682,-8.442543432379368,-0.8508935556714396,7,28.57142857142857,0.21135812869597298,11.024363120022208,Utilities,Utilities - Regulated Electric,37963206656,0.379,2162470,105.18,114.87,92.29,18.388113,323.0,23.35169175694485
1,EFX,3,259,0.0,3.7311588545655416,-0.03370197048175614,18,33.33333333333333,0.890806348535006,20.099713777804194,-0.9610198121583702,-2.980423595609175,4,25.0,0.9067186903908264,11.807857031675791,Industrials,Consulting Services,25296117760,1.558,1511091,205.33,281.03,199.98,38.888256,96.0,33.63093813233306
1,EG,3,260,0.0,0.42557589557472575,-0.13332450503027993,12,50.0,1.0171630689263131,20.853761242755578,-2.3136081593470026,-1.5755318616206948,4,75.0,0.5193721861804944,10.981975338152271,Financial Services,Insurance - Reinsurance,13639090176,0.369,404690,324.91,370.21,302.44,24.174852,247.00000000000003,30.435382509742375
1,ELV,3,261,0.0,1.7467434901015544,-0.08181488802249794,12,41.66666666666667,1.064459786795236,20.37782989958784,-13.34455275352262,-0.7504097279376069,4,0.0,0.0,16.139627053642755,Healthcare,Healthcare Plans,76977201152,0.518,1544319,341.85,458.75,273.71,13.930318,212.0,31.911340488782532
1,EL,3,262,-0.0,-16.45115277843735,-0.3527261512233453,14,28.57142857142857,0.43857477240015785,28.077878191288193,-35.75877638929291,-0.6419330460614315,6,0.0,0.0,35.758776389292905,Consumer Defensive,Household & Personal Products,41304494080,1.146,3569427,114.62,120.27,48.37,0.0,120.0,35.650124915533816
1,EPAM,3,263,-0.0,-7.849112906616251,-0.221688367019989,8,25.0,0.3240524231695412,39.15825017236062,-25.765099704040516,-0.6669831874894273,6,16.666666666666664,0.06583358712211149,32.969923438923566,Technology,Information Technology Services,12161421312,1.727,872280,218.35,269.0,138.15,33.386852,0.0,57.575417755306916
1,EQIX,3,264,-0.0,-6.508396026761332,-0.21930619788893121,15,26.666666666666668,0.5782431674321119,31.421918692896327,-3.850827585099925,-1.1770657915605343,6,50.0,0.43349927438932784,6.75679006000707,Real Estate,REIT - Specialty,80134569984,1.036,561504,816.15,953.41,701.41,75.2212,231.99999999999997,30.685220051363032
1,EQR,3,265,-0.0,-3.013741798144487,-0.14570918917471706,10,20.0,0.5996590044203309,17.601115383957417,9.734507547736992,0.34011165537855753,2,0.0,0.0,6.258406940734334,Real Estate,REIT - Residential,23912818688,0.756,2463698,60.76,75.86,58.38,19.986841,446.0,29.070960341375812
1,EXE,3,266,-0.0,-26.76706607340671,-1.2232248844855411,12,25.0,0.41523822342590805,36.76115357170644,-4.975849315284253,-1.1334300496672893,5,20.0,0.011554008592122526,10.170097736846909,Energy,Oil & Gas E&P,26117689344,0.449,3384977,109.66,126.621,91.015,35.260452,293.0,40.58281132836116
1,EQT,3,267,-0.0,-6.349021342680938,-0.6596696539358476,15,46.666666666666664,0.8422395088899092,29.228105179347256,9.025239342861834,0.3214677392060817,5,40.0,1.9500099187551894,10.558234356378447,Energy,Oil & Gas E&P,34923003904,0.681,9245088,55.96,62.23,43.57,18.228014,121.0,58.97968128067921
1,ES,3,268,0.0,4.286480981376695,-0.15999433395795046,11,54.54545454545454,1.356628327380466,12.382213736516261,-4.299269855551158,-1.1145114975727752,6,33.33333333333333,0.29115425435800396,7.088381363857249,Utilities,Utilities - Regulated Electric,26225721344,0.772,2606557,69.9,75.25,52.28,19.309393,426.0,26.226561243275086
1,ETN,3,269,-0.0,-8.212379657866931,-0.7319902455927885,11,27.27272727272727,0.6432794204038961,18.333051366999843,15.345436528480594,0.42685594649816394,4,50.0,3.2682617615704777,12.623742654983435,Industrials,Specialty Industrial Machinery,135211679744,1.19,2965344,347.32,399.56,231.85,34.732002,122.0,30.49315835077191
1,EVRG,3,270,-0.0,-8.2047809500565,-1.034912684511205,10,40.0,0.6119991428548133,14.020683230550558,-15.919333434298311,-0.7224192248899244,9,33.33333333333333,0.16644165147496226,18.147839851652584,Utilities,Utilities - Regulated Electric,17645914112,0.646,2095854,76.65,79.32,61.94,21.0,361.0,26.436141956546148
1,EW,3,271,-0.0,-36.277038415657024,-0.5370639249036081,15,20.0,0.14757522403806517,43.179428674321926,-7.071533186218238,-0.9039274082546468,3,33.33333333333333,0.3489078689843997,12.711992519864147,Healthcare,Medical Devices,48060010496,0.955,3657627,81.86,87.89,65.94,35.90351,0.0,33.46052698441261
1,EXPD,3,272,-0.0,-6.39999495005843,-0.34316211917835265,14,28.57142857142857,0.8459665194278577,22.773354685114793,1.6313145813852348,-0.8383184823257757,3,0.0,0.0,12.258598443517112,Industrials,Integrated Freight & Logistics,21724465152,1.136,1455831,160.07,164.48,100.47,26.027643,97.0,26.940946305533153
1,FDS,3,273,-0.0,-1.0963978873431368,-0.01883520177041169,13,38.46153846153847,0.9652977222379824,25.76570639751933,-6.615601567316121,-0.926434332560057,7,28.57142857142857,0.017611014049214762,13.053379946116149,Financial Services,Financial Data & Stock Exchanges,10098143232,0.743,778296,269.86,477.92,250.5,17.166666,164.0,28.42415714128531
1,FDX,3,274,-0.0,-3.9107451554153183,-0.025021322441732934,13,30.76923076923077,0.45928616180102094,34.85252933549157,14.245825523403566,0.41523954608940694,3,33.33333333333333,0.028419021795450163,6.452298308573387,Industrials,Integrated Freight & Logistics,74243383296,1.357,1738591,314.65,318.83,194.3,17.422482,186.0,37.187565705506366
1,FITB,3,275,-0.0,-3.4883643693682798,-0.07045416092015537,9,44.44444444444444,0.7077816375122191,35.247478453992095,-1.5888294674636594,-2.0308738373577917,4,25.0,0.010729279319659626,13.009003273289476,Financial Services,Banks - Regional,32854929408,0.988,7473052,49.69,53.33,32.25,14.076487,315.0,42.29080614151262
1,FISV,3,276,-0.0,-24.238842951515206,-0.6692456990952321,16,31.25,0.28095279968242715,34.23338802831088,4.521186846565262,0.06655495036466869,5,40.0,1.6651264763238378,11.544298416995117,Unknown,Unknown,35306373120,0.0,13054193,64.95,238.59,59.56,10.03864,0.0,30.294232546231875
1,FIS,3,277,-0.0,-34.35922363364742,-0.6419766452773901,12,33.33333333333333,0.21376070443016465,45.887764962537275,-0.25089983183413933,-9.781824659930411,5,0.0,0.0,15.691399665552275,Technology,Information Technology Services,29352452096,0.939,3347618,56.19,83.97,56.02,175.59375,276.0,37.13428677487521
1,FIX,3,278,-0.0,-9.242003482545858,-0.15272205110879847,12,16.666666666666664,0.7327785816965321,26.142777004270332,-9.038304906602901,-0.8328629013283557,8,37.5,0.20652241912086128,16.75376551592158,Industrials,Engineering & Construction,41245782016,1.664,577944,1169.05,1179.0,276.44,49.62012,17.0,39.650003269264566
1,FOX,3,279,0.0,0.6204988557136248,-0.08332845816486698,12,33.33333333333333,0.5943690493310027,20.467619124672698,1.9444543698672767,-0.6103356505967761,4,50.0,1.3855169554653906,6.378427517267987,Communication Services,Entertainment,30274975744,0.505,1447639,64.29,68.175,43.18,14.447192,86.0,32.69323002854967
1,FOXA,3,280,-0.0,-2.8208809797486856,-0.2261565087385441,13,30.76923076923077,0.5434542919462072,22.413203434343732,-4.193929342663982,-1.1280035797414851,4,25.0,0.5772175765690329,14.229557737455712,Communication Services,Entertainment,31582085120,0.505,3384273,71.14,76.39,46.42,15.986517,78.0,33.90407732283043
1,FTNT,3,281,-0.0,-51.520426560508746,-0.5740339596682096,17,17.647058823529413,0.10333623486171294,53.32076188219454,-15.930664066059085,-0.7223160450783268,4,50.0,4.127607368733112,27.84561420361558,Technology,Software - Infrastructure,62895120384,1.069,5944467,82.08,114.82,70.12,33.77778,0.0,45.36182259004249
1,GDDY,3,282,-0.0,-22.845545389656063,-0.3161282506307548,21,33.33333333333333,0.3240718646320899,34.18763496627355,-15.952774480155952,-0.7221151237063888,5,20.0,0.09127146610695613,16.765807232111896,Technology,Software - Infrastructure,14308706304,0.948,1486147,103.35,216.0,102.14,17.849741,0.0,36.856215127447314
1,GE,3,283,-0.0,-9.378604236618903,-0.13723535167571738,12,16.666666666666664,0.2309164314994039,36.239674913859474,33.136617845680675,0.507656944194494,2,50.0,0.0,4.2417422732767145,Industrials,Aerospace & Defense,308511965184,1.403,4842959,292.48,332.79,159.36,36.28784,48.0,38.73689070259146
1,GEN,3,284,-0.0,-2.073698950809555,-0.5100292740841985,10,60.0,0.8668191874762773,12.813442495877073,14.667495592897751,0.41990000359167623,2,100.0,0.0,5.741875153318183,Technology,Software - Infrastructure,15288392704,1.084,4792265,24.79,32.22,22.74,27.241758,198.0,32.607460506264154
1,GL,3,285,-0.0,-9.515672681616527,-1.05014311371695,14,28.57142857142857,0.6300394484184474,19.908516264832016,-1.911779050009721,-1.785335614957884,5,20.0,0.016753471412776718,8.558656415036733,Financial Services,Insurance - Life,11223040000,0.476,508373,138.55,147.83,109.38,10.054427,79.0,29.223508081033255
1,GLW,3,286,-0.0,-34.65528457884921,-0.9653254330339139,16,6.25,0.1129649170223865,38.54860667665223,-0.746390731527391,-3.6714415798261038,5,20.0,1.112334554049574,7.526914401914988,Technology,Electronic Components,89405538304,1.125,6436659,104.28,113.99,37.31,66.84615,102.0,32.06189182789986
1,GM,3,287,-0.0,-11.123026740751484,-0.18788397598925857,10,30.0,0.48619949907305776,35.23750536076621,0.2923220438274532,-7.322844483559361,6,33.33333333333333,1.022333670485313,18.044768639978287,Consumer Cyclical,Auto Manufacturers,79199928320,1.317,9010034,84.9,87.31,41.6,25.963303,83.0,42.4904613878527
1,GNRC,3,288,-0.0,-1.088425956481931,-0.06101263932112356,6,16.666666666666664,0.1618445251974179,28.165074764723364,-18.258250534194953,-0.7038356119355447,6,33.33333333333333,0.3262492120388854,33.02320900465124,Industrials,Specialty Industrial Machinery,10221003776,1.828,1176029,174.17,203.25,99.5,33.3021,0.0,55.27594950661263
1,GOOG,3,289,-0.0,-15.356662915320063,-0.40706031523834496,19,31.57894736842105,0.4551971815908976,30.637913378907893,4.115547313291379,0.01620957490088037,6,33.33333333333333,1.692844999304319,9.190684326926396,Communication Services,Internet Content & Information,4059516108800,1.086,23469367,336.28,341.2,142.66,33.229248,25.0,32.29220108028493
1,GOOGL,3,290,-0.0,-29.89722165254366,-0.5666113556083417,20,20.0,0.1866628816655476,42.78613004998155,-2.011594447531029,-1.725395333438533,7,28.57142857142857,1.081558857399612,8.348574807919054,Communication Services,Internet Content & Information,4069794250752,1.086,36303080,336.01,340.49,140.53,33.13708,25.0,32.33723175888076
1,GPN,3,291,-0.0,-18.709425757568077,-0.41870636149626944,12,25.0,0.3222090147212862,30.709709897656232,0.25925464425389233,-8.330498164556737,7,0.0,0.0,15.145466834735531,Industrials,Specialty Business Services,20163645440,0.798,2800240,72.01,114.17,65.93,10.927162,136.0,37.790490281912
1,GRMN,3,292,-0.0,-31.408215760790938,-0.7985957427970889,18,16.666666666666664,0.06683729697146717,35.43091194125914,-6.337915429914798,-0.9417289205452737,7,14.285714285714285,0.4241072044596744,7.067992816950227,Technology,Scientific & Technical Instruments,39361163264,1.013,1073514,204.48,261.69,169.26,25.213318,176.0,27.58273233331434
1,GS,3,293,-0.0,-15.810076567039665,-0.9343438657710114,12,33.33333333333333,0.44858738148193983,29.52631280342718,0.2428205448112397,-8.93338152887035,5,0.0,0.0,10.466840430752585,Financial Services,Capital Markets,283592130560,1.322,2167380,936.81,984.7,439.38,18.254288,194.0,31.400720912508227
1,HOOD,3,294,-0.0,-14.66346583235456,-0.19717390604923446,10,10.0,0.28230437855420054,41.153060977912055,0.02547945392319395,-82.54900812434548,6,0.0,0.0,25.404740768022926,Financial Services,Capital Markets,92976128000,2.447,24942668,103.4,153.86,29.66,43.083332,0.0,82.57953850959883
1,HAS,3,295,-0.0,-30.16208948538388,-0.6494564743061338,12,16.666666666666664,0.07886633645889056,32.77139168134398,0.2945817721362154,-7.262242316636193,3,33.33333333333333,0.5612164992793155,5.459987323976081,Consumer Cyclical,Leisure,12612790272,0.543,1719372,89.875,90.47,49.0,0.0,312.0,35.7765906283997
1,HBAN,3,296,-0.0,-22.882749625565978,-0.6508663120348886,12,16.666666666666664,0.20016851104956002,32.41326351964944,2.3587541630224695,-0.40172636073745227,5,20.0,0.04408468368614684,11.153658713550588,Financial Services,Banks - Regional,26866141184,0.966,26997483,17.06,18.91,11.92,12.273381,356.0,39.61364310121348
1,HCA,3,297,0.0,4.297874779020483,-0.05055714261518914,8,37.5,1.2604826601018582,23.09068581700376,16.88282838395152,0.44056032948060303,3,66.66666666666666,10.819863521525889,5.216031262653229,Healthcare,Medical Care Facilities,114944630784,1.368,1250685,491.23,527.55,295.0,17.33957,62.0,37.45902627289872
1,HIG,3,298,-0.0,-12.441252822879555,-0.552397538037807,10,40.0,0.4794430361359766,21.822476383506384,-1.9480673855252317,-1.7628334274818382,3,33.33333333333333,0.5090270910852961,5.442281565371796,Financial Services,Insurance - Diversified,36443901952,0.613,1478601,130.67,140.5,105.98,10.693126,184.0,34.67166300852971
1,HOLX,3,299,-0.0,-1.268410151210797,-0.13276987920041214,12,33.33333333333333,0.574573237494675,18.028500698308537,0.7079519158172731,-2.6847372047774285,2,50.0,1.3061372398843272,6.292204601098284,Healthcare,Medical Instruments & Supplies,16765692928,0.697,2927890,75.1,75.36,51.9,30.160643,0.0,29.384293224874565
1,HON,3,300,-0.0,-6.9142921744273504,-0.23494490437028476,15,33.33333333333333,0.7875597042338459,23.653161534076148,-0.9446552234031347,-3.0220528649566325,4,50.0,0.8493555980256579,6.694973439137075,Industrials,Conglomerates,145987125248,0.942,4214801,216.64,227.82281,169.04807,22.852322,206.99999999999997,26.180519203454622
1,HRL,3,301,0.0,0.7281351877918674,-0.5709266676587399,11,36.36363636363637,1.0757189033086978,13.60822516378552,-0.47438693628782946,-5.44553044048612,4,25.0,0.30617280593299007,7.322569914205826,Consumer Defensive,Packaged Foods,13532639232,0.324,5107319,24.6,32.07,21.03,28.275862,463.99999999999994,21.97826709251862
1,HSY,3,302,-0.0,-1.9746134909474078,-2.1974052208053974,11,45.45454545454545,0.8864857232777187,12.769262779876996,6.455194016295618,0.21959168425343206,4,50.0,2.1487654488135846,7.7719554928546275,Consumer Defensive,Confectioners,38934740992,0.175,1781590,192.0,201.86,140.13,28.69955,286.0,21.763277257062953
1,HUBB,3,303,-0.0,-11.78458231032008,-0.7264068552950058,18,33.33333333333333,0.6247853907540375,20.53057162693423,9.794716585580776,0.34156998329975385,3,66.66666666666666,2.420158995496638,10.92925395252919,Industrials,Electrical Equipment & Parts,25814001664,1.019,503681,485.73,497.95,299.425,30.396122,117.0,30.03542449694049
1,HST,3,304,-0.0,-7.4714800020563406,-0.31239424303312435,13,46.15384615384615,0.5170691694106322,31.71304743460907,-15.740271037216335,-0.7240695392262186,5,0.0,0.0,15.740271037216333,Real Estate,REIT - Hotel & Motel,12844869632,1.197,7975622,18.44,19.3,12.22,17.396229,430.99999999999994,41.3675587389318
1,HUM,3,305,-0.0,-16.0057509761095,-0.5586863802482023,11,45.45454545454545,0.47715921479541706,26.603552514911158,-7.218561211554531,-0.8972756683206765,6,0.0,0.0,13.920358276593612,Healthcare,Healthcare Plans,23334178816,0.456,1556619,194.01,315.35,191.39,18.148737,170.0,32.252202593937454
1,IBM,3,306,-0.0,-15.840094987919251,-0.7716740982254194,16,25.0,0.4397469537201716,23.28516015324034,4.97131788172267,0.11280522666696832,4,25.0,0.5818068627415249,7.7016185141552755,Technology,Information Technology Services,274961727488,0.698,4134104,294.16,324.9,214.5,35.01905,229.0,25.43142527334547
1,IDXX,3,307,-0.0,-20.671642012786883,-0.38662987551391714,16,12.5,0.27506212948170644,34.27702838734117,-7.206450387390118,-0.8978133200141353,5,20.0,0.47335967146784996,16.408292908703903,Healthcare,Diagnostics & Research,55022428160,1.672,557863,687.74,769.98,356.14,54.40981,0.0,35.14909585302396
1,ICE,3,308,0.0,1.0199930568038251,-0.47890008014657737,15,20.0,0.9024549483732206,19.099736406919195,5.204039874477595,0.13357944258919868,3,33.33333333333333,1.0190958475602696,4.385354401448959,Financial Services,Financial Data & Stock Exchanges,98708643840,1.035,3444724,172.44,189.35,143.17,31.409838,111.00000000000001,24.82198566968027
1,IFF,3,309,-0.0,-30.61964248794319,-0.5016738122116202,18,22.22222222222222,0.35539240483287027,47.49056120954537,-2.877091098625384,-1.3800363842945282,2,0.0,0.0,12.280042291732638,Basic Materials,Specialty Chemicals,18493677568,1.056,2175601,72.16,88.0,59.14,0.0,219.0,33.68831396421978
1,IEX,3,310,-0.0,-7.647632148251448,-0.4937685494972178,14,21.428571428571427,0.7213712163838372,20.38408984475189,-0.5555069577399041,-4.734635870353595,5,0.0,0.0,7.270601037985961,Industrials,Specialty Industrial Machinery,14786422784,0.995,638721,196.4,226.05,153.36,31.125198,146.0,25.553155573824426
1,INTC,3,311,-0.0,-33.40417939670798,-0.8949737480084289,12,8.333333333333332,0.1283327524623137,41.012528952322675,24.827279307995752,0.484331575996983,5,40.0,5.321472608465372,9.569038135205023,Technology,Semiconductors,243664797696,1.354,96443421,48.78,54.6,17.67,0.0,0.0,38.07909520419649
1,IP,3,312,-0.0,-10.136900425523576,-0.38959570948264083,13,23.076923076923077,0.25715052207849143,25.428438997781782,-4.099444588949952,-1.1406951386344997,7,0.0,0.0,15.889781598379887,Consumer Cyclical,Packaging & Containers,21908310016,1.06,5460614,41.49,58.98,35.56,0.0,438.0,31.956782900185853
1,IQV,3,313,0.0,0.2700382754821318,-0.0313459715253381,11,27.27272727272727,0.4011342740126967,22.760454902754255,-7.388108501708979,-0.8899338047758054,5,0.0,0.0,17.265296875549303,Healthcare,Diagnostics & Research,40831127552,1.367,1352650,239.76,247.05,134.65,32.934063,0.0,32.48227001564001
1,ISRG,3,314,-0.0,-21.381787396743757,-0.9475414900533831,15,26.666666666666668,0.45167523054543146,29.675372480629502,36.477875202301014,0.5140406311158372,1,100.0,0.0,8.40575943105182,Healthcare,Medical Instruments & Supplies,187139063808,1.672,1841126,522.04,609.08,425.0,66.248726,0.0,36.02137489367877
1,IT,3,315,-0.0,-15.974253950103734,-0.3486958269672168,17,23.52941176470588,0.5509478537243081,34.69926344152012,2.736922947631837,-0.26644443053209954,4,50.0,1.4901920514706466,6.19756329736725,Technology,Information Technology Services,17114773504,1.069,955508,225.98,584.01,221.16,19.719023,0.0,34.449472462359346
1,ITW,3,316,0.0,1.7932036087863867,-0.04648622208749168,16,25.0,0.8743236885625394,24.55753397922599,-2.7681037488246907,-1.4116401969927488,7,14.285714285714285,0.7795832441524332,12.685631660594044,Industrials,Specialty Industrial Machinery,75279876096,1.167,1210993,258.25,278.13,214.66,25.024225,249.00000000000003,25.984449651307923
1,IVZ,3,317,-0.0,-25.988872527956165,-1.1823559591379078,12,16.666666666666664,0.43399580325819914,37.427119891180595,0.03862378065677685,-59.21485643580838,4,50.0,1.0052903526610377,10.315302938158364,Financial Services,Asset Management,12266760192,1.626,5177198,27.56,29.61,11.6,0.0,309.0,44.986241748577676
1,J,3,318,-0.0,-21.864032802581534,-1.2530638287335722,17,17.647058823529413,0.3693737324059014,27.163945271355114,6.553470310780529,0.22495665676118223,5,40.0,0.5177870634371119,5.9070918416248785,Industrials,Engineering & Construction,16233010176,0.795,979373,136.7,168.44,105.178215,52.984497,94.0,28.364075778310827
1,JCI,3,319,-0.0,-9.743184317931608,-0.24028289524122418,12,25.0,0.6689575297520475,29.114414904822087,-13.273997056657972,-0.751329596358465,5,20.0,0.1804862645780326,20.027100631884558,Industrials,Building Products & Equipment,71452606464,1.424,5434318,116.74,124.07,68.03,44.38783,137.0,29.443007683727124
1,JKHY,3,320,-0.0,-15.745932659977536,-0.9603601538279393,14,28.57142857142857,0.4151084262600272,17.407644585131727,1.4697297978775392,-0.9939596954675166,5,20.0,0.8270442886207967,8.844941557208905,Technology,Information Technology Services,13065929728,0.731,811385,179.81,196.0,144.12,27.28528,130.0,27.075898506931367
1,JBL,3,321,-0.0,-12.000437926671948,-0.10143430354418194,11,27.27272727272727,0.24589224184787087,36.436137175453304,26.255378723659483,0.48939110847573225,4,25.0,4.582764697964944,8.2359119723441,Technology,Electronic Components,26024208384,1.246,1223163,243.62,258.05,108.66,38.065624,13.0,37.48682764693144
1,JNJ,3,322,-0.0,-6.487017927788596,-0.5509713235778861,11,36.36363636363637,0.7079858002646194,21.679137340150767,5.3781011796717015,0.1479420078709945,4,50.0,15.234727455577275,4.126215648430829,Healthcare,Drug Manufacturers - General,548644683776,0.333,8830849,227.72,228.57,141.5,20.664246,231.99999999999997,19.01193633807393
1,KDP,3,323,-0.0,-4.623285525711484,-1.2164987249587025,10,40.0,0.7325389981824493,14.28687625360045,-1.227917791146138,-2.458095945659474,5,20.0,0.20083733702403317,6.78591762205156,Consumer Defensive,Beverages - Non-Alcoholic,36287754240,0.349,14274593,26.71,36.12,25.03,23.025862,333.0,23.0349386999834
1,JPM,3,324,-0.0,-28.212069247207104,-0.681704854234048,14,14.285714285714285,0.2054951479526345,35.45614079481707,8.345146833472072,0.3006144462205698,5,40.0,0.9814124833800412,7.041632502523499,Financial Services,Banks - Diversified,818774802432,1.066,9753598,300.77,337.25,202.16,15.015975,200.0,30.882732810959094
1,KEYS,3,325,-0.0,-5.958231251434409,-0.13014340394247526,17,35.294117647058826,0.8420715718374091,25.361730568859112,-13.056532607147197,-0.7542273273064438,5,20.0,0.3741284984860664,22.24294167821476,Technology,Scientific & Technical Instruments,38057492480,1.179,1210836,221.5,221.59,121.43,44.211575,0.0,32.08617948406274
1,KHC,3,326,0.0,0.5566897070552024,-0.24753901142281037,11,36.36363636363637,1.047087024690835,12.94906819168042,-3.0381722579397863,-1.3374786887429437,4,25.0,0.18410518587774602,7.573696805550963,Consumer Defensive,Packaged Foods,27448973312,0.065,16132760,23.19,33.35,21.985,0.0,675.0,27.81414114315277
1,KLAC,3,327,0.0,3.1178850534248737,-0.009066770365201728,14,35.714285714285715,1.0737516211138936,26.170988897133263,-5.946081596956865,-0.9657406804380065,7,14.285714285714285,0.781364543945547,14.71642437831207,Technology,Semiconductor Equipment & Materials,214277062656,1.444,1027398,1627.2,1650.0,551.33,51.105526,47.0,44.83843625095523
1,KMB,3,328,0.0,0.9162383425983078,-0.3921181551978089,11,54.54545454545454,1.0474699386358481,17.20152305333512,3.48076372935735,-0.08612512193808157,3,33.33333333333333,1.8695072268931807,9.926503214670845,Consumer Defensive,Household & Personal Products,33036642304,0.276,6761808,99.54,150.45,96.26,20.481482,509.0,21.071601334219178
1,KO,3,329,-0.0,-3.7119527316329948,-0.446656208690302,11,18.181818181818183,0.9085342460416742,21.573745020808747,4.300279687679143,0.04031518205907522,5,40.0,3.4882384530162334,3.5338531700897193,Consumer Defensive,Beverages - Non-Alcoholic,314425901056,0.387,16693840,73.06,74.38,62.35,24.192053,277.0,20.1912842497625
1,KR,3,330,-0.0,-33.24429186033375,-0.8987074110152833,14,28.57142857142857,0.16668675229237018,39.80822562979618,2.813442414944345,-0.24349506409017035,5,60.0,1.0846701866796453,5.862505027828654,Consumer Defensive,Grocery Stores,40966766592,0.6,6702236,61.82,74.9,58.6,54.707966,225.0,29.945735487564235
1,L,3,331,0.0,4.331676898157477,-0.015131808793054561,8,37.5,1.121425609677585,12.932113719436472,4.685801602036177,0.08449946736417638,3,0.0,0.0,5.798625956336024,Financial Services,Insurance - Property & Casualty,21325508608,0.609,794263,102.81,109.06,78.98,14.9,24.0,30.131529024772018
1,LDOS,3,332,-0.0,-5.163222025270131,-1.169775065492316,11,18.181818181818183,0.8260772721216252,20.551164783463758,2.599932056473464,-0.3109041261544457,4,0.0,0.0,16.905052124291217,Technology,Information Technology Services,24090390528,0.592,860004,187.77,205.77,123.62,17.5486,92.0,28.792392357036462
1,LEN,3,333,-0.0,-22.085122284089742,-0.2293418022545131,12,16.666666666666664,0.22768537933839386,42.19876018820838,6.303470610238704,0.21098049933500734,4,50.0,2.5265630099352214,8.662878302222031,Consumer Cyclical,Residential Construction,27361910784,1.434,5968700,110.79,144.24,98.42,13.883459,182.0,42.28930507932469
1,LH,3,334,-0.0,-5.3651593974284655,-0.20269268625591474,16,18.75,0.6065610507061214,21.1714865987565,7.630042851472418,0.27467817131106076,3,33.33333333333333,2.718238177862593,5.3142820676750855,Healthcare,Diagnostics & Research,22274123776,0.97,842221,268.04,293.72,209.38,26.304222,106.0,29.54563946755479
1,LHX,3,335,-0.0,-23.7691372195861,-0.976131468230905,14,14.285714285714285,0.36562018116553857,28.480127741603916,-3.1211300197701575,-1.3172749317733945,4,25.0,0.5966096872481442,9.359592601908581,Industrials,Aerospace & Defense,67410255872,0.66,1338160,360.3,362.42,193.09,38.741932,139.0,27.660087673424012
1,LII,3,336,0.0,4.594816076523767,-0.12530073080682366,12,25.0,0.917990556473602,18.391676346791233,13.622387263218027,0.4078204333293469,6,16.666666666666664,0.5182948757672233,15.063642957526826,Industrials,Building Products & Equipment,17122735104,1.183,435955,487.49,689.44,443.19,20.57788,104.0,31.35099007704279
1,LNT,3,337,-0.0,-5.01457648576441,-0.6292941618809942,12,25.0,0.7435536497121588,12.195267171408904,-2.070400472984024,-1.692787165042926,3,33.33333333333333,0.3326900349335142,7.809907562802929,Utilities,Utilities - Regulated Electric,17032378368,0.671,2039093,66.26,69.75,57.09,20.836477,306.0,24.143191627213014
1,LOW,3,338,0.0,1.3203137363695605,-0.02177426388022325,11,45.45454545454545,1.0664347153278788,19.425651630341736,1.7590419076016994,-0.7355241238412785,4,50.0,1.3163675657576521,5.825172880661393,Consumer Cyclical,Home Improvement Retail,151131553792,0.957,3043962,269.42,281.36,206.39,22.302982,175.0,32.296772563482506
1,LUV,3,339,-0.0,-34.361885990034416,-0.7530165086855409,14,21.428571428571427,0.27618015261296136,45.10708836576123,5.452822948490188,0.15382632598183343,3,33.33333333333333,1.715117744414936,15.128351984131262,Industrials,Airlines,21459169280,1.152,9064109,40.86,45.02,23.82,64.85715,174.0,38.9463410154636
1,LULU,3,340,-0.0,-11.913019884490971,-0.863896651408637,16,31.25,0.6734183683767796,20.93145063889787,10.433253776947037,0.3560002353333346,5,40.0,4.243965598075328,8.327595598725484,Consumer Cyclical,Apparel Retail,21387554816,1.016,4038413,180.35,423.32,159.25,12.53301,0.0,40.54638565026212
1,LVS,3,341,-0.0,-50.42688506471848,-0.5017522439987944,21,14.285714285714285,0.17491052774489885,68.27154817787293,-11.14227555936701,-0.7846150298261596,8,37.5,0.39283848587690123,20.388829149197246,Consumer Cyclical,Resorts & Casinos,42052149248,0.964,5466327,61.26,70.45,30.18,27.594593,166.0,46.5227579745565
1,LYB,3,342,-0.0,-17.73881424292193,-0.3413792455963493,14,7.142857142857142,0.2815579362361542,29.151784238288364,-4.476654373470524,-1.0932268332693635,7,28.57142857142857,0.19455884895969514,10.26384279527629,Basic Materials,Specialty Chemicals,16244928512,0.739,5611485,50.47,79.1,41.58,0.0,1087.0,39.05674024472726
1,LW,3,343,0.0,3.192193475190419,-0.034302695268840624,8,12.5,0.5565774997081985,27.278707101383194,2.303229803450124,-0.4253291305381551,3,66.66666666666666,1.341242768240012,11.224342778933261,Consumer Defensive,Packaged Foods,6336357376,0.442,2512837,45.47,67.07,39.79,16.474638,337.0,34.43527008320027
1,MA,3,344,-0.0,-18.534930676100323,-0.7979877164884581,13,30.76923076923077,0.46903701982094476,32.55898240053162,8.118717011272114,0.292896324859246,3,33.33333333333333,7.410870298405466,6.555369462851501,Financial Services,Credit Services,471324655616,0.857,3142240,521.37,601.77,465.59,33.293102,67.0,31.49589933190263
1,MAA,3,345,0.0,1.8936277425235737,-0.0006655152970656841,12,16.666666666666664,0.8220550712841261,19.28084377688798,-10.388741042450022,-0.7996487235761515,5,0.0,0.0,11.27474284154325,Real Estate,REIT - Residential,15899360256,0.771,1058965,132.46,173.38,125.75,28.063562,454.0,27.25991430764579
1,MAR,3,346,-0.0,-10.647602855459304,-0.10640940058882876,11,18.181818181818183,0.4765600893225424,37.11887617938169,7.815374742662073,0.2818556636460051,6,50.0,0.3750968123434923,11.33097326652698,Consumer Cyclical,Lodging,84713848832,1.157,1580449,312.07,331.09,205.4,32.918777,85.0,38.72971741406588
1,MAS,3,347,-0.0,-23.33656123667396,-0.2864259618841586,17,17.647058823529413,0.3046706950926361,36.917972184831996,-1.5527319919682148,-2.0646649433924487,5,40.0,0.9462995060136559,9.408857986892954,Industrials,Building Products & Equipment,13918494720,1.277,2482983,66.48,81.45,56.55,17.002558,185.0,31.103519879476497
1,MCHP,3,348,-0.0,-0.6502949782978384,-0.04520474456195478,12,33.33333333333333,0.6692195335032,29.15858894277122,-16.361957354045632,-0.7184948172890308,7,0.0,0.0,25.70002658975302,Technology,Semiconductors,43387072512,1.445,8851244,80.28,81.4299,34.13,0.0,242.0,43.104083575746905
1,MDLZ,3,349,-0.0,-6.487077645887074,-0.8588988991947248,11,45.45454545454545,0.7567180430339812,20.913177169738134,10.134716732395521,0.34947995591520264,4,50.0,14.712766486094514,5.188061993377618,Consumer Defensive,Confectioners,74699472896,0.402,11071770,57.73,71.15,51.2,21.621721,339.0,20.87822459741877
1,MDT,3,350,-0.0,-29.107789276850948,-0.9289175622516016,16,12.5,0.17515351601352744,35.08698892580608,-4.2936260432264834,-1.1152175761018703,4,25.0,0.6354199155291059,10.81453202098287,Healthcare,Medical Devices,129274871808,0.729,7150095,100.79,106.33,79.55,27.314363,282.0,25.879044601158935
1,META,3,351,-0.0,-28.50034069335021,-0.07298535894448054,18,11.11111111111111,0.08958275786984261,59.28248809071773,64.70221977273454,0.5416575049402655,2,0.0,0.0,7.525589525107388,Communication Services,Internet Content & Information,1685552365568,1.287,19329204,668.73,796.25,479.8,29.576735,31.0,46.997540486367114
1,MGM,3,352,-0.0,-9.077818778394942,-0.09930216873751171,13,30.76923076923077,0.5235245567329588,37.54135019869006,7.495250171638501,0.26923499299816306,4,25.0,0.29132908953195763,13.808795416091586,Consumer Cyclical,Resorts & Casinos,8957335552,1.461,4614703,32.75,41.32,25.3,163.75,0.0,52.23984786800444
1,MKC,3,353,-0.0,-3.0069480685962824,-0.18826317073879814,13,23.076923076923077,0.903023616428991,20.841735066958293,13.07256746745522,0.4006901691359929,5,20.0,4.2083324086869185,7.3013806826062995,Consumer Defensive,Packaged Foods,16605589504,0.617,3163911,61.86,86.24,59.62,21.112627,303.0,25.008538214892695
1,MMC,3,354,-0.0,-24.586418607502335,-0.42812923657427426,19,21.052631578947366,0.2952015494210319,32.098713591532174,11.490335876717728,0.37636388362730944,2,50.0,0.0,4.4584346878959265,Financial Services,Insurance Brokers,89819709440,0.752,2732934,182.7,248.0,174.175,21.932774,1.97,23.203817921198265
1,MMM,3,355,-0.0,-18.917907077983532,-1.1373698225399074,13,23.076923076923077,0.4680940762515538,21.972485583531522,-4.287951636821818,-1.1159293559794683,5,0.0,0.0,9.717049857183866,Industrials,Conglomerates,82839232512,1.159,3122275,155.94,174.69,121.98,25.946754,185.0,26.661233527904855
1,MNST,3,356,-0.0,-9.363801021369966,-0.31826841860469096,18,38.88888888888889,0.7564630960976679,22.82850240518768,-2.517766527053844,-1.4945922183312892,6,33.33333333333333,1.0788752062176405,12.520154862865311,Consumer Defensive,Beverages - Non-Alcoholic,79060549632,0.46,5640506,80.92,83.24,45.7,45.977272,0.0,26.332204406116748
1,MO,3,357,-0.0,-4.199134642388103,-0.586144388352684,14,42.857142857142854,0.8653998218765636,17.12097478537819,1.9189435871227678,-0.6261249617947215,4,75.0,3.3256716699169284,5.141512718888872,Consumer Defensive,Tobacco,106051518464,0.501,9591060,63.13,68.6,50.08,12.04771,666.0,24.568166213750093
1,MRNA,4,358,-0.0,-30.98744514894105,-0.7192394052027175,14,28.57142857142857,0.5153415269719199,53.81356768513327,-10.566424866455094,-0.7959105775196542,3,0.0,0.0,13.264630141169677,Healthcare,Biotechnology,17700233216,1.174,12472445,45.3,55.2,22.28,0.0,0.0,75.10715800393139
1,MS,4,359,-0.0,-3.9155737319168993,-0.1686287455585415,13,23.076923076923077,0.3913885258566857,26.363639427269984,-3.0787705666800336,-1.3274552304855332,5,20.0,0.14539672531293726,9.281196491003694,Financial Services,Capital Markets,289794654208,1.197,5838414,182.34,192.68,94.33,17.858961,219.0,33.85836463548992
1,MSCI,4,360,-0.0,-15.34305946745369,-0.6324445225569346,16,37.5,0.47731992414610036,20.05514488015175,-2.5999955437277067,-1.4655829749455112,7,0.0,0.0,12.234122808814384,Financial Services,Financial Data & Stock Exchanges,47569559552,1.303,585037,614.87,620.99,486.74,38.989853,124.0,36.11967677970743
1,MSFT,4,361,-0.0,-14.136656803560676,-0.25110012822499733,14,21.428571428571427,0.4001501271064195,30.014155742113722,20.860479864983184,0.4666432724328008,3,33.33333333333333,55.99551336598409,5.329675761017211,Technology,Software - Infrastructure,3580035858432,1.073,25357331,481.63,555.45,344.79,34.206676,76.0,30.565958916378218
1,MTCH,4,362,-0.0,-27.913462194835546,-0.41512967678310614,14,21.428571428571427,0.11757618896052054,40.00062573548216,9.951705764873054,0.34528944149613694,3,0.0,0.0,14.594404159443348,Communication Services,Internet Content & Information,7547113472,1.334,3586585,31.365,39.2,26.39,14.656541,240.0,51.31126710209143
1,MU,4,363,-0.0,-7.721753930554676,-0.01804165650710886,12,25.0,0.5961160870923001,39.97935408200615,-0.26056589644974926,-9.440371517267186,7,28.57142857142857,0.43369638669087474,19.884274290536588,Technology,Semiconductors,489911648256,1.503,29246086,435.28,438.94,61.54,41.45524,11.0,44.75649852974089
1,NDAQ,4,364,-0.0,-17.75587986342889,-0.8279546293273695,17,35.294117647058826,0.5245971027267436,23.415824629426115,-10.066745188175009,-0.8067591827549819,5,20.0,0.04656858876985722,13.710981947569156,Financial Services,Financial Data & Stock Exchanges,56639328256,1.019,3180714,98.71,101.79,64.84,35.25357,110.00000000000001,27.195308542048817
1,NDSN,4,365,-0.0,-22.24842574660323,-0.5914755144604323,18,33.33333333333333,0.4375857662542157,32.584580753570066,3.439922303990728,-0.09400241632868354,4,25.0,2.283789090428452,7.300765335631452,Industrials,Specialty Industrial Machinery,15180647424,1.025,426867,271.94,275.43,165.03,31.99294,120.0,29.877528959005094
1,NEM,4,366,-0.0,-11.671582448088902,-0.96184183312746,12,8.333333333333332,0.2630983230708393,35.43716345236183,-7.295987692057315,-0.8938805560036518,3,33.33333333333333,0.21232653569166424,18.44971639753304,Basic Materials,Gold,144940433408,0.422,9201432,131.95,132.4,40.99,20.520996,79.0,34.49688701481298
1,NFLX,4,367,-0.0,-27.237028957435626,-0.17343293239700597,18,27.77777777777778,0.3829063611827302,49.79954660484411,28.99474789880181,0.4977013243248925,4,50.0,5.990404227212598,11.097541802394739,Communication Services,Entertainment,359033536512,1.711,46130342,84.64,134.115,81.93,33.454544,0.0,48.72900395863636
1,NKE,4,368,-0.0,-9.47219576724343,-0.23880738940666893,12,16.666666666666664,0.4729293024978292,32.8322076132823,-9.920854867286344,-0.8101327367946777,5,0.0,0.0,13.114926645292439,Consumer Cyclical,Footwear & Accessories,92139061248,1.284,18478600,62.24,82.44,52.28,36.39766,260.0,33.822067167303025
1,NOW,4,369,-0.0,-38.871978989990254,-0.34282046729001087,18,16.666666666666664,0.17832252772235993,51.971718865969486,23.79892379826356,0.4803122225815264,4,75.0,10.950865040148331,8.448122077939258,Technology,Software - Application,136767627264,0.979,10109559,129.62,234.078,123.78,78.55757,0.0,44.00852099371296
1,NRG,4,370,-0.0,-15.48994680457858,-0.4665868658517575,15,26.666666666666668,0.46959378434908505,29.68091454129841,-14.920964271665692,-0.7321258610824342,8,37.5,0.45609573081437943,25.20325752726905,Utilities,Utilities - Independent Power Producers,30003050496,1.242,1938160,155.11,180.54,79.57,23.18535,122.0,36.26954039907685
1,NOC,4,371,-0.0,-12.568704040481549,-0.9388550065341449,21,33.33333333333333,0.5730461833669731,26.390707470945596,-6.1109058525627535,-0.9552649568770499,7,28.57142857142857,0.2710581490438075,8.602864746914653,Industrials,Aerospace & Defense,98352676864,0.049,834929,689.13,690.73,426.24,23.722204,136.0,27.59137143084401
1,NSC,4,372,-0.0,-15.356540137452445,-0.4445278469115431,12,25.0,0.6116339389396988,26.09719149072644,0.09390274907192797,-24.01619038412545,4,50.0,1.0151519273066631,7.772019321547623,Industrials,Railroads,63831261184,1.327,1249463,284.47,302.24,201.63,21.682165,187.0,29.359631065926127
1,NTAP,4,373,-0.0,-29.29025398020617,-0.5969416227917154,13,30.76923076923077,0.3678822254261011,40.30588748146223,10.72612421019179,0.36204406617510637,4,50.0,2.2032483998617822,9.756361580280027,Technology,Software - Infrastructure,19828094976,1.374,2136540,99.33,127.78,71.84,17.304878,208.0,35.1337265023505
1,NVR,4,374,-0.0,-13.431648157714804,-0.39524633575916585,15,13.333333333333334,0.12036563347318557,23.3899994844257,8.859296028808593,0.3166748081542555,3,66.66666666666666,0.0,3.308138389769641,Consumer Cyclical,Residential Construction,21071652864,1.013,24411,7626.08,8618.28,6562.85,16.779423,0.0,35.52680613038104
1,NWS,4,375,-0.0,-7.64026624793458,-0.8888027728772578,15,40.0,0.6967132772655455,20.425376125679115,1.516992881439183,-0.9450043212732894,4,50.0,0.6012432910599377,11.043074883374231,Communication Services,Entertainment,17013713920,0.974,916581,30.61,35.58,26.25,36.87952,65.0,34.374245381512864
1,NTRS,4,376,-0.0,-16.949600814603873,-0.44805254886741286,11,27.27272727272727,0.21970194576362628,30.985559592684435,-4.390775273079894,-1.103316854388732,5,20.0,0.166034836467394,9.214226442681344,Financial Services,Asset Management,28414885888,1.285,975911,150.25,157.6,81.62,17.191076,210.0,34.677232940912546
1,NXPI,4,377,-0.0,-11.786341577700842,-0.23871606763730888,10,20.0,0.2418753212399413,29.949922003747023,12.136147218277294,0.38705914670880265,6,16.666666666666664,0.08401339082673186,14.767030334497683,Technology,Semiconductors,60515065856,1.466,2820211,240.03,255.45,148.09,29.633331,177.0,42.90495392703791
1,O,4,378,-0.0,-1.0504998522711917,-0.282444697743772,10,40.0,0.5436949546085644,14.640953680828849,-7.388422533877293,-0.889920518951259,6,16.666666666666664,0.06271961189945319,8.290743077987324,Real Estate,REIT - Retail,55150616576,0.807,6502259,60.07,61.95,50.71,56.140182,532.0,28.69542416121088
1,ORLY,4,379,-0.0,-0.29721086674880937,-0.12222134082285377,15,40.0,0.9879248008407554,20.504800130721897,13.214742559177385,0.40259082409134267,3,66.66666666666666,22.966826788109348,5.476274986781334,Consumer Cyclical,Auto Parts,85762301952,0.631,5546652,101.37,108.72,85.04467,35.197918,0.0,27.09826611930261
1,PAYC,4,380,-0.0,-43.21029238553192,-0.3890135832080153,19,21.052631578947366,0.24056682831130038,53.578861781536695,-2.708746923238492,-1.429922008891856,2,0.0,0.0,20.597883399886,Technology,Software - Application,7856232960,0.824,837619,139.65,267.76,139.43,17.347824,105.0,48.66396132909063
1,PANW,4,381,-0.0,-31.063050170173668,-0.21539278265307152,16,31.25,0.3392531265368601,49.45236647371803,33.557491721336376,0.5085310291839685,4,75.0,14.354952878872233,12.476924764238307,Technology,Software - Infrastructure,125674987520,0.754,5877893,183.74,223.61,144.15,116.29114,0.0,40.4897028943637
1,PEG,4,382,-0.0,-0.6895749293841957,-0.5969009599036574,10,50.0,0.9909526721668377,15.390451491217702,-6.23287189377244,-0.9478698492673004,6,16.666666666666664,0.3614754314754425,7.751954111755328,Utilities,Utilities - Regulated Electric,40656089088,0.613,2895354,81.45,91.26,74.67,19.579327,313.0,24.223076179502844
1,PEP,4,383,-0.0,-0.6712883153570104,-0.21234979485109648,11,45.45454545454545,0.9518611222645559,12.813437062385598,7.488174719766594,0.2689438599932216,5,60.0,9.814076903041954,3.4687742203518335,Consumer Defensive,Beverages - Non-Alcoholic,203307974656,0.421,7705752,148.5,160.15,127.6,28.178368,382.0,20.504823631956427
1,PGR,4,384,-0.0,-3.923467693636651,-0.5650732232206194,15,26.666666666666668,0.766407390122286,20.214161581404454,-19.057987627160223,-0.698527862644839,7,14.285714285714285,0.05310246881674651,25.50121819468665,Financial Services,Insurance - Property & Casualty,124708192256,0.341,3472839,212.74,292.99,198.5,11.669776,668.0,26.833576077925038
1,PHM,4,385,-0.0,-50.166409198973064,-0.2679403152022131,18,16.666666666666664,0.045582990369917406,63.982531340209874,41.78050253309971,0.522075656948451,3,33.33333333333333,2.879775814258639,8.471513231569046,Consumer Cyclical,Residential Construction,24320870400,1.339,1818091,123.27,142.11,88.07,9.511574,84.0,41.62445153773853
1,PKG,4,386,0.0,3.7969183476879165,-0.016415586658262503,14,28.57142857142857,1.0229618496785917,15.55253050013508,7.374522670672401,0.2641908716407216,4,25.0,0.04328793171701746,9.458979672528718,Consumer Cyclical,Packaging & Containers,19580282880,0.894,833888,217.61,232.5,172.72,21.958628,224.00000000000003,29.190156622129273
1,PLTR,4,387,-0.0,-41.31803409374905,-0.5102520052658973,16,25.0,0.13315505731756946,58.19107268152586,28.2722699468684,0.49566595161984717,5,20.0,1.4678119384817303,23.089423804082415,Technology,Software - Infrastructure,375033724928,1.545,45162670,157.35,207.52,66.12,365.93024,0.0,73.2953427031032
1,PNC,4,388,-0.0,-30.845298923316346,-0.6641718006197102,12,8.333333333333332,0.09175667069654772,39.458494820779975,-0.10719617747583232,-22.121038963491863,5,20.0,0.3886090017454492,10.730198759715593,Financial Services,Banks - Regional,89511051264,0.992,2191932,221.39,227.78,145.12,13.336746,304.0,34.25515125713902
1,PNR,4,389,-0.0,-18.69187001174567,-0.2094560415751401,13,0.0,0.0,36.38660110320211,1.512352666741612,-0.9496752239674343,7,14.285714285714285,0.28352716840079256,19.429270806549482,Industrials,Specialty Industrial Machinery,17240649728,1.214,1299322,105.17,113.95,74.25,26.760813,100.0,32.442429177390245
1,PODD,4,390,-0.0,-17.534980614379926,-0.682351685806197,16,37.5,0.6632362168099502,31.610444638051813,-9.026660264740038,-0.83319251970386,5,20.0,0.4082656458289636,12.94911115223504,Healthcare,Medical Devices,18175352832,1.4,753463,258.2,354.88,230.05,75.49708,0.0,45.40069066473497
1,PPG,4,391,-0.0,-29.01820097446063,-0.6079892499242777,17,23.52941176470588,0.3122385308181417,34.43019932745001,4.362578704854547,0.04798421461537302,4,50.0,1.8911737800770516,8.81833075155488,Basic Materials,Specialty Chemicals,25720772608,0.0,2105786,113.96,123.52,90.24,16.49204,258.0,30.800387632960597
1,PRU,4,392,-0.0,-6.951464393181284,-1.8249955846108914,11,36.36363636363637,0.7263133628280052,21.425379615741914,13.40643534879331,0.405089633407246,4,50.0,0.2990092997923713,12.049255037779021,Financial Services,Insurance - Life,37900734464,0.961,1729996,107.69,123.88,90.38,14.752055,503.0,35.97040059524041
1,PSA,4,393,-0.0,-13.863076595099033,-0.23104796247927756,14,35.714285714285715,0.5551989983941246,31.523384756482084,-24.65288628848883,-0.6710269709653863,6,0.0,0.0,24.896028041499537,Real Estate,REIT - Industrial,48052297728,0.991,1155111,273.86,322.49,256.54,28.40871,432.0,25.68366132216345
1,PSKY,4,394,-0.0,-51.633454619352314,-0.3397403726339561,20,5.0,0.013532965322365706,64.78861213153263,-31.68444085503097,-0.6502378131840091,6,0.0,0.0,32.66408599753902,Communication Services,Entertainment,12509915136,1.188,8854718,11.34,20.86,9.95,378.0,173.0,57.54952977469926
1,PSX,4,395,0.0,3.1563863553238924,-0.061336135811855534,8,25.0,1.1268968621006332,30.65365076106389,-3.702471095086568,-1.2010961452406874,6,0.0,0.0,16.860365107175078,Energy,Oil & Gas Refining & Marketing,57417973760,0.897,2412678,142.08,146.88,91.01,38.296497,343.0,42.18560942619397
1,PTC,4,396,-0.0,-30.94587054875183,-0.8958295356200426,14,14.285714285714285,0.20051723452461978,39.83102578873002,0.27886966786194733,-7.7039414699383455,4,50.0,1.0535056984716644,5.33375389257705,Technology,Software - Application,19339868160,1.014,901572,161.91,219.69,133.38,26.673805,0.0,36.748651755987375
1,PYPL,4,397,-0.0,-19.608668320402845,-0.46509883234495036,15,26.666666666666668,0.4063398822642617,30.289577379633563,-13.369123361457657,-0.7500916684810979,6,0.0,0.0,16.680154045738618,Financial Services,Credit Services,51666866176,1.427,15719275,54.08,90.925,53.645,10.859438,101.0,45.861975331105285
1,QCOM,4,398,-0.0,-15.926745237275686,-0.07672842174890386,20,25.0,0.6736731704418172,43.2052295464546,-3.0885273849170836,-1.3250856099984962,4,0.0,0.0,9.825935651118716,Technology,Semiconductors,163541696512,1.212,8996144,152.7,205.95,120.8,30.539999,233.0,41.307653938479504
1,REG,4,399,0.0,3.62462352523385,-0.018999043507689408,11,36.36363636363637,1.105713187330723,19.726385848851844,13.265694900308,0.4032620594038809,2,0.0,0.0,4.894738225492152,Real Estate,REIT - Retail,12962632704,0.95,1249070,70.45,78.18,63.44,32.316513,424.0,36.43831394186059
1,REGN,4,400,0.0,3.390264811787147,-0.010366142665658626,15,33.33333333333333,0.8273702427096703,19.34846858312721,-4.815690990754062,-1.0569078407182941,9,22.22222222222222,0.3990609242815166,12.811716694890023,Healthcare,Biotechnology,79610347520,0.389,979127,751.13,821.11,476.49,18.004074,46.0,31.526882009378703
1,RF,4,401,-0.0,-12.165127036039014,-0.3602414122845575,10,20.0,0.35064333996107805,31.025533869470607,2.8578628051864507,-0.23073648450876835,5,0.0,0.0,11.46503391008065,Financial Services,Banks - Regional,24429778944,1.039,14866114,27.86,29.26,17.74,12.113044,380.0,41.206409904228806
1,RJF,4,402,-0.0,-1.2098945358415603,-2.191898544196301,12,41.66666666666667,0.9329422195149614,13.747509907875925,15.133123188949149,0.4247445546967359,2,0.0,0.0,6.267450382455554,Financial Services,Asset Management,33236158464,1.004,1191940,168.31,177.66,117.57,16.356657,128.0,34.598808636695324
1,RL,4,403,-0.0,-27.240587841176943,-0.6563033275134602,16,25.0,0.3192332586895962,40.10514149923964,-5.1092941480561755,-1.029350293035799,6,0.0,0.0,22.479336967269155,Consumer Cyclical,Apparel Manufacturing,21405544448,1.508,631521,352.99,380.0,176.61,26.108727,102.0,42.6611701236497
1,ROL,4,404,-0.0,-6.006281787070367,-0.24457646100155303,14,42.857142857142854,0.7659642452123602,21.492225338221882,10.003134612002839,0.34648252959253617,3,33.33333333333333,7.115531250680595,8.888401166924853,Consumer Cyclical,Personal Services,30230689792,0.789,2674509,62.83,63.84,48.7,58.719624,114.99999999999999,28.471806942716704
1,ROK,4,405,-0.0,-6.840074348962566,-0.3244579960943137,14,21.428571428571427,0.6886426957543756,23.369393644034123,10.189982621018823,0.3507158221401366,6,50.0,2.086158021956387,15.265039367172225,Industrials,Specialty Industrial Machinery,46648528896,1.516,876324,414.9,429.58,215.0,54.023438,132.0,33.41798538050358
1,ROST,4,406,-0.0,-15.974077301999568,-0.6383205206870587,17,23.52941176470588,0.6778947481549964,35.310881036640325,-5.508804550639401,-0.9965702751871984,7,28.57142857142857,0.482015758642062,10.568757046421032,Consumer Cyclical,Apparel Retail,60505092096,1.012,2626740,186.04,194.92,122.36,29.068748,87.0,38.20729548577083
1,RMD,4,407,-0.0,-4.7044554474764855,-0.9020848141572251,16,43.75,0.8442638563433139,20.913933628004415,-12.492230076290522,-0.7622172675281854,3,33.33333333333333,4.26661995753069,20.245965519916208,Healthcare,Medical Instruments & Supplies,37618429952,0.876,1034611,257.72,293.81,199.92,26.405737,94.0,32.75987852864826
1,ROP,4,408,-0.0,-3.258591165241309,-0.5524093708880485,12,33.33333333333333,0.8470062142216093,11.820349538432053,11.72984701888431,0.38046781428288096,4,50.0,4.111555988889578,3.4696110517832444,Technology,Software - Application,38789300224,0.942,1110504,360.37,595.17,345.93,25.342474,99.0,25.16129438233618
1,RTX,4,409,0.0,2.0862377423377154,-0.06660642189828289,11,27.27272727272727,1.1077908365404947,15.795568051332781,-3.4520926052733603,-1.2463361107718307,4,0.0,0.0,9.165440068206882,Industrials,Aerospace & Defense,267430379520,0.438,4705870,199.46,205.36,112.27,40.294952,135.0,31.208600095197358
1,RSG,4,410,-0.0,-1.741367922018744,-0.30920377311020236,13,38.46153846153847,0.9063225225583474,13.415801472021919,8.576103422911574,0.3080670104792887,5,40.0,5.448177625298293,4.145127273040807,Industrials,Waste Management,67938160640,0.561,1560432,217.6,258.75,201.42,32.33284,114.99999999999999,21.73825624288644
1,RVTY,4,411,-0.0,-24.578662020713026,-0.3481007838471667,11,18.181818181818183,0.09804097242133865,32.42655917462349,0.6350477441402269,-3.0592283944904377,4,25.0,0.7175283360933714,6.277304780821172,Healthcare,Diagnostics & Research,12899144704,1.055,1435990,111.13,128.29,81.36,57.2835,24.0,32.63729623159342
1,SBUX,4,412,-0.0,-22.12378952822399,-0.8233020730486419,16,12.5,0.339627229025016,31.979954268897576,-3.6584114945610646,-1.2086081471489192,5,20.0,0.5246144909402121,9.246875281701035,Consumer Cyclical,Restaurants,108412182528,0.964,10249318,95.16,117.46,75.5,58.38037,259.0,30.704687807411958
1,SCHW,4,413,0.0,0.26244278765847895,-0.19390743262222607,14,35.714285714285715,1.0075908638505,19.647269924418662,25.627716115865006,0.48723685189104504,3,33.33333333333333,0.30646695242028565,4.30802501764078,Financial Services,Capital Markets,187820752896,0.937,8703406,103.47,105.81,65.88,22.251614,104.0,38.758745960864005
1,SJM,4,414,-0.0,-7.561536557979309,-1.2430434201673703,13,53.84615384615385,0.7694183257407499,24.11868470679005,-2.632085538396145,-1.4547537741554002,4,25.0,0.3384720092930543,7.038538441685614,Consumer Defensive,Packaged Foods,11027926016,0.22,1608773,103.36,121.48,93.3,0.0,418.0,23.397203089476875
1,SHW,4,415,-0.0,-29.042114547077745,-0.3908942445370122,16,25.0,0.3946867708049627,39.72550076372137,16.857897922773013,0.4403580363894272,4,25.0,1.142599308452424,5.329606154523917,Basic Materials,Specialty Chemicals,87166926848,1.26,1779372,349.6,379.65,308.84,34.140625,91.0,30.01908188019907
1,SNA,4,416,-0.0,-11.510195936868218,-0.34205576388552394,13,38.46153846153847,0.594328236739081,21.964769389468483,-6.206175909645895,-0.949463646312749,4,25.0,0.4828503704970876,14.669606691352982,Industrials,Tools & Accessories,19304099840,0.789,276629,370.07,375.17,289.81,19.426249,265.0,29.497811837613476
1,SNPS,4,417,-0.0,-2.067937382446272,-0.03894502529290885,15,26.666666666666668,0.7660909730627607,29.17146955312909,6.027038608428947,0.19417683580083742,6,16.666666666666664,2.129415811433649,8.741867146525827,Technology,Software - Infrastructure,97830567936,1.119,2089983,511.35,651.73,365.74,63.207664,0.0,35.58077319376184
1,SPGI,4,418,-0.0,-0.15008060251957556,-0.5228020010041159,12,33.33333333333333,0.8294861032211328,17.53206529606783,13.84258344679472,0.4105171714781396,2,50.0,5.822609843046125,8.079121844344154,Financial Services,Financial Data & Stock Exchanges,161235042304,1.207,1572621,528.12,579.05,427.14,38.408726,74.0,29.09244254117942
1,STE,4,419,-0.0,-24.905832935848473,-0.5209737780560961,19,21.052631578947366,0.10097547534138084,33.28782879986008,20.988137189389256,0.46731663181059985,4,50.0,5.367067423943247,6.254751966820004,Healthcare,Medical Devices,25692258304,1.032,614540,260.86,269.44,204.9,37.42611,96.0,29.04076661404701
1,STT,4,420,-0.0,-21.142009726262167,-0.39512110048779636,17,23.52941176470588,0.45538413947868905,35.48387624403005,-5.302666423960267,-1.0128672133299177,6,16.666666666666664,0.360392502422623,13.497731134085713,Financial Services,Asset Management,35757580288,1.448,2045168,128.02,137.05,72.81,13.604676,263.0,39.00840919332928
1,SW,4,421,-0.0,-36.65563418550114,-0.4796829027525702,18,33.33333333333333,0.26399476072791034,58.35631967793443,-9.353793812744138,-0.8242448579512518,7,0.0,0.0,23.47842790698242,Consumer Cyclical,Packaging & Containers,22145923072,0.988,5580150,42.41,55.54,32.729,29.047945,401.0,49.78429665958779
1,SWK,4,422,-0.0,-43.30954344410173,-0.6674310329769185,15,0.0,0.0,49.6348350154182,10.301131686213761,0.35316120461828077,5,20.0,0.12697058050797158,13.10641049748817,Industrials,Tools & Accessories,12285474816,1.202,1693926,79.32,90.75,53.91,27.351723,409.99999999999994,39.49577083507145
1,SWKS,4,423,-0.0,-30.724860382119733,-0.5806179740343753,18,16.666666666666664,0.24025588485080696,38.720565177438694,-3.9373241005834836,-1.1638910308242263,4,25.0,0.29070376548331384,8.985347759586869,Technology,Semiconductors,8288143360,1.297,3303213,55.28,90.9,47.93,17.948051,473.00000000000006,40.81986151825147
1,SYF,4,424,-0.0,-39.75959448063438,-0.675209932027416,15,20.0,0.09821618224196807,48.21138938884216,6.015298855736728,0.1934290157084204,6,33.33333333333333,2.367163334898692,8.626352565671182,Financial Services,Credit Services,26443761664,1.425,3724029,73.42,88.77,40.545,7.911638,155.0,44.267397313165866
1,SYK,4,425,-0.0,-18.431282288303752,-1.0793483177307273,13,30.76923076923077,0.45396090882587303,26.066934863476472,8.709874653727923,0.31220281660601645,3,66.66666666666666,3.693641605364005,6.06346500570785,Healthcare,Medical Devices,136842649600,0.896,1768698,357.83,404.87,329.16,46.959316,99.0,30.05618289481901
1,T,4,426,0.0,3.821452136605985,-0.2601220571571556,10,40.0,1.0682266436530368,14.50519970660253,-12.006398582787936,-0.7696977962881516,4,0.0,0.0,17.767778039340744,Communication Services,Telecom Services,172109774848,0.6,44697578,24.07,29.79,22.95,7.840391,483.0,26.061864705810905
1,TAP,4,427,-0.0,-7.484664681853936,-0.6853215176130101,14,35.714285714285715,0.6212117959758015,25.740908656603814,14.858396395158957,0.42192292593265524,5,40.0,32.93223811351201,7.446298624859942,Consumer Defensive,Beverages - Brewers,9440862208,0.451,3362026,47.74,64.66,42.94,0.0,388.0,31.21088994701579
1,TECH,4,428,-0.0,-33.60304015398005,-0.6385403709609979,16,25.0,0.215975936836454,40.37414700852987,2.829530064937469,-0.23882804443770855,3,66.66666666666666,1.5504342898494985,8.700161109193772,Healthcare,Biotechnology,10215080960,1.469,1982947,65.56,79.28,46.01,133.79591,47.0,35.26701676048895
1,TEL,4,429,-0.0,-2.24136905920328,-0.12883851650416117,9,44.44444444444444,0.3637023248496154,22.47221147038107,-9.978272869765592,-0.8087932360136787,7,14.285714285714285,0.039456894077736684,21.34388757930669,Technology,Electronic Components,65097367552,1.242,2022029,221.77,250.67,116.3,31.909353,123.0,30.750908551381922
1,TER,4,430,-0.0,-12.727895962203661,-0.026922267423240744,12,25.0,0.37128340697502293,45.210849218288104,2.4679032802045198,-0.35842427889846656,4,25.0,1.2583192860073111,10.26590025234825,Technology,Semiconductor Equipment & Materials,39844737024,1.835,3231988,250.48,251.15,65.77,91.08363,20.0,45.111381784234375
1,TGT,4,431,-0.0,-1.8959624729032343,-0.21324069402700577,10,40.0,0.5913049379514826,21.222107584315243,-11.389349968094887,-0.780118740017887,4,0.0,0.0,13.074657246044836,Consumer Defensive,Discount Stores,46230568960,1.124,7125088,101.74,142.24,83.44,12.317191,438.0,35.28065901602112
1,TFC,4,432,-0.0,-11.23256108139149,-0.42929623573678144,8,25.0,0.25612498653909105,26.052805002536445,-6.4377161982394515,-0.9360801363729705,3,66.66666666666666,0.10725585665024402,9.96903775476647,Financial Services,Banks - Regional,64358883328,0.874,8382260,50.31,51.52,33.56,13.170157,409.0,39.75546473673687
1,TJX,4,433,-0.0,-10.427483992311902,-0.5343816236425518,14,28.57142857142857,0.7822311517831454,29.159860992921583,8.912194760910763,0.3182220590558404,4,25.0,2.285686029512835,3.115503393564931,Consumer Cyclical,Apparel Retail,164481204224,0.752,5378598,147.79,159.48,112.1,32.62472,114.99999999999999,31.39690564196453
1,TMO,4,434,-0.0,-10.988172961278265,-0.28777334989428116,14,42.857142857142854,0.5248180501640527,25.72314938020189,3.450135417211797,-0.09201507375822628,3,66.66666666666666,3.161690373039154,5.792374559161424,Healthcare,Diagnostics & Research,228438032384,0.91,1858929,608.02,643.99,385.46,35.186344,28.000000000000004,28.54071658866651
1,TMUS,4,435,-0.0,-3.8932295132182104,-0.8428930671421835,10,50.0,0.8252670250976242,17.396984335652746,-6.1890633257306815,-0.9504925292077614,4,50.0,0.31188785686368015,10.572875155700613,Communication Services,Telecom Services,209609293824,0.44,5349752,186.25,276.49,181.36,17.92589,221.0,27.55685113784459
1,TPR,4,436,-0.0,-26.89522415832878,-0.42185723424134247,11,36.36363636363637,0.04677333100469998,40.28332636687255,-13.1510369224759,-0.7529562758012871,5,0.0,0.0,18.258056366149617,Consumer Cyclical,Luxury Goods,26082693120,1.643,2945840,126.0,136.04,58.39,96.18321,125.0,49.519252787773944
1,TRMB,4,437,-0.0,-16.233609542732253,-0.347133123201141,12,25.0,0.18869930648251845,28.863387872101622,3.1745942818565576,-0.15011310777076095,4,25.0,0.43471057523658424,9.702953986931666,Technology,Scientific & Technical Instruments,16674493440,1.589,1450136,70.07,87.5,52.91,47.99315,0.0,37.32984595576559
1,TROW,4,438,-0.0,-47.23647835475231,-0.6931308456132588,17,11.76470588235294,0.12166288632129281,49.277183918243836,-5.344144586092736,-1.0094869824754797,6,0.0,0.0,9.788404763705039,Financial Services,Asset Management,23125028864,1.532,1764214,105.25,118.32,77.85,11.477644,482.0,35.32360325088929
1,TSCO,4,439,-0.0,-9.198145862041496,-0.16396425259458342,13,30.76923076923077,0.6712265368159817,29.103270641338685,-9.832614429225417,-0.8122217871751461,5,0.0,0.0,16.25184067182539,Consumer Cyclical,Specialty Retail,29136173056,0.737,5999991,55.14,63.99,46.85,26.637682,165.0,30.58158773310357
1,TSN,4,440,-0.0,-10.041338886797835,-0.4240635340989637,9,22.22222222222222,0.802781339413762,26.804315478497315,9.303797389504131,0.3291289268629105,3,33.33333333333333,0.9747513051141412,6.164327903204569,Consumer Defensive,Farm Products,22807472128,0.467,3131052,64.6,65.9617,50.56,48.571426,310.0,30.108843966250333
1,TTD,4,441,-0.0,-27.24238714156343,-0.42613668177354763,14,7.142857142857142,0.27072276144540414,49.560247397612365,17.212479296497342,0.4431801106100621,4,0.0,0.0,21.760015706249224,Communication Services,Advertising Agencies,15582610432,1.105,13112111,31.87,125.8,31.83,36.21591,0.0,73.9069827470228
1,TTWO,4,442,-0.0,-30.669120946197516,-0.4345396458305124,16,18.75,0.37715611775488345,40.65508603239077,10.47353217020417,0.35685148814530443,5,60.0,2.135856072409977,10.620723655139615,Communication Services,Electronic Gaming & Multimedia,44934516736,0.925,1533857,243.18,264.79,181.86,0.0,0.0,35.98626480180105
1,TXN,4,443,-0.0,-18.594003410804117,-1.016682580877745,14,21.428571428571427,0.22161006735889663,26.03633554364154,-3.381928006493795,-1.26021550828523,6,50.0,0.4473355111578135,7.959332334845017,Technology,Semiconductors,196528177152,0.0,7313122,216.17,221.69,139.95,39.664223,289.0,30.568349824071255
1,TXT,4,444,-0.0,-21.003395078303257,-0.5384829381784775,10,30.0,0.22512162734672636,25.785016959876394,2.4539468987429203,-0.3637463282720139,5,20.0,1.0427621437597683,6.626841128981425,Industrials,Aerospace & Defense,15466437632,1.001,1417275,86.79,96.98,57.7,18.991247,8.0,37.8197580000077
1,TYL,4,445,-0.0,-37.75514866574091,-0.6297709656528956,17,11.76470588235294,0.16257991591903687,42.402131670080166,6.316589843719478,0.21174143057637948,7,28.57142857142857,1.625917584706004,8.903479710357642,Technology,Software - Application,18131890176,0.916,399791,419.12,661.31,419.09,58.211113,0.0,33.06777953278522
1,UBER,4,446,-0.0,-5.814183026700959,-0.03078334493790236,15,20.0,0.4694658867393001,49.00528253125937,2.77254610231783,-0.2556029050886527,6,33.33333333333333,0.015617945166296523,21.24566349071888,Technology,Software - Application,166374703104,1.203,19278216,79.78,101.99,60.63,41.12371,0.0,55.55875308664013
1,UAL,4,447,-0.0,-25.3976056242485,-0.17364976853504127,11,0.0,0.0,51.483024473273026,1.5402864734039623,-0.9219819113071847,4,25.0,1.0938323139653565,19.721798101776013,Industrials,Airlines,33963352064,1.318,5274486,104.91,119.21,52.0,10.285295,0.0,57.807670960074
1,ULTA,4,448,-0.0,-3.9250183334960997,-0.16648499615462337,10,40.0,0.4421019036427804,30.36427552026593,-0.5876286314086654,-4.507385249313724,5,40.0,0.8295409981731633,6.860078978568412,Consumer Cyclical,Specialty Retail,28616292352,0.853,659890,638.21,695.34,309.01,24.499426,0.0,40.87426925257343
1,UNH,4,449,-0.0,-7.547305953950145,-0.18972321128973305,13,23.076923076923077,0.6695225273651866,22.42215697500515,-3.671188476907916,-1.2064111554080348,5,20.0,0.09851452941224445,11.619671765244881,Healthcare,Healthcare Plans,266334650368,0.425,8304924,294.02,606.36,234.6,15.31354,313.0,27.65856485827144
1,UNP,4,450,-0.0,-2.4351588638716004,-0.18932810843354644,13,38.46153846153847,0.9135169096387517,22.82025070558911,0.851893815232807,-2.1335522346950726,5,0.0,0.0,13.287751418813095,Industrials,Railroads,135068672000,0.997,3088440,227.71,253.2,204.66,19.007513,239.0,27.258595864378986
1,UPS,4,451,-0.0,-10.054541607859358,-0.41986091300571005,15,33.33333333333333,0.6378653864923194,22.11028039837267,-13.14434162822592,-0.7530457237112382,9,22.22222222222222,0.21521599114135118,16.539435255356658,Industrials,Integrated Freight & Logistics,87977582592,1.097,6159344,103.7,136.58,82.0,15.807926,612.0,29.614014987224756
1,URI,4,452,-0.0,-6.972611628932368,-0.12931273138324076,18,27.77777777777778,0.5756218777926434,42.89798193438569,-6.193648396722439,-0.9502162972290276,8,12.5,0.0034601696291052995,33.40799104635085,Industrials,Rental & Leasing Services,58112352256,1.69,626163,903.19,1021.47,525.91,23.25412,79.0,44.04954622070509
1,USB,4,453,-0.0,-26.050923112836312,-0.49809526918483854,11,0.0,0.0,36.49149397914908,18.723658948982134,0.4540089349423445,4,25.0,0.8165516792628023,5.4753814188182535,Financial Services,Banks - Regional,86675709952,1.09,9350993,55.74,56.7,35.18,12.064936,361.0,35.76527228147408
1,V,4,454,-0.0,-2.7777331079593903,-0.3387067284773277,15,26.666666666666668,0.7046679378443599,20.71597340964895,-0.16974844398124356,-14.182194134584254,5,40.0,0.6388909699320282,8.06906428361161,Financial Services,Credit Services,631037820928,0.815,6929954,326.98,375.51,299.0,32.025467,82.0,28.046465603851434
1,VMC,4,455,-0.0,-11.487640018081313,-0.3738082490276582,15,26.666666666666668,0.7281387008393275,31.72809272832944,20.949489619821836,0.46711364201311384,3,33.33333333333333,4.391702339783528,11.321918894386657,Basic Materials,Building Materials,39603597312,1.064,1053245,299.73,313.37,215.08,35.345524,66.0,32.239689871202074
1,VRSK,4,456,-0.0,-6.761724756930853,-0.27061456873677425,14,21.428571428571427,0.8514131227463206,20.57997935750512,17.667912158549726,0.44663866863183393,3,33.33333333333333,0.08113188212525733,5.318301114618007,Industrials,Consulting Services,30601771008,0.809,1472722,219.03,322.92,197.0,33.64516,83.0,26.281221552690692
1,VTR,4,457,-0.0,-1.8284239566936367,-0.12841063474109674,13,23.076923076923077,0.6142536202017569,23.177375239961112,-3.5593826646594606,-1.2261709480360385,4,25.0,0.6061067785464351,9.062288045518882,Real Estate,REIT - Healthcare Facilities,35662114816,0.8,3111955,75.92,81.89,58.72,143.24529,252.99999999999997,41.0798731523531
1,VTRS,4,458,-0.0,-29.270858169129276,-0.5345427918007075,13,0.0,0.0,47.611973902551405,2.481243874593364,-0.35339301662986217,4,0.0,0.0,11.383116050484933,Healthcare,Drug Manufacturers - Specialty & Generic,14973440000,0.792,8913026,12.97,13.49,6.85,0.0,366.0,37.88500543888874
1,VZ,4,459,-0.0,-14.51322885617814,-0.5744260974980611,12,0.0,0.0,22.099332075858566,-12.454708701713567,-0.7627742025844524,6,16.666666666666664,0.048177673837258225,15.891153196294365,Communication Services,Telecom Services,166169329664,0.327,27416895,39.41,47.36,38.39,8.402985,702.0,20.145852346115674
1,WAT,4,460,-0.0,-32.23804981854245,-0.8569578497598956,23,17.391304347826086,0.27397076765914724,35.12379453595021,-3.974804025024403,-1.1583603170357775,5,0.0,0.0,11.761034602813725,Healthcare,Diagnostics & Research,22927642624,1.164,556578,385.03,423.56,275.05,35.388786,0.0,30.42808012064019
1,WBD,4,461,-0.0,-32.02199121223451,-0.7805005288959665,8,12.5,0.015879356078778356,33.68669124937909,0.6170666435565852,-3.1651969919097858,5,20.0,0.10908886214960596,14.20298803176638,Communication Services,Entertainment,69376040960,1.572,43994490,27.98,30.0,7.52,147.26315,0.0,53.91137134522418
1,WDAY,4,462,-0.0,-20.751112884582522,-0.26668044916889605,15,26.666666666666668,0.42534989441267984,39.84834253288356,21.45393884228517,0.4697056500017154,6,50.0,6.422824447947657,6.961888754261786,Technology,Software - Application,50495037440,1.142,2929127,189.12,283.68,180.56,79.46218,0.0,41.533755696984464
1,WFC,4,463,-0.0,-19.649908511145252,-0.42148558020748905,11,27.27272727272727,0.2995740018661889,35.19949313178051,4.011680397557349,0.0016810114479910562,4,50.0,0.5951822148293772,7.930866656040164,Financial Services,Banks - Diversified,276333592576,1.088,14739359,88.03,97.76,58.42,14.0623,202.99999999999997,37.531260384160134
1,WDC,4,464,-0.0,-22.037149514122223,-0.3688448816660439,17,23.52941176470588,0.4526471026583427,32.849038439098834,-12.953722708397164,-0.7556311486515159,6,16.666666666666664,0.10008183278759059,25.664072100114264,Technology,Computer Hardware,95879913472,1.845,8847919,279.7,284.0,28.83,39.394367,20.0,48.772776323268154
1,WM,4,465,-0.0,-7.46759624290797,-0.6879386882727037,13,38.46153846153847,0.7536789675598073,15.07208272964401,-0.9337739978341419,-3.0505408721782343,6,33.33333333333333,0.7527578341530988,8.852306176644253,Industrials,Waste Management,93304012800,0.594,2054381,231.6,242.58,194.11,36.52997,143.0,21.418972982244593
1,WSM,4,466,-0.0,-16.37957192789945,-0.8499736264623412,13,23.076923076923077,0.4886850605711571,37.00055690780043,0.8291348697440526,-2.207963870922946,7,28.57142857142857,0.5319814553079312,13.363321367562934,Consumer Cyclical,Specialty Retail,24558999552,1.582,1212659,205.72,219.98,130.07,22.656387,127.0,48.706038980725054
1,WST,4,467,-0.0,-20.78690897598342,-0.3132662704224238,16,31.25,0.24284553634469475,31.637518411562805,36.0657086246571,0.513317115126499,2,100.0,0.0,7.4491962033544095,Healthcare,Medical Instruments & Supplies,16970730496,1.167,764931,235.89,347.85,187.43,34.89497,37.0,33.54600890544787
1,WYNN,4,468,-0.0,-40.5217816557635,-0.5928822463577087,12,25.0,0.18500546334399456,59.063073468767755,-11.037466341501133,-0.7865831678735478,7,28.57142857142857,0.2743453829928499,23.6496724553747,Consumer Cyclical,Resorts & Casinos,11736869888,1.078,1432439,112.88,134.72,65.25,25.028824,88.0,54.11610366958233
1,XEL,4,469,-0.0,-1.9733837535686916,-0.44043614831903116,17,52.94117647058824,0.9124414439765021,11.859868053941367,-2.011413354756475,-1.7254986949208986,4,50.0,0.5429652893297873,5.520016920293463,Utilities,Utilities - Regulated Electric,44962938880,0.469,5426732,76.01,83.01,65.21,23.17378,299.0,23.855322590926882
1,XYL,4,470,-0.0,-3.355171337710039,-0.21141637258825613,12,33.33333333333333,0.9046955590658838,20.98055914251858,-5.4940340356934065,-0.9976973332512764,5,40.0,0.6999592577810163,7.753682003577397,Industrials,Specialty Industrial Machinery,32994926592,1.172,1291718,135.52,154.27,100.47,34.927834,113.99999999999999,30.92888490051809
1,ZBRA,4,471,-0.0,-7.618562373794536,-0.03754515729639442,16,37.5,0.4098126911578113,37.802846117128155,-34.39430146713257,-0.6444951443069584,10,0.0,0.0,34.39430146713257,Technology,Communication Equipment,12011150336,1.683,658314,236.23,404.67,205.73,23.813507,0.0,40.72741248334659
1,XYZ,4,472,-0.0,-44.701103474987036,-0.4227194666107339,14,7.142857142857142,0.06349945198053479,57.668118009179636,-32.95941821001433,-0.6474182862293447,7,0.0,0.0,39.37135055468017,Technology,Software - Infrastructure,39147487232,2.665,7353495,64.22,94.25,44.27,12.92153,0.0,66.75549921102139
1,YUM,4,473,-0.0,-16.92065597009914,-0.5323090951183873,14,21.428571428571427,0.46280358125675264,29.66001925092224,-4.747786954243638,-1.063766593050647,9,22.22222222222222,0.7437792998716375,10.834406272017738,Consumer Cyclical,Restaurants,42725220352,0.669,2174586,153.88,163.3,128.73,29.996101,184.0,24.883248765948025
1,ZBH,4,474,-0.0,-19.71327632515436,-0.9965820203893352,13,30.76923076923077,0.37964077694480863,29.768941099346865,4.6847964748119475,0.08439372578904895,6,33.33333333333333,1.6152166119383693,7.029070733327891,Healthcare,Medical Devices,16986140672,0.614,2276175,85.71,114.44,84.925,21.267988,112.00000000000001,30.391397856162904
1,ZTS,4,475,-0.0,-26.033176746355778,-0.2816894196433751,15,20.0,0.24296758260267776,38.79750044316794,1.8447742927771626,-0.674510777335412,5,20.0,0.31057683900229005,9.129863032731327,Healthcare,Drug Manufacturers - Specialty & Generic,54037364736,0.97,5304608,121.93,177.4,115.25,20.526936,170.0,28.02788021061644
1,LRCX,4,476,-0.00012016274638206139,-2.6228000260376527,0.0032774993999127823,13,15.384615384615385,0.5146017139345493,36.81367574176863,3.0512911468536075,-0.17951001244553863,8,25.0,0.771076291934611,16.772745104359302,Technology,Semiconductor Equipment & Materials,302118109184,1.779,11490057,239.58,243.99,56.32,52.887417,44.0,47.94298900886022
1,HPQ,4,477,-0.0008542432657256589,-1.042056836192462,0.03303503500929696,14,35.714285714285715,0.8165845699373485,32.906810021426494,-0.4141791496476199,-6.153200909482175,6,33.33333333333333,0.9409715412558114,9.118273595955447,Technology,Computer Hardware,17806069760,1.22,14156539,19.05,35.28,19.015,7.1886787,620.0,37.81910951756674
1,EXPE,4,478,-0.0020898322410535975,-3.6391265987890775,0.043273769902990984,16,25.0,0.6166793192373423,46.46969852636265,-10.980110917059882,-0.7876761114514167,4,0.0,0.0,19.65149851715123,Consumer Cyclical,Travel Services,32878655488,1.429,2032003,265.76,303.8,130.01,25.603083,60.0,49.69828462729079
1,COIN,4,479,-0.006462113881938077,-38.94041337023161,0.15686414614081723,19,5.263157894736842,0.0766117103462018,72.41771176348114,-36.962710958206166,-0.7644976026000047,10,10.0,0.033609275478839115,51.620338965764645,Financial Services,Financial Data & Stock Exchanges,56474390528,3.707,9122975,209.43,444.65,142.58,18.101124,0.0,92.99867481292145
2,AMGN,1,1,38.11780781499377,39.18269175733524,0.5937585876641787,9,77.77777777777779,15.223935165037116,9.29187120328395,5.938310663861146,0.18845160634046615,6,33.33333333333333,3.10316576444119,5.146826422293205,Healthcare,Drug Manufacturers - General,184278843392,0.45,2904252,342.22,353.25,261.43,26.46713,275.0,24.126648681913405
2,LMT,1,2,10.089078748078066,34.12732540494516,0.5181382296860706,9,66.66666666666666,5.25950331468196,9.218093560064792,-3.7273426274001764,-1.1969340605432297,8,0.0,0.0,9.009212852659319,Industrials,Aerospace & Defense,139441684480,0.245,1558968,597.27,599.32,410.11,33.237064,231.99999999999997,25.291907107151218
2,INCY,1,3,10.012571479627256,46.0526782684173,0.6585559703066319,12,50.0,4.029915037443949,12.206687997927405,-7.1464645087127465,-0.9005032176080997,5,20.0,0.0645241922052845,7.596350283836347,Healthcare,Biotechnology,19863930880,0.82,2216147,101.18,112.29,53.56,17.149153,0.0,30.40328744464839
2,CAH,1,4,8.628612190433056,47.509090302206424,0.5906679004322346,11,36.36363636363637,3.3277873465799943,10.822677081180846,-2.651741670443186,-1.4482499886078202,8,25.0,0.7516399318086917,11.438096609049891,Healthcare,Medical Distribution,49987620864,0.654,2266619,210.39,215.48,120.72,31.685242,95.0,29.621380663551555
2,SRE,1,5,7.047629098425218,38.20909070469567,0.49746208837372163,9,55.55555555555556,3.3941643933598535,9.154118380353022,-4.861045353556747,-1.0524334887009914,5,20.0,0.08656132130822297,7.43974613886725,Utilities,Utilities - Diversified,56639700992,0.746,3707226,86.78,95.72,61.9,26.701538,296.0,26.237528355366795
2,GILD,1,6,6.597038806537284,40.6088318482104,0.47064493457273826,11,54.54545454545454,3.9368099156802843,11.40536774146076,-3.0617627357811372,-1.3316219995787264,7,28.57142857142857,0.33865787966374744,10.585394342820894,Healthcare,Drug Manufacturers - General,173365542912,0.349,7246573,139.72,141.71,93.37,21.628483,224.00000000000003,24.68964251040094
2,SO,1,7,5.622999881434474,28.49195482247375,0.9012042295606358,13,46.15384615384615,2.188655800223109,9.994357068973063,-14.965320407092953,-0.7316671173383593,7,0.0,0.0,21.966958120053405,Utilities,Utilities - Regulated Electric,97260601344,0.447,5987506,88.33,100.84,82.69,21.972637,333.0,24.78141743039015
2,PG,1,8,5.2987296077389265,24.78590446241542,0.8781398674405475,10,50.0,2.325328971416738,9.551709601800471,-4.271259371331293,-1.118034146235167,8,12.5,0.14584477539720653,6.463789202134059,Consumer Defensive,Household & Personal Products,344847122432,0.388,10552059,147.34,179.99,137.62,21.828148,285.0,20.40324962799394
2,MRK,1,9,4.398230948599929,39.860282996152854,0.46123275476694503,11,36.36363636363637,2.9067804803447888,12.150516069905127,-4.5969211631396,-1.0797302306465313,3,33.33333333333333,0.07088246280609953,7.563584359136691,Healthcare,Drug Manufacturers - General,267013046272,0.298,13969500,106.9,112.9,73.31,14.121532,315.0,22.828644650057043
2,COR,1,10,4.202186997685372,29.90839435778019,0.7707483588505589,11,45.45454545454545,2.6320482478787284,14.438569858582895,7.3764650800466125,0.26427333441155026,4,50.0,6.566514196511899,5.0951572007150645,Healthcare,Medical Distribution,68002463744,0.665,1420650,350.54,377.54,237.71,43.92732,67.0,26.437706479878088
2,INVH,1,11,3.59698244110486,31.650174867023708,0.7940950336690236,11,63.63636363636363,2.1421603809813092,14.967947761133086,-4.732254750999232,-1.0653631083696946,4,25.0,0.42987795306025206,9.568364811925314,Real Estate,REIT - Residential,16067269632,0.83,5876122,26.21,35.799,25.29,27.589474,448.00000000000006,28.965329682996927
2,MCK,1,12,3.5044836020956316,26.038410343677775,0.792104938461295,13,46.15384615384615,2.4897377590614687,14.653007145687516,10.019394007276382,0.3468571799787065,4,50.0,7.30403461391942,4.973727150393314,Healthcare,Medical Distribution,102818627584,0.409,707557,826.62,895.58,570.51,25.8723,39.0,27.688574225732793
2,OMC,1,13,3.4573141391831133,31.81877700024611,0.5988049799548869,10,60.0,2.9779549164065098,16.411495678990814,-11.489455561534657,-0.7783520542080654,4,0.0,0.0,13.308069552658706,Communication Services,Advertising Agencies,24289142784,0.755,4525186,76.54,89.27,68.37,11.289085,372.0,31.53212402279327
2,ANET,1,14,3.398761341190279,35.55321280566215,0.7370050446376673,10,60.0,2.6070344632077407,20.099044667993812,-13.887927492317198,-0.7436386572904469,8,25.0,0.3106950856206569,20.57458124849885,Technology,Computer Hardware,189081649152,1.414,7825695,150.15,164.94,59.43,57.09125,0.0,42.244102781112694
2,CI,1,15,2.8532466251223414,26.78786236320545,0.37512641997466395,12,58.333333333333336,2.884811782080289,10.160004074267713,8.460939968344539,0.3044017451014256,8,25.0,1.3196861152601798,7.085594277219083,Healthcare,Healthcare Plans,72759730176,0.269,2034755,272.38,350.0,239.51,12.062888,224.00000000000003,32.20397855242395
2,HCA,1,16,2.508453276965586,26.67887672514326,0.8899328308020742,7,57.14285714285714,2.3896460854941406,22.61790304939317,3.2706193387067373,-0.12875485574114182,2,50.0,2.5479387870973844,6.802139509663828,Healthcare,Medical Care Facilities,114944630784,1.368,1250685,491.23,527.55,295.0,17.33957,62.0,37.45902627289872
2,NVDA,1,17,2.497300105025397,46.51569405793576,0.4453658981673859,11,45.45454545454545,2.2110314356258414,18.34174482480688,45.0054003702409,0.5260364033477488,5,20.0,5.027438971715168,11.588561840946328,Technology,Semiconductors,4662937780224,2.314,184414460,191.52,212.19,86.62,47.52357,2.0,53.1592011283965
2,BKR,1,18,2.0188814776159103,52.938873152794685,0.3719786697274128,12,58.333333333333336,2.2055326251049148,21.512723362024225,14.603167106323145,0.41920641861638,4,25.0,2.2921499942418446,14.05502481056514,Energy,Oil & Gas Equipment & Services,55881007104,0.887,7848191,56.63,57.58,33.6,21.780771,163.0,44.648441721191375
2,TRV,1,19,1.9924745838654219,22.824156771223358,0.3982509472351175,9,44.44444444444444,1.9634397643861217,8.95728414370957,-17.11084690328547,-0.7123173511705343,7,0.0,0.0,17.42915372308832,Financial Services,Insurance - Property & Casualty,62912811008,0.531,1492667,282.04,296.85,230.43,10.285923,156.0,27.39981736036765
2,AZO,1,20,1.731682257501374,17.066581971923856,0.4906420531417663,11,54.54545454545454,3.2451272380654426,15.69187509303693,-10.852414992187498,-0.7901509295422764,6,0.0,0.0,11.93927859442331,Consumer Cyclical,Auto Parts,62907060224,0.42,163932,3782.14,4388.11,3210.72,26.40053,0.0,27.86292336710425
2,CVX,1,21,1.7127023678184998,36.665550324822505,0.4081113284632587,10,50.0,2.2030932888413903,19.248099163253706,-7.266128162948027,-0.8951813100092431,4,0.0,0.0,8.047868087697813,Energy,Oil & Gas Integrated,342378741760,0.687,9596144,169.93,170.42,132.04,23.866573,405.0,34.42449679976998
2,NUE,1,22,1.6932520275445868,41.71964496005365,0.47175706686921237,14,28.57142857142857,1.6763510340392458,19.48508841563732,5.7312502244668995,0.1744013511857329,4,25.0,1.2804384235266588,13.16969700612482,Basic Materials,Steel,39633739776,1.88,1571442,173.18,183.32,97.59,23.029255,129.0,42.15914539650648
2,EXR,1,23,1.6784261801993352,19.405794105483043,0.45336972361542976,10,40.0,2.2695804762990726,11.896720960544652,-9.73094548668647,-0.8146757253766062,5,20.0,0.07385030691890716,13.688358594416451,Real Estate,REIT - Industrial,30394857472,1.273,1301029,137.16,162.77,121.03,30.684566,463.99999999999994,29.99469971746266
2,VRTX,1,24,1.6539616056504605,35.89796453308103,0.6747110224999314,14,35.714285714285715,1.620115623638551,23.725108958892307,-2.092275285308809,-1.6811252327301667,4,25.0,0.27647772798405157,4.223131326187598,Healthcare,Biotechnology,122531659776,0.314,1434895,477.91,519.68,362.5,33.584682,0.0,31.1486975385036
2,HWM,1,25,1.582729418367748,26.74758863678528,0.3518828845553033,12,58.333333333333336,2.1140348904502875,12.571533436443392,-7.774629411102341,-0.8743935049045821,5,20.0,0.44233708128639915,14.589080830718512,Industrials,Aerospace & Defense,84863098880,1.292,2273249,210.84,226.87,105.04,59.22472,21.0,40.640964170649504
2,UDR,1,26,1.52874273761661,14.251214677206026,0.38885492619886053,12,50.0,2.5988117600956078,9.420629064662473,-7.752528298184735,-0.8752403236250613,5,0.0,0.0,15.173719418966872,Real Estate,REIT - Residential,13715495936,0.712,3400393,36.43,46.47,32.94,82.795456,463.99999999999994,29.597078585023677
2,FSLR,1,27,1.4584286043376589,51.297743245010416,0.34061196964285334,10,30.0,2.125228160951301,25.461181548983856,0.19854366174316684,-11.054353591223267,3,66.66666666666666,1.040325008451033,10.22707813264828,Technology,Solar,26763724800,1.597,2173429,249.41,285.99,116.56,19.155914,0.0,50.6430420198613
2,GIS,1,28,1.4506204517452408,18.872002238836117,0.7092344454821701,15,53.333333333333336,1.2969257693585245,11.966554490490811,3.2468175435368174,-0.133931176654366,4,25.0,0.8907110398357003,7.325656873271505,Consumer Defensive,Packaged Foods,23664363520,-0.068,7164181,44.35,67.35,42.79,9.537634,546.0,22.031798864384886
2,ABBV,1,29,1.4343752738811446,25.843607537988824,0.3872549217722053,10,40.0,2.2506682842237864,15.703584080341589,-0.7229910853195021,-3.7715820151287085,5,40.0,0.9052833516992926,7.711193067504243,Healthcare,Drug Manufacturers - General,386473984000,0.35,6220180,218.67,244.81,164.39,165.65909,297.0,24.094968226558557
2,LW,1,30,1.3634646431775572,31.883516617799025,0.5584586421390267,7,28.57142857142857,2.085086237822266,27.22935622633101,-8.383725788612518,-0.8528126513080067,4,0.0,0.0,14.118429037605159,Consumer Defensive,Packaged Foods,6336357376,0.442,2512837,45.47,67.07,39.79,16.474638,337.0,34.43527008320027
2,TKO,1,31,1.3474346583082708,37.62796352287931,0.49123176454874057,9,55.55555555555556,1.5455271297195132,21.201474954132276,2.6682830609368935,-0.28815051315526646,2,50.0,0.0,15.950392689239665,Communication Services,Entertainment,16006837248,0.225,1147098,194.88,218.11,133.07,74.09886,157.0,37.13537684808862
2,CTVA,1,32,1.2823200285694212,24.651256430628422,0.2599823608327067,8,50.0,2.3784443369735855,11.88719833879679,-17.582158982209762,-0.7086993872982287,7,14.285714285714285,0.15343572904194858,21.179907299219668,Basic Materials,Agricultural Inputs,49608257536,0.745,3847840,73.05,77.41,53.4,29.5749,99.0,32.73605716338571
2,ADM,1,33,1.26387936635361,26.3360922313854,0.3919068615426009,13,46.15384615384615,2.0784470572050773,16.973349129299738,3.5480964606903864,-0.07353425504598177,3,33.33333333333333,1.8788058696022465,6.0273344621161895,Consumer Defensive,Farm Products,32390400000,0.694,3275890,67.4,69.75,40.98,27.398375,299.0,28.222876850752577
2,MPC,1,34,1.241177502059743,40.27025188345752,0.30596143864768716,9,55.55555555555556,2.2830040760039045,22.663335731722324,35.00833574179472,0.5113830922923411,2,50.0,0.0,5.40169409745469,Energy,Oil & Gas Refining & Marketing,52294533120,0.732,2237454,172.01,202.3,115.1,18.298937,233.0,45.0149445351719
2,PPL,1,35,1.2354948529243452,17.23872490384153,0.7144999488704257,10,50.0,1.5741505374807423,15.693241671302408,-7.767765104563262,-0.8746559994313682,6,0.0,0.0,13.614373532720393,Utilities,Utilities - Regulated Electric,27148429312,0.716,6498670,36.7,38.27,32.5,24.965986,297.0,25.548375351183388
2,DOW,1,36,1.2058436402396353,17.60962350553852,0.4695213886710352,10,40.0,1.710421139448955,11.727825895267744,-4.307293419414604,-1.1135108814082313,5,20.0,0.4935760330399995,11.522089649103926,Basic Materials,Chemicals,19745118208,0.776,11788839,27.78,41.475,20.402,0.0,503.0,35.45519455159024
2,STLD,1,37,1.1406535529720137,49.76272095167693,0.3394577321952971,13,46.15384615384615,1.8082175303436694,26.778530574920367,5.9952457403366965,0.19214486197494038,5,60.0,1.2776675007907128,11.74531627634739,Basic Materials,Steel,25669537792,1.484,1252373,174.38,185.56,103.17,21.824781,113.99999999999999,44.69538107070996
2,HAL,1,38,1.1404140808949885,44.67364482759382,0.3022924266728807,8,37.5,2.095945345265623,24.819671931360364,-1.9944482783777473,-1.7352650177420101,6,16.666666666666664,0.8850295687189126,14.571106618603157,Energy,Oil & Gas Equipment & Services,28442806272,0.787,11837854,33.36,35.55,18.72,22.24,198.0,55.08476167996117
2,TDG,1,39,1.0985942808845726,16.908382724028435,0.5337036628066208,13,38.46153846153847,1.5499929961915941,12.731942099163831,-3.308398522730094,-1.2753922556347124,5,40.0,1.4226512154506876,16.263617504361775,Industrials,Aerospace & Defense,79573925888,0.917,319303,1412.13,1623.83,1183.6,43.977886,0.0,38.31761860720064
2,GD,1,40,1.0068497225349369,17.330635731226863,0.33013060266648947,11,45.45454545454545,2.379405024793405,13.520850113208446,1.638341468727278,-0.8322466438107698,6,33.33333333333333,0.8174978594149208,7.900698747672016,Industrials,Aerospace & Defense,96346562560,0.414,1236052,356.68,369.7,239.2,23.116007,164.0,24.080160845699396
2,HSY,1,41,0.9939607445318721,19.256139476814305,0.4536199217715283,10,60.0,1.4568687049532267,12.803022948120619,-6.863118032558302,-0.913844711774296,3,0.0,0.0,7.279979777493819,Consumer Defensive,Confectioners,38934740992,0.175,1781590,192.0,201.86,140.13,28.69955,286.0,21.763277257062953
2,CPB,1,42,0.946599390775137,14.924575524661288,0.40505999658544,12,58.333333333333336,1.9217803052621962,12.273229647321896,-5.675988615778083,-0.9842223108880261,7,0.0,0.0,8.890691832330813,Consumer Defensive,Packaged Foods,8043661824,-0.043,6674273,26.98,43.85,25.62,13.907216,570.0,24.066845107767964
2,ETR,1,43,0.9439974140818661,16.51158437572502,0.4210163759733237,10,50.0,1.9336320779157983,14.239369977448002,-10.69609647168399,-0.7932609131214782,6,0.0,0.0,17.201634435773027,Utilities,Utilities - Regulated Electric,43087671296,0.648,2607198,96.48,98.58,75.57,23.763548,265.0,26.78158479425152
2,MCD,1,44,0.9303600843358993,14.879486152853193,0.4552567593504559,10,40.0,1.273994661287443,9.276002881991102,-3.154624421912755,-1.3094187400722033,7,28.57142857142857,0.11277215211225354,7.289296052772133,Consumer Cyclical,Restaurants,223215452160,0.531,3269132,312.8,326.32,283.47,26.689419,237.0,21.725902178027948
2,APD,1,45,0.9053177134443134,26.59813999154057,0.29048374872527727,11,27.27272727272727,2.0233541070238608,17.268077353278443,-7.133063530632766,-0.9011103292032285,5,40.0,0.32582258941168646,14.060018107488402,Basic Materials,Specialty Chemicals,56959004672,0.879,1604140,255.89,341.14,229.11,0.0,276.0,27.98948490602878
2,ATO,1,46,0.8285125324081929,17.146431395492367,0.3874162655404118,12,41.66666666666667,1.647078380916798,13.205862811594342,-6.3177627161227985,-0.9428912336935571,4,25.0,0.20461415309775766,12.89993365567983,Utilities,Utilities - Regulated Gas,26850168832,0.761,1180806,166.0,180.65,140.66,22.28188,237.0,24.77880405231663
2,ACGL,1,47,0.7889556833541287,24.4561430144701,0.6116771209248453,9,33.33333333333333,1.5259063501029164,28.932467452895427,6.702098338821472,0.23277145819524678,5,40.0,2.249996052395593,7.0281518782543,Financial Services,Insurance - Diversified,35146153984,0.425,2263850,94.17,97.6,82.45,8.825679,0.0,31.671704435758326
2,ROL,1,48,0.7299842343319035,17.524554622156362,0.4125709305663144,14,42.857142857142854,1.1937506230981572,11.823491532719636,-5.46554631705789,-0.9998882814558283,5,0.0,0.0,14.055736119674354,Consumer Cyclical,Personal Services,30230689792,0.789,2674509,62.83,63.84,48.7,58.719624,114.99999999999999,28.471806942716704
2,COP,1,49,0.7089523144302387,26.451084119646207,0.2678938129904871,11,36.36363636363637,1.7892781490695286,17.884096063944103,3.086880457743968,-0.17078400694179272,4,25.0,1.283606150266248,9.454102887641291,Energy,Oil & Gas E&P,126630264832,0.328,7527016,101.39,106.2,79.88,14.3206215,336.0,44.21828887028424
2,LLY,1,50,0.6870816597654966,25.070251111757468,0.49135698919306775,17,35.294117647058826,0.9012184992070322,16.15762646185667,-1.4207728588220392,-2.20280437497345,4,75.0,0.717652756635875,12.438738334062181,Healthcare,Drug Manufacturers - General,917792423936,0.347,3570195,1023.8,1133.95,623.78,50.260185,60.0,30.558290344352727
2,DTE,1,51,0.6762966859376629,13.710162247928338,0.3404963073973927,12,58.333333333333336,1.7014851572621121,11.744807593383543,-16.29569658113156,-0.7190687324207411,6,16.666666666666664,0.07402352789341128,18.85581826897821,Utilities,Utilities - Regulated Electric,28361191424,0.484,1616786,136.56,143.79,117.56,20.473763,324.0,25.286780270271354
2,CEG,1,52,0.6743096890920885,3.3803350145025224,0.40834266680093007,2,50.0,3.3583972337854897,6.874754092061449,-4.798693902222551,-1.4167800740684224,4,25.0,0.1719040568477694,7.071508044020974,Utilities,Utilities - Independent Power Producers,104321433600,1.145,2945472,287.95,412.7,161.35,33.02179,54.0,40.83180230990615
2,XOM,1,53,0.6726407207796621,25.32984816315007,0.2865684169111546,12,58.333333333333336,1.851850279121794,19.98405549015066,-1.7263627049313057,-1.9150767331370726,4,50.0,0.7476186399554312,8.150186377270236,Energy,Oil & Gas Integrated,586537566208,0.365,16331731,137.58,138.0,97.8,19.997093,301.0,34.59127880177547
2,MSI,1,54,0.6419135204921498,12.071165544098506,0.46026305084232944,12,33.33333333333333,1.4272105472683558,12.35284070453956,-6.830584483606906,-0.9154474089440587,5,0.0,0.0,9.25723469211336,Technology,Communication Equipment,67487899648,1.005,1469406,405.08,492.22,359.36,32.48436,119.0,27.72988839399059
2,LIN,1,55,0.6388268990370384,11.980510781824915,0.368684256891546,12,41.66666666666667,1.4751012278557607,10.199257522125938,-6.688702690597892,-0.9226191776140891,8,25.0,0.22251008477290055,7.666621178390342,Basic Materials,Specialty Chemicals,211712655360,0.855,2861313,451.5,486.38,387.78,30.200668,132.0,26.208943035673098
2,ARE,1,56,0.6350924315615345,10.774150941597348,0.4587567794579887,13,46.15384615384615,1.5661573637800512,12.18888586383769,-24.030014176738725,-0.6734551262143889,8,12.5,0.04472070812180165,24.528667430303646,Real Estate,REIT - Office,9463932928,1.319,3029854,54.61,105.14,44.1,0.0,805.0000000000001,28.722746898207223
2,MO,1,57,0.6168437467419937,14.011258574803854,0.5078229786335855,11,36.36363636363637,1.4491111825530727,16.71537167790067,-8.11440320990039,-0.8619554357089334,6,50.0,0.20081229161076247,12.371947947200352,Consumer Defensive,Tobacco,106051518464,0.501,9591060,63.13,68.6,50.08,12.04771,666.0,24.568166213750093
2,CVNA,1,58,0.5992528756166073,49.34173077483464,0.39377730402208905,16,18.75,1.4491767072888957,46.98684436544865,139.01941154113962,0.5607381928532568,3,0.0,0.0,52.99171730016506,Consumer Cyclical,Auto & Truck Dealerships,88898084864,3.553,4050222,410.04,486.89,148.25,93.19091,0.0,121.90131699811599
2,SYY,1,59,0.5446259730151598,16.248341666742427,0.25668107675667157,11,27.27272727272727,1.8420480261744925,14.106052483402994,-4.240036218772181,-1.1220156818419866,6,33.33333333333333,0.10640275104713788,7.666364343772184,Consumer Defensive,Food Distribution,39995203584,0.618,3392349,83.51,85.33,67.12,22.509434,257.0,35.40631020999122
2,KMB,1,60,0.5442780176346498,16.011545427844798,0.5147900955524123,10,40.0,1.136159645080346,17.20608245338667,-14.248986108853057,-0.7394250343073803,7,0.0,0.0,16.358704654181018,Consumer Defensive,Household & Personal Products,33036642304,0.276,6761808,99.54,150.45,96.26,20.481482,509.0,21.071601334219178
2,BSX,1,61,0.5281434049471925,12.296040316749558,0.4642880807649247,9,33.33333333333333,1.2588572793666,13.60747194488492,-7.542925353935259,-0.8835180977700392,6,16.666666666666664,0.1848624421768747,11.140886960585693,Healthcare,Medical Devices,139092426752,0.671,9773108,93.79,109.5,85.98,50.15508,0.0,27.889883689274132
2,COST,1,62,0.52546633489048,10.370205781925911,0.46631515199569673,14,42.857142857142854,1.4783641458185595,13.605152859703166,-0.09351278457990775,-25.273450242398052,4,50.0,0.9771973207963955,4.359979862320131,Consumer Defensive,Discount Stores,426545676288,1.008,2762929,960.78,1078.23,844.06,51.571663,54.0,24.57494360161451
2,WMT,1,63,0.514264192629899,12.243648523573313,0.36301590473746487,12,41.66666666666667,1.2333734452225003,10.659695881854612,-0.4065267015166296,-6.258160577941351,5,20.0,0.5274858844934949,5.843385047978427,Consumer Defensive,Discount Stores,929395245056,0.661,28438654,116.57,121.62,79.81,40.616726,80.0,22.080539621411184
2,PNW,1,64,0.5077284775449452,16.573994873576602,0.36350746614157403,11,27.27272727272727,1.5760068103585507,18.701097846970562,-11.465250469486165,-0.7787764031327776,7,14.285714285714285,0.005415389178559621,18.86705402322381,Utilities,Utilities - Regulated Electric,11212596224,0.543,1329880,93.68,96.5,85.03,19.315464,384.0,26.538522694414706
2,BLDR,1,65,0.5062993438613183,35.1042403799362,0.3299996308442577,10,30.0,1.1939731580746384,27.318712816843302,11.911109927345276,0.383463965491208,2,50.0,3.4680523884338355,16.531507609276687,Industrials,Building Products & Equipment,12947879936,1.569,2127578,117.09,173.84,94.35,22.218216,0.0,50.43610820940826
2,NEE,1,66,0.41178994632359245,17.033036375293587,0.2502549577992928,11,72.72727272727273,1.6843456734534916,17.435333141067385,-16.139394140580844,-0.720441209075142,6,16.666666666666664,0.002837899301850921,30.724596706430404,Utilities,Utilities - Regulated Electric,182374121472,0.0,9595750,87.57,88.96,61.72,26.617022,260.0,28.408701470576254
2,CHD,1,67,0.3328710458111115,16.366157979100926,0.2940342739915491,10,30.0,1.016942880801385,14.701621438067097,-7.297072117475977,-0.8938335161110385,5,20.0,0.36820441279744076,8.767601727350469,Consumer Defensive,Household & Personal Products,22285324288,0.46,2567770,91.48,116.46,81.33,28.858044,128.0,22.79666424058361
2,GWW,1,68,0.31316953887182974,11.575257618191781,0.26750170738887313,15,40.0,1.4031916578660073,13.87377685482453,7.4431645155104365,0.2670788689073856,5,20.0,1.318760442622796,9.2412219921628,Industrials,Industrial Distribution,51180978176,1.126,279506,1070.01,1139.15,893.99,30.022728,85.0,29.125261848290524
2,ORCL,1,69,0.28278850353531504,11.072699041333923,0.28305421894136223,10,40.0,1.0947444172212946,12.133165393414533,-2.1986749102732905,-1.6277106776191974,7,28.57142857142857,0.8635190895245476,25.284383104197946,Technology,Software - Infrastructure,496476880896,1.651,25740452,172.8,345.72,118.86,32.4812,113.99999999999999,30.256036286277997
2,DLTR,1,70,0.26688730446524905,10.96907799472051,0.4047689158325022,12,41.66666666666667,1.1744351551639036,19.53792352986371,-11.443696018547056,-0.7791557936474239,3,33.33333333333333,0.21801030441205255,14.793329870947527,Consumer Defensive,Discount Stores,24292569088,0.749,3354390,119.1,142.4,61.8,22.556816,0.0,38.08265496311293
2,KHC,1,71,0.24989493948280178,9.022086126801554,0.3005894871209113,13,46.15384615384615,1.1930867522514768,12.947780192000922,-6.261083755116214,-0.9462003224845348,3,0.0,0.0,7.392550805706196,Consumer Defensive,Packaged Foods,27448973312,0.065,16132760,23.19,33.35,21.985,0.0,675.0,27.81414114315277
2,MKC,1,72,0.2482484849727382,19.23827754949805,0.30992852530745324,14,21.428571428571427,0.9532271356920617,22.894835426551037,-2.995312281460305,-1.3483553797594667,4,0.0,0.0,8.86528881997902,Consumer Defensive,Packaged Foods,16605589504,0.617,3163911,61.86,86.24,59.62,21.112627,303.0,25.008538214892695
2,PM,1,73,0.23882116426603447,9.328207877972572,0.24193268584635874,13,53.84615384615385,1.5555248461177065,14.699308467779897,-3.4667548955234273,-1.2435067026140374,4,25.0,0.6513325397529581,12.496869783382374,Consumer Defensive,Tobacco,278000107520,0.42,5602462,178.59,186.69,128.25,25.476461,329.0,24.464075058417993
2,BMY,1,74,0.19230818786790949,11.30016743572222,0.16790842618079366,13,23.076923076923077,1.4516511829210283,14.322600103923566,-15.17015767987645,-0.7295834315266249,7,14.285714285714285,0.04047674874025206,15.170157679876446,Healthcare,Drug Manufacturers - General,111192834048,0.295,15116098,54.62,63.33,42.52,18.390572,454.0,21.10842345510737
2,SLB,1,75,0.17906589899253716,16.128860866704354,0.18407235804720906,12,33.33333333333333,1.392735154381048,23.091275447755077,1.8386840572601537,-0.6786572910215466,6,50.0,1.1150886537933082,13.171914471806247,Energy,Oil & Gas Equipment & Services,73076850688,0.723,16603224,48.87,51.67,31.11,20.795746,233.0,49.54040455139527
2,SBAC,1,76,0.17673867055756412,9.871326716975503,0.22769818679346285,13,46.15384615384615,1.4458342287084902,18.387471671817117,-7.097649307981902,-0.9027257528953916,7,0.0,0.0,21.025434142920336,Real Estate,REIT - Specialty,19624642560,0.869,832181,184.16,245.16,179.89,23.13568,238.0,30.368926912742566
2,VICI,1,77,0.1723720839379711,6.388165457830053,0.2000873203370552,11,45.45454545454545,1.6738403679092446,12.41203036694818,-12.57687956401412,-0.7609730084393781,6,16.666666666666664,0.0350140528802075,13.97879988515346,Real Estate,REIT - Diversified,29809149952,0.72,12374303,27.89,34.03,27.48,10.604562,619.0,32.30994972647434
2,MLM,1,78,0.1713941770725088,10.906238638295939,0.27986098461920167,9,33.33333333333333,0.9016251231488348,16.056367335049792,-1.9347446546969849,-1.7709967129991309,5,20.0,0.9493156361096514,15.357889881867537,Basic Materials,Building Materials,39213514752,1.156,420763,650.23,668.83,441.95,33.379364,51.0,33.82000167590062
2,DUK,1,79,0.14952107714552212,7.25881043206682,0.15027144066080267,9,66.66666666666666,1.6896421831564197,12.326342508673,-16.212791285463336,-0.7197934201619789,9,0.0,0.0,19.71951669700575,Utilities,Utilities - Regulated Electric,93505986560,0.49,3530836,120.24,130.03,110.51,18.935432,354.0,23.132325840286942
2,L,1,80,0.148329897932053,7.634407695067491,0.15310370824703046,8,50.0,1.6415249869546307,12.93539985969062,2.140151951641056,-0.5017324917272661,6,16.666666666666664,0.894348652989308,7.847468293932039,Financial Services,Insurance - Property & Casualty,21325508608,0.609,794263,102.81,109.06,78.98,14.9,24.0,30.131529024772018
2,KMI,1,81,0.14515410626834024,7.8561654650740165,0.1476392287598198,10,40.0,1.7058075277524305,13.630540900456358,3.9907468597778495,-0.0013386724805710653,3,33.33333333333333,5.587581143195903,6.227723956443605,Energy,Oil & Gas Midstream,66898542592,0.686,13645000,30.07,30.31,23.94,21.948904,395.0,30.664118590675283
2,CPAY,1,82,0.14278126536883623,14.00391897851565,0.20984067954556943,13,23.076923076923077,0.8781702495538647,18.073687421962624,16.77733948983764,0.43970025154783254,1,100.0,0.0,5.770909361221815,Technology,Software - Infrastructure,22429954048,0.844,634780,317.64,400.81,252.84,21.578804,0.0,34.39936258909756
2,SMCI,1,83,0.14010081941983366,17.277970043187874,0.19152407731125803,15,33.33333333333333,1.2484925527431474,29.489090356857197,61.336264591183664,0.5396987902130197,3,66.66666666666666,8.114092281188297,29.846261230252058,Technology,Computer Hardware,18631469056,1.532,27132396,31.21,66.44,25.71,24.574802,0.0,58.06895612867987
2,PCG,1,84,0.1380800292972415,10.145371803453006,0.3298159822599159,11,27.27272727272727,0.9883823367889538,23.9515580472676,-4.199431026258971,-1.127282167658218,7,14.285714285714285,0.15520271843882982,10.19713298072763,Utilities,Utilities - Regulated Electric,32814804992,0.379,22690001,14.93,17.95,12.97,12.546218,132.0,53.418741390880854
2,BKNG,1,85,0.13340695631159574,11.838014027670996,0.17122908402297563,10,60.0,1.4860646679330014,22.579567375730804,-6.0383395940947215,-0.9598065787050787,6,33.33333333333333,0.08672358731657513,10.215527014320758,Consumer Cyclical,Travel Services,164811407360,1.234,249685,5085.22,5839.41,4096.23,33.11337,75.0,37.67613911145013
2,AES,1,86,0.13099545715386565,9.57409070500075,0.17188031053624553,11,45.45454545454545,1.4158906569759333,17.78677242555485,13.61650053891772,0.4077471417077931,3,33.33333333333333,1.1498911907396785,6.450426747536838,Utilities,Utilities - Diversified,10817117184,0.969,8031688,15.19,15.51,9.46,9.993421,472.0,36.14136025637541
2,MOH,1,87,0.12443900370736473,7.5948157975768815,0.1483455776661887,12,33.33333333333333,1.3739767977964346,12.439837941932392,0.12047139578243993,-18.592354387748752,6,33.33333333333333,1.0688431591213134,8.452038312280353,Healthcare,Healthcare Plans,10135400448,0.491,1592350,187.0,359.97,133.4,11.514778,0.0,34.54984580000137
2,ORLY,1,88,0.12175895258198834,12.319759716339163,0.20542943919488896,15,40.0,0.9851469526894842,20.476938826008315,-8.372865356948822,-0.8531699531693621,8,12.5,0.0075503378047176335,13.030204047140884,Consumer Cyclical,Auto Parts,85762301952,0.631,5546652,101.37,108.72,85.04467,35.197918,0.0,27.09826611930261
2,AMD,1,89,0.12153859332306179,12.221027792434679,0.18461216686213566,13,46.15384615384615,1.2663580160272032,23.50771137134865,20.88245708319092,0.4667597832349136,6,33.33333333333333,2.058535379528047,11.201961224954845,Technology,Semiconductors,411471249408,1.95,40007026,252.74,267.08,76.48,131.63542,0.0,52.61525061572482
2,DE,1,90,0.1093206981190849,9.987903109131446,0.12777963435875056,10,30.0,1.311323353683529,15.308877964502623,-8.57305072992176,-0.846729414316833,6,33.33333333333333,0.4820497168234698,19.226964910207954,Industrials,Farm & Heavy Construction Machinery,142316814336,1.01,1428383,525.01,533.78,404.42,28.409634,125.0,33.19301234835794
2,OKE,1,91,0.09796186562411666,9.011269227753882,0.11935065076287213,10,50.0,1.491736861128258,16.377436737497852,-3.4070824431768787,-1.2551739248464995,5,20.0,0.5608929003436085,10.316036229745873,Energy,Oil & Gas Midstream,49914458112,0.92,4269431,79.26,103.64,64.02,14.569853,535.0,45.38714540684033
2,OXY,1,92,0.09778758269307294,15.072132155272321,0.24000140338437168,16,25.0,1.1890782114531886,43.98607246393556,-7.016803627746504,-0.9064746396688643,4,25.0,0.25479317755635694,13.721552290786075,Energy,Oil & Gas E&P,44166983680,0.38,9858488,44.83,52.58,34.78,32.963238,215.0,62.56458116328496
2,HPE,1,93,0.08985364645638869,9.043467725069142,0.13486125754822573,10,40.0,1.3022330367019586,17.67564214905569,12.008587367317913,0.3850378009434707,4,50.0,3.545658727835405,10.495803698883211,Technology,Communication Equipment,28972711936,1.333,24868080,21.71,26.44,11.965,0.0,264.0,35.40377405392346
2,CDW,1,94,0.08255953971982578,7.822670632473705,0.14056975641475575,10,40.0,1.4049211615825599,18.712492027651574,2.68522248165588,-0.282690599876233,6,33.33333333333333,1.6198244827637365,6.650294263270169,Technology,Information Technology Services,16345895936,1.073,1687636,124.72,222.92,123.085,15.767384,200.99999999999997,31.562611998864913
2,RCL,1,95,0.08138261453303615,17.738536079577184,0.21575357826944805,13,30.76923076923077,0.6892885103726009,32.4149371719401,26.254422058164284,0.4893879033968372,3,33.33333333333333,2.9018685907927972,16.42535633931783,Consumer Cyclical,Travel Services,79523102720,1.941,2312055,291.6,366.5,164.01,19.636364,120.0,65.05234216234939
2,BA,1,96,0.07722827571595053,11.80627892765045,0.14695697687294712,12,25.0,1.294238472745445,29.07643890473422,4.405756224533097,0.05317213516151228,3,33.33333333333333,3.377409549820841,11.490485373019805,Industrials,Aerospace & Defense,189182181376,1.163,8949418,241.59,254.35,128.88,97.809715,0.0,48.65018474064156
2,V,1,97,0.0747175278379812,7.229225578540088,0.14915395724358932,12,41.66666666666667,1.350236067901943,19.48559930100527,1.5882197962735711,-0.8767312642209492,5,40.0,0.7193137104989616,5.814017268480102,Financial Services,Credit Services,631037820928,0.815,6929954,326.98,375.51,299.0,32.025467,82.0,28.046465603851434
2,BRK-B,1,98,0.06953443105067114,6.931837285919196,0.14826273800471002,13,30.76923076923077,1.0810952691918774,15.978810168467984,0.07085229010010963,-32.0172359254905,5,40.0,1.0149847191212475,3.9935713358395173,Financial Services,Insurance - Diversified,1021476405248,0.71,4998493,473.49,542.07,454.6,15.137148,0.0,21.154358035235685
2,PEP,1,99,0.06674264347050247,7.598903098384802,0.1134631200343028,12,50.0,0.9857059875919852,12.733553550248933,-0.0691509907481902,-33.97385047506623,5,20.0,0.05478429141833236,3.4582811972171994,Consumer Defensive,Beverages - Non-Alcoholic,203307974656,0.421,7705752,148.5,160.15,127.6,28.178368,382.0,20.504823631956427
2,HII,1,100,0.059048003802282534,6.70202166018703,0.07982567831757777,12,41.66666666666667,1.3803581055672933,12.506477158266351,21.36765050041147,0.4692709519659547,2,50.0,0.0,5.091038200905126,Industrials,Aerospace & Defense,16692913152,0.354,527301,425.39,432.0,158.88,29.337242,131.0,28.206107897502726
2,UHS,1,101,0.05868904891300888,11.412074536373428,0.1912087017812294,13,23.076923076923077,0.9246539573811595,34.37909289576976,0.4663589184251027,-4.3746319606289195,7,14.285714285714285,0.843338132019006,14.540336766922826,Healthcare,Medical Care Facilities,12919927808,1.284,709813,203.02,246.33,152.33,9.663017,39.0,38.199716133055006
2,AFL,1,102,0.057474180778401295,7.222305120963846,0.09556971011851995,11,54.54545454545454,1.3915087862546884,16.711262612526806,6.198204702224586,0.20475833528178913,4,50.0,6.521649342645671,5.594324254407887,Financial Services,Insurance - Life,58253844480,0.664,2347609,108.92,115.84,96.95,14.312746,225.0,29.879695240960963
2,GE,1,103,0.05596515782404376,20.933787312991825,0.21809752266689447,10,30.0,0.37833710508539475,30.864535371341027,-5.305423927352515,-1.01264085263428,6,33.33333333333333,0.6238699143719235,16.375560857224418,Industrials,Aerospace & Defense,308511965184,1.403,4842959,292.48,332.79,159.36,36.28784,48.0,38.73689070259146
2,FCX,1,104,0.05371867151691881,8.517098830852564,0.11153732556278173,16,31.25,1.161345745750578,20.53752868533001,-3.5059864289447407,-1.236052498523014,4,25.0,0.7986090306253304,20.86015005075813,Basic Materials,Copper,91368267776,1.452,17103954,63.63,64.67,27.66,41.861843,95.0,51.87161170713205
2,EG,1,105,0.050443915059095144,7.406478857776055,0.1039631511451417,12,50.0,1.1565758615242065,17.654546266070295,-6.431002253507378,-0.9364546491482846,6,50.0,0.48583408221998514,9.4228782614073,Financial Services,Insurance - Reinsurance,13639090176,0.369,404690,324.91,370.21,302.44,24.174852,247.00000000000003,30.435382509742375
2,CTSH,1,106,0.03444313147391517,7.22643632717519,0.08875616273452382,9,44.44444444444444,1.0738905010018442,19.997700954146303,-2.98297057186504,-1.3515453278135532,4,25.0,0.21677971702314577,8.217794769638676,Technology,Information Technology Services,40683384832,0.954,4833052,83.3,90.82,65.15,19.282408,146.0,31.104358477131584
2,TRGP,1,107,0.03116618045502172,6.899849623129994,0.10550054799696547,14,28.57142857142857,1.1569012141448183,27.021349646856727,-0.6045834964796049,-4.397171832639152,4,25.0,0.9548209670952025,12.191138766884132,Energy,Oil & Gas Midstream,43281539072,0.874,1480960,201.13,211.87,144.14,27.143051,204.99999999999997,55.086984662589835
2,VTR,1,108,0.01681165499694437,6.193133406924534,0.06566093551799379,13,30.76923076923077,0.9587092197708187,23.189636249617568,-9.520516186295314,-0.8199212634055555,6,0.0,0.0,16.408158135375235,Real Estate,REIT - Healthcare Facilities,35662114816,0.8,3111955,75.92,81.89,58.72,143.24529,252.99999999999997,41.0798731523531
2,TAP,1,109,0.01376120337331327,7.185151196606698,0.08546444132724235,15,33.33333333333333,0.5772358043957319,25.758360531298912,-5.560598929296134,-0.9926654368762173,4,0.0,0.0,7.814932641380721,Consumer Defensive,Beverages - Brewers,9440862208,0.451,3362026,47.74,64.66,42.94,0.0,388.0,31.21088994701579
2,WMB,1,110,0.011650248351210323,5.2076417347875825,0.03494038648120046,13,53.84615384615385,1.2033789579703702,18.794727489722383,14.047769827320744,0.4129539909798934,3,66.66666666666666,5.996712427647325,5.296687361335931,Energy,Oil & Gas Midstream,81723957248,0.658,7181714,66.92,67.01,51.58,34.673576,321.0,33.3680476277205
2,AXON,1,111,0.009067477164733394,6.642538697914091,0.07478343874287109,10,20.0,0.785880452389793,43.053606825308655,-12.582227200027452,-0.7608949660103497,6,16.666666666666664,0.042474922009275835,18.08788586983427,Industrials,Aerospace & Defense,43679371264,1.414,853478,549.86,885.92,469.24,173.4574,0.0,49.44816746348089
2,LULU,1,112,0.008287285359932582,5.7018942479553525,0.0472658936596909,16,25.0,0.6552754916904706,21.309765147167276,1.5010163073120086,-0.961208016625494,5,40.0,0.1480758125064312,12.375549017145088,Consumer Cyclical,Apparel Retail,21387554816,1.016,4038413,180.35,423.32,159.25,12.53301,0.0,40.54638565026212
2,AVB,1,113,0.007754356626137968,4.661269739763885,0.027444510728492348,9,44.44444444444444,0.8777784634371062,14.481010847081583,-6.279857431647984,-0.9450976427398663,5,20.0,0.5145044080776592,13.460476336391755,Real Estate,REIT - Residential,24627992576,0.756,1088170,172.97,230.21,166.73,21.093903,398.0,28.533749972805765
2,PFE,1,114,0.0033280271591449684,4.914143761906975,0.008973622425663642,9,33.33333333333333,1.2931808655842887,17.135155812606637,-6.32317352192433,-0.9425784364621388,3,0.0,0.0,8.580150184211037,Healthcare,Drug Manufacturers - General,147032408064,0.433,65633383,25.86,27.69,20.92,15.0348835,649.0,26.775831420017564
2,AAPL,1,115,0.0017759797171912545,3.2009069503292853,0.01968914914177313,11,27.27272727272727,0.591287951913195,20.98268333966065,7.823732167873465,0.2821713153085635,4,75.0,34.06089805479764,6.361181344824024,Technology,Consumer Electronics,3789248004096,1.093,46691775,256.44,288.62,169.21,34.375336,40.0,31.875180619823517
2,CNP,1,116,0.0012296028971333355,4.702604831597146,0.0033146399996350695,10,50.0,1.2256033893083027,15.536741077229829,-11.40929467309878,-0.779764278374934,8,12.5,0.17019953131959992,13.177058924756874,Utilities,Utilities - Regulated Electric,25977630720,0.584,4692691,39.79,40.5,31.96,25.183544,231.0,30.102472473725168
2,TTD,1,117,0.0008066870904584458,1.8044765460624612,0.04640846518509642,11,9.090909090909092,0.38631963414188236,40.10422438765336,10.256077605739588,0.35217636104114414,3,33.33333333333333,1.689993774933648,23.75230015020801,Communication Services,Advertising Agencies,15582610432,1.105,13112111,31.87,125.8,31.83,36.21591,0.0,73.9069827470228
2,OTIS,1,118,0.0005801427157216536,3.587334252443286,0.0023973866564088063,12,16.666666666666664,0.9726967359563093,14.419577745661627,-12.936125214348081,-0.7558736707872724,6,16.666666666666664,0.08179596539909173,13.803609380755905,Industrials,Specialty Industrial Machinery,34773303296,1.014,2622742,88.6,106.828,84.0025,26.135693,186.0,26.12112522140967
2,CLX,1,119,0.00043379666331406596,3.512928451963382,0.003929360077017401,10,30.0,0.5594966002469932,17.803376556496104,-4.867629471234302,-1.0517908753216496,6,0.0,0.0,17.60920523231624,Consumer Defensive,Household & Personal Products,13271464960,0.575,2342981,108.8,161.45,96.66,17.080063,438.0,27.523050447223486
2,WST,2,120,0.00014383160850406284,0.25583539286941903,0.06952328148048524,15,26.666666666666668,0.2579765185156629,31.901913146612873,3.570674677054475,-0.06941855900941331,4,50.0,1.5130895083391438,8.269455384192662,Healthcare,Medical Instruments & Supplies,16970730496,1.167,764931,235.89,347.85,187.43,34.89497,37.0,33.54600890544787
2,ABNB,2,121,-0.0,-31.367870027648912,-0.20878203912889828,13,15.384615384615385,0.3540523136194939,48.500865582459355,8.262241442214968,0.29783760995421693,3,66.66666666666666,2.041309668106603,12.588363447816363,Consumer Cyclical,Travel Services,80539598848,1.1,4770018,131.55,163.93,99.88,31.32143,0.0,54.585278556622875
2,AEE,2,122,-0.0,-3.263105916220921,-0.3316069604408094,13,30.76923076923077,0.8800764376114144,13.154353350025092,-10.418335732449268,-0.7990172547874861,9,11.11111111111111,0.0671156471354913,11.355865391038131,Utilities,Utilities - Regulated Electric,28017862656,0.592,1700124,103.58,106.73,91.77,19.919231,273.0,24.418779961011943
2,A,2,123,-0.0,-11.652824975395305,-1.0054620305816515,18,38.88888888888889,0.6197695921534222,18.413737260400318,-4.647756695558202,-1.074235374850507,2,0.0,0.0,7.382973002821388,Healthcare,Diagnostics & Research,37952200704,1.291,1989908,133.87,160.27,96.43,29.293215,75.0,29.0895665392636
2,ADP,2,124,0.0,1.9536710338832641,-0.055812141212013514,12,25.0,1.0604616023223041,17.377861405922385,8.939835908881566,0.31902325957816785,4,25.0,2.721116902308475,4.614703199863981,Technology,Software - Application,101551890432,0.864,2293555,250.69,329.93,247.18,24.747286,267.0,27.121794875840543
2,ADBE,2,125,-0.0,-34.22441275473022,-0.8305967616249721,13,23.076923076923077,0.2083351982585506,35.44855787585204,41.96258701306152,0.5223155051022813,5,40.0,5.334874353545812,12.13637309454779,Technology,Software - Application,125404184576,1.526,4247267,299.58,465.7,288.33,17.949669,0.0,37.68981366454552
2,ACN,2,126,-0.0,-16.08498600507804,-0.33065297097557916,11,27.27272727272727,0.38046582492278513,26.6985612565994,2.8280477889504496,-0.23925583123825078,4,25.0,1.6789438058071207,11.939242516311548,Technology,Information Technology Services,167704150016,1.249,3958118,270.43,398.35,229.4,22.331131,236.0,28.514916020301317
2,ADI,2,127,-0.0,-33.13938847164318,-0.5738375773086395,16,25.0,0.22186293971271048,39.59383384584015,-11.932106725333302,-0.7708953932753304,6,33.33333333333333,0.18483920647760554,16.05301056137465,Technology,Semiconductors,155526381568,1.032,3755296,317.625,318.17,158.65,69.65461,130.0,34.05472458109047
2,ADSK,2,128,-0.0,-19.207086024810792,-0.5428832320803083,10,30.0,0.4387098332046116,22.66294371330478,-8.503966902221693,-0.8489177744859088,7,42.857142857142854,0.4236101252320002,19.308469062762956,Technology,Software - Application,57154285568,1.466,1602391,268.33,329.09,232.67,52.10291,0.0,40.40428179728613
2,ABT,2,129,-0.0,-4.068501441075956,-0.13704689524479674,16,25.0,0.4886703963343274,24.54589169727804,-0.6891084915733536,-3.9286383537200367,4,25.0,0.5817109167042702,8.513197786243879,Healthcare,Medical Devices,184575688704,0.72,7543419,106.05,141.23,105.27,28.508064,233.0,25.804732966391747
2,AEP,2,130,0.0,2.2238721079568258,-0.17109307792444992,11,54.54545454545454,1.1370941281366818,12.548740392263174,-3.3729799090669976,-1.262027065084716,6,33.33333333333333,0.2361590706847205,11.124947250653431,Utilities,Utilities - Regulated Electric,63760838656,0.615,3547322,119.12,124.8,97.32,17.440702,318.0,23.372231152740262
2,AIG,2,131,-0.0,-3.0638821411936856,-0.3877147518066771,12,41.66666666666667,0.9094884923948684,22.625639095378318,7.543054380379455,0.2711876777113538,6,66.66666666666666,5.062769307995581,6.318815429481189,Financial Services,Insurance - Diversified,40658341888,0.624,5022631,73.39,88.07,71.25,13.19964,244.0,38.57151738254394
2,AIZ,2,132,-0.0,-9.741448324851575,-0.7119556946572716,12,25.0,0.4182565918375448,24.246012102949532,10.37436179670188,0.3547437009964201,6,33.33333333333333,4.708024013527042,6.128995032419469,Financial Services,Insurance - Property & Casualty,11973466112,0.561,321375,237.29,243.76,174.97,14.468903,148.0,29.640993840326335
2,ALGN,2,133,-0.0,-41.04694443055722,-0.24972699550674393,19,15.789473684210526,0.34253898524802695,57.69533146525478,8.961078308380133,0.3196356284639865,1,100.0,0.0,13.396992565629215,Healthcare,Medical Instruments & Supplies,11954451456,1.833,1278219,164.92,232.2,122.0,31.96124,0.0,54.950457857536406
2,AJG,2,134,0.0,0.20419966158475855,-0.39194279693793,15,26.666666666666668,0.6049057225940039,17.548774748467537,0.9075831444705473,-1.967211174936499,6,33.33333333333333,0.7949734191409714,5.869253882788458,Financial Services,Insurance Brokers,62241824768,0.675,1854704,242.37,351.23,236.34,38.779198,107.0,25.007995448928135
2,ALL,2,135,-0.0,-4.708328156122132,-0.9128268797938573,13,46.15384615384615,0.7994117928492935,23.961136620993564,1.6289588062833982,-0.840365800640029,6,0.0,0.0,15.639626341960213,Financial Services,Insurance - Property & Casualty,51997507584,0.24,1656531,197.33,215.89,176.0,6.4005837,204.99999999999997,28.39212363877849
2,AKAM,2,136,-0.0,-35.9984700977249,-0.6215599194401126,13,23.076923076923077,0.09526076340946756,43.40064505369628,17.56686270255279,0.44588677933022663,2,100.0,0.0,6.157413437284698,Technology,Software - Infrastructure,14688640000,0.685,3337309,102.1,104.98,67.51,29.941347,0.0,28.50481229642089
2,ALB,2,137,0.0,2.0758583161510913,-0.06169390188498859,9,44.44444444444444,1.0717676508861902,20.829406468863112,7.894037929006159,0.28480023364029655,5,80.0,2.2820007474304846,10.55255985164496,Basic Materials,Specialty Chemicals,21695186944,1.412,3512454,184.33,195.69,49.43,0.0,83.0,49.97105660850805
2,ALLE,2,138,-0.0,-20.93957226332268,-0.4614079599810298,18,33.33333333333333,0.3873847547162374,36.53783809628491,-8.879418702384012,-0.8374349835345479,6,16.666666666666664,0.3495092134631879,17.771251324134816,Industrials,Security & Protection Services,14186668032,1.05,818854,164.9,180.68,116.57,22.313938,122.0,30.41195250803185
2,AMAT,2,139,-0.0,-25.442645319940414,-1.1187881938153956,16,37.5,0.325419487280726,30.45058500580063,7.357912024961277,0.2634839075201739,4,50.0,1.5153417769810686,15.776890597377154,Technology,Semiconductor Equipment & Materials,268269338624,1.671,7433121,336.75,344.04,123.74,38.930637,55.00000000000001,46.083928993585324
2,AMCR,2,140,-0.0,-36.51394197918945,-0.9491105534973774,17,17.647058823529413,0.08173970969973486,37.854936226028606,-6.873421016853831,-0.913340320009412,5,0.0,0.0,12.501271933162196,Consumer Cyclical,Packaging & Containers,20401285120,0.676,4921777,44.19,52.25,38.35,29.2649,581.0,28.30922637661547
2,AME,2,141,-0.0,-13.464344573962938,-0.49752384060868304,16,18.75,0.5514187031564708,27.62315610178265,-1.939344686031086,-1.7681654416511796,5,40.0,0.76812353316339,10.426589096723774,Industrials,Specialty Industrial Machinery,51384946688,1.047,1428400,222.49,224.37,145.02,35.148502,56.00000000000001,26.236377242542375
2,AMP,2,142,-0.0,-8.623114481866946,-0.7539133654992045,10,30.0,0.7444120255451,22.58414004771918,11.631673308109193,0.3788060859422788,3,66.66666666666666,5.123570457260743,5.177131928332115,Financial Services,Asset Management,47104675840,1.256,607159,499.67,582.05,396.14,13.753647,128.0,38.003226726426384
2,AMZN,2,143,-0.0,-17.444013608711263,-0.19148889140374922,14,28.57142857142857,0.4251266834546245,35.285911412573014,22.16786846189882,0.47317241010823485,5,40.0,3.3346098440845315,17.63291004736513,Consumer Cyclical,Internet Retail,2597829214208,1.376,44559791,243.01,258.6,161.38,34.371994,0.0,37.08440675132871
2,AMT,2,144,-0.0,-11.099741376747863,-0.46916775641920166,14,21.428571428571427,0.7024366098074998,30.82778742883816,-4.101715053736099,-1.1403833045183371,5,0.0,0.0,21.4793045727304,Real Estate,REIT - Specialty,83119276032,0.929,3173619,177.51,234.33,166.88,28.311005,378.0,29.242255900934417
2,APP,2,145,-0.0,-27.859102142374002,-0.09583286738976114,14,14.285714285714285,0.16767621948596245,53.174003365800395,103.68437453944779,0.6866473787647046,4,25.0,5.697868639478133,23.606148068058182,Communication Services,Advertising Agencies,183453220864,2.502,4374313,542.36,745.61,200.5,63.95755,0.0,77.17695226669154
2,AON,2,146,-0.0,-2.5760299787975005,-0.3794136974885109,13,46.15384615384615,0.8656413207700948,21.22781138745733,-4.635624984400854,-1.0755357532462035,4,25.0,0.5070277386152693,9.471275296709251,Financial Services,Insurance Brokers,71803658240,0.835,1098063,333.0,412.97,323.73,26.64,90.0,26.413181350515586
2,AOS,2,147,-0.0,-9.196587060795213,-0.6243273993737442,13,30.76923076923077,0.6248868244974451,24.40283329747315,-19.27774092177007,-0.6971465194935467,7,14.285714285714285,0.24547636409774753,23.45379495576265,Industrials,Specialty Industrial Machinery,9737604096,1.349,1275488,69.49,77.31,58.83,18.730457,198.0,30.757207653525303
2,APO,2,148,-0.0,-23.156193511283796,-0.5300888954013331,16,25.0,0.4365396703157469,34.46208785775336,28.062829750397444,0.49505632031492974,4,75.0,15.915858610535665,5.976996359639444,Financial Services,Asset Management,77132357632,1.583,3191277,132.89,174.91,102.58,19.37172,155.0,41.555253223332905
2,APH,2,149,-0.0,-10.901241996462485,-0.7341955712417262,13,15.384615384615385,0.6164175983332945,17.84505794286157,0.3818776704770377,-5.470138901553521,4,25.0,1.0404409972459607,10.469635970010401,Technology,Electronic Components,178663161856,1.214,8193065,145.96,167.04,56.45,48.816055,60.0,26.988410977659
2,APA,2,150,-0.0,-7.642031501353664,-0.050516643036542824,18,27.77777777777778,0.9068852656856017,42.68496648315869,5.348854388332258,0.145594063263339,5,20.0,1.320668183639745,11.184098710347124,Energy,Oil & Gas E&P,9306025984,0.743,6224626,26.01,27.72,13.58,6.2224884,387.0,69.01370268206324
2,APTV,2,151,-0.0,-17.261994219841004,-0.5100424746604691,14,28.57142857142857,0.6223762006795446,35.538710988296515,1.929814866493218,-0.6193453915475391,3,33.33333333333333,1.1728090946878849,16.52076513685077,Consumer Cyclical,Auto Parts,16943890432,1.502,2319975,77.81,88.93,47.19,58.946964,0.0,45.886080065148434
2,ARES,2,152,-0.0,-24.236556326064452,-1.154024668684425,17,23.52941176470588,0.513239847224493,31.89398742621267,12.726876795461406,0.39589168246219925,4,50.0,2.038791474237232,11.642830073129693,Financial Services,Asset Management,49078165504,1.548,2996706,149.8,200.485,110.63,62.941174,300.0,37.93395563466926
2,AVY,2,153,-0.0,-41.424004171226905,-0.8155545185803459,17,17.647058823529413,0.1557328721041072,42.934687751907965,-3.4567363888770353,-1.2454373944299577,8,12.5,0.5707027275048864,12.983669935385725,Consumer Cyclical,Packaging & Containers,14289598464,1.008,689414,184.87,194.75,156.23,21.007954,200.99999999999997,31.21529878154508
2,AVGO,2,154,-0.0,-1.1160254346694654,-0.057242438312511544,12,25.0,0.9507885049791489,23.927931880096686,25.608497748419424,0.48716922462206447,4,50.0,6.77371662838804,10.080216930856613,Technology,Semiconductors,1579981996032,1.218,29899513,333.24,414.61,138.1,70.0084,78.0,35.496918904725945
2,AWK,2,155,-0.0,-10.578450880945734,-0.5196340879615644,14,28.57142857142857,0.5818408076538314,25.943373296783033,-12.221430817344459,-0.7663135019954803,4,0.0,0.0,13.369979241159124,Utilities,Utilities - Regulated Water,24797259776,0.754,1867906,127.05,155.5,121.4,22.328648,254.0,26.496442771991035
2,AXP,2,156,-0.0,-32.084822874810115,-0.6189247928848788,16,25.0,0.36327628145700464,38.33066961226959,-6.6959099396368345,-0.9222475419393485,3,33.33333333333333,0.37858710115993094,14.780712376314558,Financial Services,Credit Services,248422989824,1.154,2607068,356.99,387.49,220.43,23.991262,91.0,37.201729783757784
2,BAC,2,157,-0.0,-24.0817944917617,-0.8055905613930833,12,16.666666666666664,0.18702230499167521,31.380403096082322,-3.9211343631788464,-1.1663127639321635,7,14.285714285714285,0.4431640222230306,19.144581379022636,Financial Services,Banks - Diversified,378342309888,1.295,37789775,51.81,57.55,33.07,13.598426,215.0,34.325188898635574
2,BALL,2,158,-0.0,-40.712386285380575,-0.5065590070214998,15,13.333333333333334,0.05511825365142073,47.48324617015369,0.3171071614311849,-6.705364716922934,5,20.0,0.3934115663500986,10.185943469957238,Consumer Cyclical,Packaging & Containers,15311096832,1.137,2706314,56.26,60.29,43.51,21.89105,140.0,33.33713027414053
2,BAX,2,159,-0.0,-19.88413214871818,-0.384575593672209,13,23.076923076923077,0.12253076313689974,36.75376754896342,-1.0500741926901869,-2.776624466036657,2,50.0,0.839719670198275,8.822147853627905,Healthcare,Medical Instruments & Supplies,10080634880,0.589,8955942,19.61,37.74,17.4,0.0,266.0,28.385799417131203
2,BBY,2,160,-0.0,-38.622463628602944,-0.7424054180771749,16,18.75,0.09668863983975882,41.62097686166905,10.255342069948782,0.35216021107096573,2,50.0,4.585850196202109,6.397272879861296,Consumer Cyclical,Specialty Retail,13774238720,1.433,4241996,65.56,91.68,54.99,21.636963,578.0,39.17280802617409
2,BDX,2,161,-0.0,-11.977081008568714,-0.6669631843811974,16,31.25,0.37158723725128084,22.04925457754332,-4.035728962648932,-1.1495891628646566,3,33.33333333333333,0.23182135222547942,7.687909331383827,Healthcare,Medical Instruments & Supplies,57631715328,0.262,2201657,201.92,251.99,162.29,34.694157,206.0,23.791898270609547
2,BEN,2,162,-0.0,-25.399907693765922,-0.4208973628803134,16,25.0,0.3005851461208215,35.19360975378016,5.092370726080753,0.123848118426951,3,66.66666666666666,2.2344512117347883,8.836067743734557,Financial Services,Asset Management,13378884608,1.466,4265137,25.66,26.25,16.25,28.197802,518.0,37.7187390864911
2,BF-B,2,163,-0.0,-16.541760791945105,-0.7537327846889598,12,41.66666666666667,0.23115044181957534,20.87114551444725,9.311651857009284,0.32933830394200764,2,50.0,0.0,3.263827318780782,Consumer Defensive,Beverages - Wineries & Distilleries,12187039744,0.414,4833088,26.31,38.85,25.32,15.385964,340.0,25.52648125141656
2,BG,2,164,-0.0,-9.094338195885154,-0.2070383141811903,14,21.428571428571427,0.7757022706818552,26.914132505537562,10.763167093070813,0.3627850713450929,4,25.0,3.305517907333815,4.512855920480229,Consumer Defensive,Farm Products,22294528000,0.768,1514896,115.3,118.35,67.4,12.969628,241.0,33.11009581858116
2,BIIB,2,165,-0.0,-3.485132145980918,-0.08363336980946127,14,21.428571428571427,0.46688720819772184,35.84637376933723,-23.943281107849145,-0.6738032601709425,6,0.0,0.0,23.943281107849145,Healthcare,Drug Manufacturers - General,25647958016,0.127,2015334,174.83,190.2,110.04,15.937101,0.0,50.24055602056264
2,BK,2,166,-0.0,-9.274596919433066,-0.45218244104649585,15,33.33333333333333,0.6822948769126304,27.972698731845036,4.072271268960459,0.0102463303235804,6,50.0,0.6208449700800932,6.897397581499035,Financial Services,Banks - Diversified,82914811904,1.109,3516944,118.9,125.89,70.46,16.045885,178.0,31.476269533966388
2,BLK,2,167,-0.0,-1.0988047983701676,-0.4889393648296885,14,35.714285714285715,0.9626276301480271,21.790536813503905,7.090824404156271,0.25166161225364875,3,66.66666666666666,26.091438752487882,5.200796564377868,Financial Services,Asset Management,174028128256,1.484,658931,1121.67,1219.94,773.74,31.775356,188.0,31.529267748309813
2,BRO,2,168,-0.0,-22.12071631316579,-0.32585630482909334,17,23.52941176470588,0.27692371956132056,37.600941028308384,5.028752462215991,0.11811090632370436,6,33.33333333333333,1.4442264026259757,7.017879886345084,Financial Services,Insurance Brokers,24616439808,0.812,2742954,72.1,125.68,71.8101,22.816454,85.0,27.080509989512517
2,BR,2,169,0.0,1.1649266247154344,-0.2918072997559516,13,30.76923076923077,0.8910666230529003,17.562743320851027,2.8583164782188586,-0.23060822468492007,5,40.0,1.4005830994860007,6.569384184680303,Technology,Information Technology Services,23916310528,0.994,747685,204.89,271.91,203.89,26.200768,189.0,26.00185452209346
2,BX,2,170,-0.0,-32.088610836149634,-1.0039007371212585,10,10.0,0.0508743260070932,34.42284876280183,4.8148783524828875,0.09771175961697652,4,50.0,1.6022304498415458,8.467551483029077,Financial Services,Asset Management,180119961600,1.752,3998911,146.79,190.09,115.66,42.302593,316.0,41.93634353628342
2,BXP,2,171,-0.0,-4.822416645430172,-0.4607145062203546,10,40.0,0.7572749678816167,22.043078903528105,2.625752693701866,-0.3021693757098492,3,33.33333333333333,1.2536340949796194,13.62045582027301,Real Estate,REIT - Office,11347913728,0.0,1490001,64.15,79.33,54.22,0.0,429.0,36.2403453220174
2,C,2,172,-0.0,-28.916207676109686,-0.7662907040330383,16,37.5,0.2664671204175777,36.60935749081091,-13.077671835291005,-0.7539414167459075,5,0.0,0.0,17.30894700235108,Financial Services,Banks - Diversified,204334186496,1.166,13344468,114.2,124.17,55.51,16.337626,209.0,36.94869406324931
2,CAG,2,173,-0.0,-8.317165797374038,-0.46157467226498444,13,38.46153846153847,0.6661330374239188,18.331184905760747,-2.5445067167463864,-1.4849529340045546,4,0.0,0.0,7.112500023957473,Consumer Defensive,Packaged Foods,8457572352,-0.014,11100198,17.68,28.52,15.96,0.0,780.0,25.465459416632708
2,CARR,2,174,-0.0,-6.398753866065999,-0.2753548959039293,10,30.0,0.7887122173819322,18.836068918968106,21.369445246177253,0.4692800291738429,4,25.0,5.27150434963263,9.064631688389612,Industrials,Building Products & Equipment,49282732032,1.314,7257522,57.91,81.09,50.24,36.19375,168.0,36.807721113442014
2,CB,2,175,-0.0,-10.861181388994757,-1.4320795160521298,12,25.0,0.5917984624003455,20.217402921466277,2.188082697987448,-0.47809479185977755,8,25.0,1.1512157848978881,5.330161868764081,Financial Services,Insurance - Property & Casualty,121062309888,0.513,1709062,303.65,316.94,263.14,12.683792,129.0,27.732681727309416
2,CAT,2,176,-0.0,-2.004302535542102,-0.10810690155718997,14,28.57142857142857,0.9498531959197996,21.412927110379737,3.534798010797302,-0.07598298201858152,5,20.0,1.3044101812877458,13.645774362780916,Industrials,Farm & Heavy Construction Machinery,301363134464,1.568,2530313,643.28,655.78,267.3,33.005646,95.0,31.82267089846031
2,CBOE,2,177,-0.0,-4.028635831058414,-0.42230311917665025,13,38.46153846153847,0.4584897853234957,18.250041262572193,7.9030282675760954,0.28513303314185295,4,25.0,0.18432967365711492,8.74940379414862,Financial Services,Financial Data & Stock Exchanges,27688939520,0.359,770885,264.6,279.33,200.88,28.451612,107.0,27.416739147892166
2,CBRE,2,178,-0.0,-38.30015827742004,-0.6397397287043197,16,18.75,0.21418953722843087,39.39320407193845,-6.183851794738782,-0.9508070002715935,9,22.22222222222222,0.2715984290814114,16.12668349592316,Real Estate,Real Estate Services,50442010624,1.345,1376549,169.5,173.05,108.45,41.85185,0.0,36.51931322496708
2,CCI,2,179,-0.0,-13.604570930427561,-0.32899412396353545,14,42.857142857142854,0.42060502817186146,24.669030443319603,-20.488960141217984,-0.6900646803086481,7,0.0,0.0,25.626344441513265,Real Estate,REIT - Specialty,36967813120,0.976,2834183,84.89,115.76,83.21,0.0,490.00000000000006,28.69371084137895
2,CDNS,2,180,-0.0,-2.588513654800395,-0.07871018106050941,11,27.27272727272727,0.9728184683316513,20.323188786417056,-11.523389499984715,-0.7777601465752308,6,0.0,0.0,12.922246145111057,Technology,Software - Application,87330316288,1.022,1709768,320.49,376.45,221.56,82.60051,0.0,36.37397594487732
2,CCL,2,181,-0.0,-39.61537906126594,-0.5707304584275623,18,22.22222222222222,0.3396654996030877,52.1352481182251,45.08369796366885,0.5261255209753253,2,50.0,6.365041689171818,13.581860109210897,Consumer Cyclical,Travel Services,37696180224,2.516,20691285,28.72,32.89,15.07,14.217821,52.0,72.81019054323677
2,CHTR,2,182,-0.0,-40.61362867852784,-0.6740708497533584,15,20.0,0.11058938953905063,43.5710961916426,9.862757020813007,0.34319656633706,4,0.0,0.0,17.624734306802612,Communication Services,Telecom Services,24970199040,1.058,1914577,182.81,437.06,182.04,5.0682006,0.0,32.29398518628912
2,CHRW,2,183,-0.0,-13.938505544602942,-0.2911747111120364,14,28.57142857142857,0.5117812437020522,36.91104068888022,-4.586136621917936,-1.0809116035208972,4,50.0,0.18920562563527335,5.50631981963399,Industrials,Integrated Freight & Logistics,21770317824,0.913,1643309,184.28,184.87,84.68,37.303642,140.0,29.072037011530917
2,CINF,2,184,-0.0,-16.010616847321156,-1.1487216053340574,13,30.76923076923077,0.4656256502425595,22.50040211071882,-3.158521522201352,-1.3085154870061417,4,25.0,0.6421097575299669,8.751551582980243,Financial Services,Insurance - Property & Casualty,24770023424,0.673,569406,158.4,169.86,123.02,11.794489,220.00000000000003,34.501407473100535
2,CL,2,185,0.0,1.6655709809931363,-0.10358972149339951,16,25.0,0.6976959464493208,17.060418293114285,-8.320562457810144,-0.854903750515972,7,0.0,0.0,13.363682650704956,Consumer Defensive,Household & Personal Products,68698767360,0.298,6801122,85.0,100.18,74.55,23.809525,243.00000000000003,20.1448623927407
2,CMCSA,2,186,-0.0,-19.926107372177338,-0.7928491349870294,14,21.428571428571427,0.26010903617035697,23.70569343508659,0.6285257748895656,-3.096963766959927,7,28.57142857142857,0.9944540176156915,13.110871016869492,Communication Services,Telecom Services,111968485376,0.807,39284485,28.41,35.595127,24.133083,4.7192693,459.99999999999994,27.98031993475502
2,CME,2,187,0.0,1.2736092810817334,-0.1324894569073723,11,36.36363636363637,1.0895678025639783,16.16987899497143,-1.4001082563938172,-2.2267949219243395,6,16.666666666666664,1.208076815322925,10.253548777708078,Financial Services,Financial Data & Stock Exchanges,102838525952,0.291,1924903,286.05,290.79,232.32,27.691189,176.0,27.15556333117755
2,CMI,2,188,-0.0,-30.389267209492544,-0.9133231949909087,19,21.052631578947366,0.394738460530022,31.886141066006076,5.321589553054795,0.1433819870185927,2,50.0,4.8318284261903575,12.4842802034518,Industrials,Specialty Industrial Machinery,79765626880,1.116,904334,577.86,587.55,260.02,29.940933,139.0,28.765763831233848
2,CMS,2,189,0.0,1.585478540072116,-0.11423055559417483,14,28.57142857142857,1.0288537503759987,15.284114573558918,-8.417672365548757,-0.8517017735568255,6,16.666666666666664,0.08638011371799648,15.164202029317625,Utilities,Utilities - Regulated Electric,21850161152,0.484,2556708,71.8,76.45,65.17,20.691643,301.0,23.68633978031682
2,COIN,2,190,-0.0,-62.58940524282072,-0.3706419139090021,22,9.090909090909092,0.2759667805432636,72.41771176348114,-25.841224290664698,-0.789197332303585,8,25.0,0.3851458782697857,34.558447576117615,Financial Services,Financial Data & Stock Exchanges,56474390528,3.707,9122975,209.43,444.65,142.58,18.101124,0.0,92.99867481292145
2,COF,2,191,-0.0,-31.646542453941095,-0.5497821924524782,11,9.090909090909092,0.2279872257399787,38.43461892607085,0.30175319087832886,-7.075927795696482,5,60.0,1.0330030836300002,12.478479607216482,Financial Services,Credit Services,138850582528,1.131,4378627,218.41,259.64,143.22,64.81009,147.0,42.91580672007368
2,COO,2,192,-0.0,-14.211968741795323,-0.327469919632186,16,18.75,0.3920191831000801,34.92844754898907,-13.434115420383819,-0.7492559737702497,5,20.0,0.10544819170494263,18.2910403968383,Healthcare,Medical Instruments & Supplies,16000143360,1.029,2685863,80.48,99.54,61.78,43.037434,0.0,28.975967362724255
2,CPRT,2,193,-0.0,-17.84877651864052,-0.24248658575542942,18,22.22222222222222,0.308631703849498,37.87549457176903,6.179621461318963,0.2036378838575973,6,50.0,2.391087342684271,6.813434614644116,Industrials,Specialty Business Services,39320875008,1.103,8907255,40.62,63.85,37.41,24.920244,0.0,30.20079575305623
2,CRH,2,194,0.0,2.3258784705176616,-0.10344850905882465,13,38.46153846153847,1.0668139230552716,22.750964495749933,-1.2631775550700497,-2.4055976659939784,6,16.666666666666664,0.9820872764431293,18.18772064083373,Basic Materials,Building Materials,81860001792,1.198,7622542,122.46,131.55,76.75,24.443113,120.0,33.52155001216737
2,CPT,2,195,-0.0,-3.8179434141666913,-0.21254214164845556,11,63.63636363636363,0.6109883037683661,13.855979414752078,-15.816781846524542,-0.723359811406708,6,0.0,0.0,16.815577968213557,Real Estate,REIT - Residential,11456749568,0.824,1474580,107.22,126.55,97.17,43.408905,386.0,27.505713775070756
2,CRL,2,196,-0.0,-46.896490495361334,-0.6475135271373487,17,11.76470588235294,0.03379973503269717,47.2161704088926,-25.744139484771743,-0.6670561643167311,8,12.5,0.03589287727626694,27.198001310347767,Healthcare,Diagnostics & Research,10673851392,1.616,853647,216.88,228.88,91.86,0.0,0.0,38.34043613524013
2,CRWD,2,197,-0.0,-43.46722386391447,-0.4061754987305185,16,18.75,0.3294441410323031,55.29109837706017,9.588598609191902,0.3365016143565151,6,50.0,1.506510734821399,19.559850689698557,Technology,Software - Infrastructure,118282067968,1.029,2345426,469.19,566.9,298.0,0.0,0.0,58.85881944919181
2,CSCO,2,198,-0.0,-15.93107284602182,-0.5350429058323288,14,28.57142857142857,0.39163862956470263,24.13391128850922,13.21638360502131,0.40261252354178506,3,66.66666666666666,12.941059448706875,3.7998963120609917,Technology,Communication Equipment,311978426368,0.863,21225204,78.96,80.82,52.11,30.486486,208.0,27.284565201581536
2,CRM,2,199,-0.0,-21.209876254201575,-0.9408739205056459,14,35.714285714285715,0.4936512396736062,32.982349728201186,-2.0677350800147543,-1.6942250076798322,6,50.0,0.7895604587784393,10.241085380500621,Technology,Software - Application,217017925632,1.266,8028093,227.96,360.18,218.96,30.394667,73.0,39.41620802613166
2,CSGP,2,200,-0.0,-26.65544613231665,-0.39098017864336493,17,23.52941176470588,0.440649378271984,39.754658312507686,-0.33617963511657356,-7.446895106305348,4,25.0,0.9778592247333363,16.62905794929415,Real Estate,Real Estate Services,27633244160,0.841,5372816,65.2,97.43,57.01,1086.6666,0.0,35.91164934847423
2,CSX,2,201,-0.0,-11.310631845786922,-0.6871943894862373,13,30.76923076923077,0.5868666924664414,24.314726946434728,-9.216004218548912,-0.8279362088217289,5,20.0,0.09342016993336459,17.523826470313647,Industrials,Railroads,69686673408,1.303,13280322,37.38,38.11,26.22,24.272728,138.0,28.423636890685856
2,CTAS,2,202,-0.0,-1.1422646921219304,-1.2225840923417894,14,35.714285714285715,0.9105999585304222,16.74608053234614,3.454974414883849,-0.09107756831033548,6,66.66666666666666,1.422396635776862,7.44906176478786,Industrials,Specialty Business Services,76017106944,0.972,2037167,189.16,229.24,180.39,40.85529,94.0,29.648438398452505
2,DASH,2,203,-0.0,-42.76512507443617,-0.7883311712031528,17,23.52941176470588,0.299455905683099,54.230771510176936,10.050834308227552,0.3475781919733052,8,12.5,0.5903465713953471,33.630230872424725,Consumer Cyclical,Internet Retail,89070157824,1.702,5394055,206.66,285.5,155.4,104.90356,0.0,70.07300731289519
2,CTRA,2,204,-0.0,-28.603605203339157,-0.9156951638677094,15,26.666666666666668,0.34094801739195996,41.996181202331535,-7.4086088617093315,-0.8890688549411854,6,16.666666666666664,0.5850018096066981,12.000581722594108,Energy,Oil & Gas E&P,21207660544,0.333,8641306,27.79,29.82,22.33,12.865741,320.0,41.506911990544054
2,CVS,2,205,-0.0,-5.737077327087848,-0.4078054588361873,11,27.27272727272727,0.7466642392220749,16.481864728220096,-4.366976670430834,-1.1061832012260284,6,16.666666666666664,0.5905623880449037,8.898579102276061,Healthcare,Healthcare Plans,93976084480,0.484,8023439,74.03,85.15,53.36,194.8158,369.0,26.929498023521397
2,D,2,206,-0.0,-12.993889941342008,-0.7239167579567487,10,20.0,0.5105215871587253,26.924334931447852,-19.473767403635144,-0.6959406286661086,5,0.0,0.0,20.294739118454643,Utilities,Utilities - Regulated Electric,51841073152,0.699,6251409,60.71,62.87,48.07,19.839869,437.0,25.79804771763597
2,DAL,2,207,-0.0,-40.770989421216385,-1.204168956740963,17,23.52941176470588,0.1676287729438391,43.4457991315603,26.00801179508545,0.48855451290675234,3,33.33333333333333,4.0373868950949285,10.285408875036154,Industrials,Airlines,42984538112,1.379,7778888,65.83,73.16,34.74,8.593995,112.99999999999999,46.85084959528937
2,DAY,2,208,-0.0,-9.336521395267516,-0.6683841461459604,15,20.0,0.8064651724294715,29.480955953712506,-8.77896906909178,-0.8404108926618329,5,40.0,0.5151472264627164,21.138383104724863,Technology,Software - Application,11100024832,1.181,3294832,69.36,74.03,48.005,0.0,0.0,47.05471620876067
2,DD,2,209,-0.0,-10.78165040284208,-0.792599684262537,14,28.57142857142857,0.7207368148758108,24.44893058172186,7.625675477164906,0.2745048250484465,4,50.0,3.781378739280409,6.970273465296323,Basic Materials,Specialty Chemicals,18698868736,1.113,6149459,44.63,45.01,22.497908,25.797688,321.0,34.04480689707848
2,DDOG,2,210,-0.0,-53.71961207928465,-0.9761396633680182,23,21.73913043478261,0.24390851301069466,54.82943842265318,6.239052219848618,0.20719772111325468,3,33.33333333333333,1.4561008335814738,28.927048324259136,Technology,Software - Application,49290280960,1.263,4827267,140.56,201.69,81.63,468.5333,0.0,63.69209041760766
2,DECK,2,211,-0.0,-12.603886972320522,-0.23163996045207627,14,28.57142857142857,0.32546781101868644,30.252727237560144,1.0050351316833517,-1.720480924920422,5,20.0,0.9411526943284184,14.525615018599943,Consumer Cyclical,Footwear & Accessories,14481278976,1.15,3277463,97.62,223.98,78.91,14.505201,0.0,42.83466560086593
2,DELL,2,212,-0.0,-20.105334754824543,-0.5084057115279345,14,21.428571428571427,0.17430842804317356,37.17100415715466,38.1256162751012,0.5167767938628358,6,33.33333333333333,8.154977996405865,10.624092755121872,Technology,Computer Hardware,78627889152,1.112,6716301,117.32,168.08,66.25,15.684492,183.0,37.22371088269047
2,DG,2,213,-0.0,-4.414414684670498,-0.719226264184779,13,30.76923076923077,0.7156536569696131,16.868375500430012,-2.5389430408070957,-1.4869417959157936,4,0.0,0.0,5.669896869910137,Consumer Defensive,Discount Stores,31926038528,0.262,3650077,145.04,154.75,69.32,25.050085,160.0,28.435872740240285
2,DHI,2,214,-0.0,-19.253139631336747,-0.2017007971531259,14,21.428571428571427,0.3220005389960507,46.637427633988345,2.3101936636953813,-0.4223066483453274,5,60.0,1.4018242119452402,11.61811277459929,Consumer Cyclical,Residential Construction,43714420736,1.42,3202545,150.17,184.55,110.44,13.651818,121.0,39.70873654618407
2,DHR,2,215,-0.0,-25.98805571178652,-0.6868019972165215,12,25.0,0.11235955541210396,28.400446219563893,-0.47665436232416925,-5.422372699064919,6,33.33333333333333,0.9517219863612162,10.529838378776665,Healthcare,Diagnostics & Research,160782221312,0.929,3424813,224.54,242.8,171.0,46.201645,54.0,28.436837207666628
2,DIS,2,216,-0.0,-19.937435116156788,-0.44472980570908416,12,25.0,0.40183209678249837,29.080743824777684,-28.423004801925867,-0.6586013928077039,7,0.0,0.0,28.423004801925867,Communication Services,Entertainment,195596238848,1.442,10904918,109.56,124.69,80.1,15.994161,136.0,33.52380691081606
2,DGX,2,217,0.0,1.0799118652843998,-0.06834789939709686,13,23.076923076923077,1.049079756762254,20.003412863521866,7.621018963077741,0.27431978364076737,3,33.33333333333333,1.175257179812988,9.447567037472927,Healthcare,Diagnostics & Research,20434616320,0.64,1038183,182.74,197.55,153.99,21.47356,174.0,25.564958554525948
2,DLR,2,218,-0.0,-32.63551884297014,-0.4027990457021925,15,13.333333333333334,0.12898844595220674,42.53602973121209,17.728252988241344,0.44708356562383916,7,28.57142857142857,1.6889227534386286,8.218749540793114,Real Estate,REIT - Specialty,57075281920,1.125,1979462,163.21,182.48,129.95,42.17313,299.0,31.359823283250847
2,DOC,2,219,-0.0,-5.996053894859543,-0.31935480551364537,9,33.33333333333333,0.6681728745825722,19.969416433312073,-10.121263377345391,-0.8055234715516628,4,25.0,0.27764158274843365,11.440087012559424,Real Estate,REIT - Healthcare Facilities,11918389248,1.1,7851021,17.15,21.28,15.71,0.0,689.0,31.79131084555725
2,DOV,2,220,-0.0,-25.736412872683122,-0.89601496373976,19,21.052631578947366,0.4397108501656053,31.08169084364472,-3.6100497728364433,-1.217064739094009,5,20.0,0.31049433592566367,9.681380533131879,Industrials,Specialty Industrial Machinery,28253562880,1.305,1090975,206.0,222.31,143.04,26.788036,100.0,28.53090290269017
2,DPZ,2,221,-0.0,-9.9594540149875,-0.5041504956438443,12,33.33333333333333,0.620901699102995,17.386287355757435,16.55287572372961,0.4378336610000391,4,25.0,3.238418797101739,5.567643056581488,Consumer Cyclical,Restaurants,13761873920,1.158,583211,405.37,500.55,382.47,23.719719,168.0,32.39590649395963
2,DRI,2,222,-0.0,-18.57543973479262,-0.41602961884734035,11,36.36363636363637,0.3642621637782219,33.59282529173302,2.6061533001330295,-0.3087837416686853,4,25.0,0.1484703993827089,5.896022299498182,Consumer Cyclical,Restaurants,22855653376,0.636,1638778,196.5,228.27,169.0,20.575916,305.0,41.56894050115932
2,DVN,2,223,-0.0,-10.378217058158224,-0.5946558164792611,12,41.66666666666667,0.8373297096653889,43.04490045119353,-3.598379877490643,-1.2191393952362575,4,25.0,0.27501177193453197,9.973243346457007,Energy,Oil & Gas E&P,25284085760,0.655,8545111,39.83,39.985,25.89,9.393868,243.00000000000003,58.802291834533484
2,DVA,2,224,-0.0,-18.512587776680036,-0.11842103365610346,13,23.076923076923077,0.26080597899342706,41.84004835049226,-15.315828707084655,-0.728135520247588,5,20.0,0.10287365043862,21.645472030709527,Healthcare,Medical Care Facilities,7570419712,0.99,955134,105.88,179.6,101.0,10.926729,0.0,36.49875074338711
2,DXCM,2,225,-0.0,-19.62291750100701,-0.9359305281906922,16,31.25,0.5259976631675328,33.076894409518815,4.43315839493561,0.05641217697150455,5,40.0,0.6134651985355841,22.59941289888539,Healthcare,Medical Devices,28768509952,1.483,6421240,73.36,93.25,54.11,40.755558,0.0,47.13535827017541
2,EBAY,2,226,0.0,3.459965767708484,-0.01560324322974416,14,28.57142857142857,0.9620635436100786,19.54354877174841,-17.685894138766866,-0.7079289698557334,7,0.0,0.0,18.12288770045623,Consumer Cyclical,Internet Retail,43492687872,1.348,4673942,95.17,101.15,58.71,21.101994,122.0,33.956023924261395
2,EA,2,227,-0.0,-14.567059565403529,-0.52043916965393,19,26.31578947368421,0.3591308230102937,29.79957985298944,-4.368911007882215,-1.1059490601908561,5,20.0,0.3227402375569332,7.000981557126584,Communication Services,Electronic Gaming & Multimedia,51006644224,0.733,1938140,203.94,204.89,115.3,59.457726,37.0,26.894058862439497
2,ECL,2,228,-0.0,-27.62560965137585,-0.520777604078287,16,25.0,0.3228372374265153,35.25105520801648,-0.3535625235986495,-7.1091541867904855,4,25.0,0.5146319576656312,10.773185905607097,Basic Materials,Specialty Chemicals,79829057536,0.999,1356809,281.46,286.04,221.62,40.439655,103.0,30.507008645433714
2,EFX,2,229,-0.0,-10.809667791120226,-1.324858309521655,18,27.77777777777778,0.7672202860424467,20.07183597398922,-4.486455245559807,-1.0920998766986036,4,25.0,0.6802443118282943,16.332917480355754,Industrials,Consulting Services,25296117760,1.558,1511091,205.33,281.03,199.98,38.888256,96.0,33.63093813233306
2,ED,2,230,0.0,3.7687386490724117,-0.02798029019100193,13,23.076923076923077,0.983238982553981,14.398480570845466,-11.433113288441376,-0.779342589084965,8,25.0,0.18279094999763795,11.553768042781886,Utilities,Utilities - Regulated Electric,37963206656,0.379,2162470,105.18,114.87,92.29,18.388113,323.0,23.35169175694485
2,EIX,2,231,-0.0,-1.929218299944846,-0.34794683219377165,15,26.666666666666668,0.6825138439201097,17.511285135735175,-15.27662700470146,-0.728522453733228,8,25.0,0.10133373256094509,17.529671913488638,Utilities,Utilities - Regulated Electric,23955916800,0.829,3120337,62.25,63.19,47.73,8.158585,560.0,27.95551570816771
2,ELV,2,232,-0.0,-12.431747215243849,-0.9858660342246335,11,36.36363636363637,0.5866503259639577,24.146819493098658,-12.185226893956902,-0.76687493679379,6,0.0,0.0,12.186039190999509,Healthcare,Healthcare Plans,76977201152,0.518,1544319,341.85,458.75,273.71,13.930318,212.0,31.911340488782532
2,EL,2,233,-0.0,-41.97853823352682,-1.0842057912467282,17,17.647058823529413,0.14829142235296153,43.95373499677248,-13.6016092536139,-0.7471390812116228,3,0.0,0.0,13.601609253613896,Consumer Defensive,Household & Personal Products,41304494080,1.146,3569427,114.62,120.27,48.37,0.0,120.0,35.650124915533816
2,EME,2,234,-0.0,-4.779648891916455,-0.18284304320566902,13,15.384615384615385,0.7396610625375548,23.390109262771567,20.29650627266315,0.4635670867180208,3,33.33333333333333,12.742909475712393,4.883796781046104,Industrials,Engineering & Construction,32560449536,1.174,407883,727.35,778.64,320.89,29.269617,22.0,32.706517994682635
2,EOG,2,235,-0.0,-5.4406274416744616,-0.3602315071148534,21,38.095238095238095,0.9165531690961246,34.638396847746925,-2.5902519489495512,-1.4689241864276992,6,33.33333333333333,0.8447378399089981,10.245424857468606,Energy,Oil & Gas E&P,60616187904,0.501,3970485,111.02,135.87,101.59,11.024826,376.0,48.02673251758075
2,EMR,2,236,-0.0,-9.502222954612893,-0.20377671610428863,15,20.0,0.7437864514363979,23.761106282457376,9.645143146037483,0.33791358672760574,3,33.33333333333333,2.313506436709278,9.116213595281703,Industrials,Specialty Industrial Machinery,83456876544,1.254,2690827,148.42,151.74,90.06,36.82878,150.0,30.42620729048857
2,EPAM,2,237,-0.0,-29.026120957061753,-0.9042295761499572,7,0.0,0.0,44.87832041248493,-23.703117481170654,-0.6747805366889559,4,25.0,0.09031711147523631,23.703117481170654,Technology,Information Technology Services,12161421312,1.727,872280,218.35,269.0,138.15,33.386852,0.0,57.575417755306916
2,EQIX,2,238,-0.0,-11.789616174438066,-0.41899212654999946,15,40.0,0.563221183218093,29.846887615500858,-0.3840883290961772,-6.590032513903764,7,28.57142857142857,0.1882427269728851,11.650994494274226,Real Estate,REIT - Specialty,80134569984,1.036,561504,816.15,953.41,701.41,75.2212,231.99999999999997,30.685220051363032
2,EQR,3,239,-0.0,-0.7697574793084083,-0.0719128657891359,10,30.0,0.6028740481411604,18.222154104538816,-10.706405615844162,-0.7930530138475412,4,25.0,0.14847294950478263,14.708741027483008,Real Estate,REIT - Residential,23912818688,0.756,2463698,60.76,75.86,58.38,19.986841,446.0,29.070960341375812
2,EXE,3,240,-0.0,-31.38521984706253,-1.5450718577626044,15,26.666666666666668,0.37786573253519856,40.79336290875425,-4.36978508497301,-1.1925586517727063,6,33.33333333333333,0.4288293836674786,8.909483213790196,Energy,Oil & Gas E&P,26117689344,0.449,3384977,109.66,126.621,91.015,35.260452,293.0,40.58281132836116
2,EQT,3,241,-0.0,-12.296481640420076,-1.1250326160832906,15,40.0,0.7254013237767122,29.265050763643714,6.014884360906003,0.19340255911084925,3,66.66666666666666,1.7178066983092264,12.694115345523914,Energy,Oil & Gas E&P,34923003904,0.681,9245088,55.96,62.23,43.57,18.228014,121.0,58.97968128067921
2,ERIE,3,242,-0.0,-14.190726951336853,-0.35215034415838375,17,17.647058823529413,0.6801809244344127,31.864623970623935,18.33064261906301,0.45136444726558494,6,33.33333333333333,2.529297694991207,9.188126954232747,Financial Services,Insurance Brokers,14302848000,0.373,160985,273.53,456.93,270.07,22.058872,204.0,31.246351236582697
2,ES,3,243,0.0,3.913986879142217,-0.08622977680249891,11,63.63636363636363,1.277701162741815,12.378112492440362,-7.464275904379026,-0.8867441214993537,5,20.0,0.0721544121099994,7.847994222978442,Utilities,Utilities - Regulated Electric,26225721344,0.772,2606557,69.9,75.25,52.28,19.309393,426.0,26.226561243275086
2,ESS,3,244,-0.0,-7.4685524193287005,-1.7978021795132098,12,41.66666666666667,0.7366679625243198,16.766209063181577,-5.523054476599388,-0.9954886537634516,4,25.0,0.6170141093140313,14.023438128249992,Real Estate,REIT - Residential,16954928128,0.741,529532,245.48,316.29,243.25,18.681887,408.0,29.623562026673607
2,ETN,3,245,-0.0,-10.616267240785838,-0.9412047462559446,12,25.0,0.5846506555814195,18.023415528701072,18.345702606991978,0.4514678690313272,3,66.66666666666666,42.155350205444286,7.289679656210978,Industrials,Specialty Industrial Machinery,135211679744,1.19,2965344,347.32,399.56,231.85,34.732002,122.0,30.49315835077191
2,EVRG,3,246,-0.0,-13.949784985732661,-0.8764265391257405,14,28.57142857142857,0.4889668295512095,22.406811739346008,-11.424085624050218,-0.7795022096387333,5,40.0,0.14216661984025677,11.431307549177617,Utilities,Utilities - Regulated Electric,17645914112,0.646,2095854,76.65,79.32,61.94,21.0,361.0,26.436141956546148
2,EW,3,247,-0.0,-34.4395140473404,-0.49222837376830475,16,12.5,0.12162716440216653,42.236289497159795,-24.928653628036525,-0.6699906945899446,5,0.0,0.0,25.685001569811217,Healthcare,Medical Devices,48060010496,0.955,3657627,81.86,87.89,65.94,35.90351,0.0,33.46052698441261
2,EXC,3,248,-0.0,-12.148739919392026,-0.541357581097158,16,43.75,0.6871217820843375,23.82491352459689,-7.5643004491176224,-0.882652932971033,7,28.57142857142857,0.1993849412290338,9.143977342987112,Utilities,Utilities - Regulated Electric,45207027712,0.556,7669475,44.76,48.51,39.47,16.04301,357.0,27.105892783169143
2,EXPD,3,249,-0.0,-18.21602060597377,-1.1001419807547412,16,18.75,0.43541395007149286,26.220772302486285,-7.7401752959448515,-0.8757157439313181,4,25.0,0.28858121134954573,13.050358486322496,Industrials,Integrated Freight & Logistics,21724465152,1.136,1455831,160.07,164.48,100.47,26.027643,97.0,26.940946305533153
2,EXPE,3,250,-0.0,-48.193010833894704,-0.47835484954273805,20,20.0,0.17466432345600008,55.53977603327667,-4.302110727163566,-1.1141567865525857,4,25.0,0.573423114964046,23.957428774501473,Consumer Cyclical,Travel Services,32878655488,1.429,2032003,265.76,303.8,130.01,25.603083,60.0,49.69828462729079
2,F,3,251,-0.0,-5.723153501962841,-0.1939422431219601,15,40.0,0.8891781835292054,35.40603533289597,13.75565171035582,0.4094628346001113,6,50.0,4.18115814750251,9.05414447284529,Consumer Cyclical,Auto Manufacturers,55065772032,1.631,59544731,13.82,14.5,8.44,11.811966,430.99999999999994,44.12367775581717
2,FANG,3,252,-0.0,-25.177064176968656,-0.7017395022983721,16,31.25,0.5696243883008755,38.32893769745203,6.5725961880203965,0.225982101924496,5,20.0,1.2483596275680553,14.642672136309718,Energy,Oil & Gas E&P,46395940864,0.577,1791998,160.27,173.02,114.0,11.254916,250.99999999999997,58.72194513853313
2,FAST,3,253,-0.0,-5.837272137153526,-0.5864965434582448,12,33.33333333333333,0.7203603218745123,16.376724845545,-7.1200906694889765,-0.9017002225764209,8,25.0,0.39069204590307655,11.475769888849992,Industrials,Industrial Distribution,50078265344,0.895,7706393,43.62,50.63,35.305,40.018345,204.99999999999997,27.791281075598178
2,FDS,3,254,-0.0,-21.98679143290162,-0.5983214395795808,17,23.52941176470588,0.39162707351180065,28.35516113716429,5.165591887265153,0.1302764145066954,5,60.0,14.34433649930477,7.257546782988397,Financial Services,Financial Data & Stock Exchanges,10098143232,0.743,778296,269.86,477.92,250.5,17.166666,164.0,28.42415714128531
2,FDX,3,255,-0.0,-5.186093135127267,-0.016963801789089333,13,23.076923076923077,0.29480626406357835,34.93050736230552,11.7117785256581,0.38016407140599434,4,50.0,3.181504559978381,6.344577760126398,Industrials,Integrated Freight & Logistics,74243383296,1.357,1738591,314.65,318.83,194.3,17.422482,186.0,37.187565705506366
2,FE,3,256,0.0,0.22762685800630234,-0.057000831792770226,10,40.0,1.0330807793517023,21.51564665483932,-7.788255752640527,-0.87387379770569,5,0.0,0.0,12.345306759409711,Utilities,Utilities - Regulated Electric,27387123712,0.626,4554098,47.41,48.2,37.58,20.613045,375.0,27.817290379423675
2,FIS,3,257,-0.0,-36.25809081358763,-0.7432341542650136,11,36.36363636363637,0.2368535434675895,43.58896646175667,2.159750937703797,-0.4919401922437712,5,40.0,1.4212336817410527,9.653708363145988,Technology,Information Technology Services,29352452096,0.939,3347618,56.19,83.97,56.02,175.59375,276.0,37.13428677487521
2,FITB,3,258,-0.0,-27.12685796315335,-0.7884716147179459,12,41.66666666666667,0.37527744912419836,35.225611203108016,3.130524497622189,-0.16035393293772582,3,66.66666666666666,3.661501587605065,7.448995874941538,Financial Services,Banks - Regional,32854929408,0.988,7473052,49.69,53.33,32.25,14.076487,315.0,42.29080614151262
2,FISV,3,259,-0.0,-3.615040948112458,-0.16095003168990257,13,38.46153846153847,0.6620479679375636,17.937034243103675,2.8533120348281704,-0.2320253085843557,8,25.0,0.7856741403361305,7.477498322886334,Unknown,Unknown,35306373120,0.0,13054193,64.95,238.59,59.56,10.03864,0.0,30.294232546231875
2,FIX,3,260,-0.0,-31.69588828075023,-1.0269351732098801,13,7.6923076923076925,0.2513800217194488,32.97910222665307,12.74677220534144,0.3961749065522698,6,66.66666666666666,6.077200972133996,4.566576790399927,Industrials,Engineering & Construction,41245782016,1.664,577944,1169.05,1179.0,276.44,49.62012,17.0,39.650003269264566
2,FOX,3,261,-0.0,-10.311290507411108,-0.45213458416996993,12,33.33333333333333,0.48015736220232474,20.163349229982696,0.33788939638772497,-6.257433839005615,3,33.33333333333333,1.062416490308763,8.99345696485004,Communication Services,Entertainment,30274975744,0.505,1447639,64.29,68.175,43.18,14.447192,86.0,32.69323002854967
2,FOXA,3,262,-0.0,-12.259137149636212,-0.7496266855029735,15,33.33333333333333,0.583514119151676,21.67918054477879,0.7505616874198928,-2.499546827299844,5,20.0,0.4738443520149254,14.867264731616771,Communication Services,Entertainment,31582085120,0.505,3384273,71.14,76.39,46.42,15.986517,78.0,33.90407732283043
2,FRT,3,263,0.0,0.2518206222551722,-0.7427386188507108,12,33.33333333333333,1.0119084287932834,17.75805728003671,2.8715981717249317,-0.22687126134968288,5,40.0,1.141271835302661,9.109363043622077,Real Estate,REIT - Retail,8664300544,1.027,685263,99.82,111.82,80.65,25.335026,445.0,35.80744265507736
2,GDDY,3,264,-0.0,-27.330419269737284,-0.4032973984243675,21,38.095238095238095,0.4743503801988791,34.23518539343567,-8.345476379531869,-0.854075164418201,5,40.0,0.26372579694741105,12.517392546923471,Technology,Software - Infrastructure,14308706304,0.948,1486147,103.35,216.0,102.14,17.849741,0.0,36.856215127447314
2,FTNT,3,265,-0.0,-45.57197556570435,-0.4341167654828316,15,26.666666666666668,0.12954043165478976,52.36683085135655,-21.69120957262799,-0.6838174105920455,4,25.0,0.2348640894687077,31.580876305302407,Technology,Software - Infrastructure,62895120384,1.069,5944467,82.08,114.82,70.12,33.77778,0.0,45.36182259004249
2,GEN,3,266,-0.0,-2.368940589444246,-1.0303234877404783,9,55.55555555555556,0.8440994318303471,12.813910662038502,1.875024434716388,-0.6543142542158091,3,33.33333333333333,1.1796159662077454,13.40621448401284,Technology,Software - Infrastructure,15288392704,1.084,4792265,24.79,32.22,22.74,27.241758,198.0,32.607460506264154
2,GL,3,267,-0.0,-12.990594567117697,-1.064332903414213,15,26.666666666666668,0.5430711144292518,18.680270330054835,-0.5176728944420783,-5.038470605125818,5,20.0,0.7108623330451087,5.845671005617893,Financial Services,Insurance - Life,11223040000,0.476,508373,138.55,147.83,109.38,10.054427,79.0,29.223508081033255
2,GLW,3,268,-0.0,-26.985205061281725,-1.15884470568477,12,8.333333333333332,0.15810851334438167,29.37162408086186,-0.9074555229836911,-3.122269571862722,4,25.0,0.8758308403933185,11.319914916966418,Technology,Electronic Components,89405538304,1.125,6436659,104.28,113.99,37.31,66.84615,102.0,32.06189182789986
2,GNRC,3,269,-0.0,-15.75120326128392,-0.6324317832309159,8,12.5,0.3524825004976893,33.30587266795015,-26.4353871648941,-0.6647104830708647,6,0.0,0.0,42.100328531736324,Industrials,Specialty Industrial Machinery,10221003776,1.828,1176029,174.17,203.25,99.5,33.3021,0.0,55.27594950661263
2,GM,3,270,-0.0,-31.580625723923518,-1.064036053137899,15,33.33333333333333,0.25607115665969976,36.905793537221754,9.52064676539004,0.3347826019221285,3,33.33333333333333,2.9807466395060547,8.374933504773248,Consumer Cyclical,Auto Manufacturers,79199928320,1.317,9010034,84.9,87.31,41.6,25.963303,83.0,42.4904613878527
2,GOOG,3,271,-0.0,-26.271131982924413,-0.8686286273947266,18,33.33333333333333,0.413251829294739,28.47454958149241,1.9209831240241781,-0.6248472138994752,6,50.0,1.14332483636922,15.562871237392836,Communication Services,Internet Content & Information,4059516108800,1.086,23469367,336.28,341.2,142.66,33.229248,25.0,32.29220108028493
2,GOOGL,3,272,-0.0,-34.41240716584096,-0.8140691764445479,19,21.052631578947366,0.1998493798380134,38.35471396510194,-7.877802560773217,-0.8705032212905013,6,33.33333333333333,0.3944785460011976,16.144480641237564,Communication Services,Internet Content & Information,4069794250752,1.086,36303080,336.01,340.49,140.53,33.13708,25.0,32.33723175888076
2,GPC,3,273,-0.0,-2.2242939523931082,-1.0320094447956718,16,31.25,0.8844649327494555,15.936322632047215,-14.617931475481694,-0.7353343916786392,5,20.0,0.01702388998095985,18.079178905746282,Consumer Cyclical,Auto Parts,19478251520,0.753,1097091,140.02,143.48,104.01,24.099829,296.0,29.230912811902282
2,GPN,3,274,-0.0,-10.930695616152676,-0.233069629563386,14,28.57142857142857,0.6606901468537927,30.92756288377761,5.591616587757775,0.1643389261346168,4,25.0,1.5992481957449176,7.6673618638204575,Industrials,Specialty Business Services,20163645440,0.798,2800240,72.01,114.17,65.93,10.927162,136.0,37.790490281912
2,GS,3,275,-0.0,-13.712378771955391,-1.100108263893084,10,20.0,0.4690512893989328,24.798433634738192,3.3408561494685296,-0.113909986695947,6,16.666666666666664,0.463418833851243,7.358227356147139,Financial Services,Capital Markets,283592130560,1.322,2167380,936.81,984.7,439.38,18.254288,194.0,31.400720912508227
2,GRMN,3,276,-0.0,-27.492408179909077,-0.6588064147927163,20,10.0,0.03533668581900829,33.153507495662495,-9.236593767422397,-0.8273776207121964,7,14.285714285714285,0.02211388953219355,11.068612392247807,Technology,Scientific & Technical Instruments,39361163264,1.013,1073514,204.48,261.69,169.26,25.213318,176.0,27.58273233331434
2,HOOD,3,277,-0.0,-28.208465832354555,-0.7439760654595159,10,10.0,0.28230437855420054,41.153060977912055,22.485407275360124,0.6127646899990679,4,25.0,2.088003232652143,25.758260350283383,Financial Services,Capital Markets,92976128000,2.447,24942668,103.4,153.86,29.66,43.083332,0.0,82.57953850959883
2,HAS,3,278,-0.0,-31.522505369854393,-0.5992315689967775,12,8.333333333333332,0.05975916308870166,37.059695966988876,1.6998646171768383,-0.7812291455604703,3,66.66666666666666,2.8578888905623883,7.185423025453133,Consumer Cyclical,Leisure,12612790272,0.543,1719372,89.875,90.47,49.0,0.0,312.0,35.7765906283997
2,HBAN,3,279,-0.0,-24.309441782880945,-0.9775743601629538,12,25.0,0.3010226474927856,29.451507222147796,-1.9570092025190888,-1.7574168083688044,4,50.0,0.754748586514321,14.592729749102482,Financial Services,Banks - Regional,26866141184,0.966,26997483,17.06,18.91,11.92,12.273381,356.0,39.61364310121348
2,HD,3,280,-0.0,-15.611578620918475,-1.16849030292901,11,27.27272727272727,0.37095256813968586,19.247046748531883,-2.619537431154262,-1.4589567121030604,4,50.0,0.715576577490868,8.11160444187329,Consumer Cyclical,Home Improvement Retail,373615460352,1.072,4481727,375.3,426.75,326.31,25.635244,242.0,28.21723801051136
2,HIG,3,281,-0.0,-18.1089956694665,-0.8648594657150895,13,30.76923076923077,0.36605061966843266,23.99212501307008,-4.413660629850746,-1.1005896549138972,5,20.0,0.29761850952703095,10.456698111502616,Financial Services,Insurance - Diversified,36443901952,0.613,1478601,130.67,140.5,105.98,10.693126,184.0,34.67166300852971
2,HOLX,3,282,0.0,3.3080433770866557,-0.008311296589382101,12,33.33333333333333,0.9261110054782516,15.134875114317088,-2.4173170075836192,-1.5327074149481013,1,0.0,0.0,3.80168027406311,Healthcare,Medical Instruments & Supplies,16765692928,0.697,2927890,75.1,75.36,51.9,30.160643,0.0,29.384293224874565
2,HON,3,283,0.0,1.4695145917142716,-0.06589438558603591,13,38.46153846153847,0.9665038773735442,17.97075704024994,-6.208069839616515,-0.9493501236405482,8,12.5,0.3369303718086863,10.066400734594453,Industrials,Conglomerates,145987125248,0.942,4214801,216.64,227.82281,169.04807,22.852322,206.99999999999997,26.180519203454622
2,HPQ,3,284,-0.0,-12.963110841175663,-0.17067646915846202,15,40.0,0.6125569812650307,32.88994959087544,-5.322640362916919,-1.0112328761844942,6,16.666666666666664,0.4664231422136655,10.396183653756397,Technology,Computer Hardware,17806069760,1.22,14156539,19.05,35.28,19.015,7.1886787,620.0,37.81910951756674
2,HRL,3,285,0.0,3.826024009623863,-0.22277709968114598,13,30.76923076923077,0.8570307500966733,13.947284427336477,-15.233671359277412,-0.7289487264684131,6,33.33333333333333,0.10404712803374545,15.974914452984466,Consumer Defensive,Packaged Foods,13532639232,0.324,5107319,24.6,32.07,21.03,28.275862,463.99999999999994,21.97826709251862
2,HSIC,3,286,-0.0,-1.5486140000152915,-0.25203842224157896,13,23.076923076923077,0.9458366278123707,21.236224116599093,-3.8315062037124648,-1.1800900153815685,4,25.0,0.41966814536284675,10.234599174269396,Healthcare,Medical Distribution,9104831488,0.884,1375872,75.08,82.49,60.56,23.684542,0.0,28.564493295089992
2,HST,3,287,-0.0,-23.94872433984596,-1.027286047115179,14,42.857142857142854,0.31082497840627155,30.07190137491385,-11.794541441636852,-0.7731528010800056,6,16.666666666666664,0.016806958711265634,13.406520982368711,Real Estate,REIT - Hotel & Motel,12844869632,1.197,7975622,18.44,19.3,12.22,17.396229,430.99999999999994,41.3675587389318
2,HUBB,3,288,-0.0,-20.18619434236012,-1.225315902600796,20,30.0,0.4173139290044225,24.149402013343465,13.297627972381099,0.4036801167718349,2,50.0,576.2982203643807,8.618535003616367,Industrials,Electrical Equipment & Parts,25814001664,1.019,503681,485.73,497.95,299.425,30.396122,117.0,30.03542449694049
2,HUM,3,289,-0.0,-24.13897071507187,-0.847531347311737,13,30.76923076923077,0.27340369896755184,26.12748544855741,-6.030081301371681,-0.9603303587338876,5,20.0,0.809874290782905,8.871426229889552,Healthcare,Healthcare Plans,23334178816,0.456,1556619,194.01,315.35,191.39,18.148737,170.0,32.252202593937454
2,IBM,3,290,-0.0,-10.582457347140007,-0.3868904689618001,15,26.666666666666668,0.5625290734057311,23.28875618092297,8.978393205340218,0.3201326330334251,3,100.0,0.0,7.668340650259192,Technology,Information Technology Services,274961727488,0.698,4134104,294.16,324.9,214.5,35.01905,229.0,25.43142527334547
2,ICE,3,291,0.0,4.63476908274445,-0.01966099736823278,12,25.0,1.0151718617312788,16.903042919784134,-6.173016547170551,-0.9514625138452856,4,25.0,0.08791271164738755,13.809682536044898,Financial Services,Financial Data & Stock Exchanges,98708643840,1.035,3444724,172.44,189.35,143.17,31.409838,111.00000000000001,24.82198566968027
2,IBKR,3,292,-0.0,-12.450643903441227,-0.33011548021718373,14,35.714285714285715,0.6466434375882754,28.392168870678102,9.239311287967912,0.327396457181368,4,50.0,4.023358698924439,4.933711810753918,Financial Services,Capital Markets,128260284416,1.24,4297445,75.45,78.8,32.82,33.986485,42.0,33.909824757602024
2,IEX,3,293,-0.0,-22.705889847049534,-1.4352810955358613,15,13.333333333333334,0.40158175609293906,26.218197935059123,-2.3131622094484716,-1.5757242990459828,5,20.0,0.6023938559036215,8.072456361211684,Industrials,Specialty Industrial Machinery,14786422784,0.995,638721,196.4,226.05,153.36,31.125198,146.0,25.553155573824426
2,IDXX,3,294,-0.0,-18.26695489135737,-0.396743502128371,15,20.0,0.5395585923833174,29.438694957092373,-9.739763642486555,-0.8144608564203563,4,25.0,0.4263700120175851,19.09774922379187,Healthcare,Diagnostics & Research,55022428160,1.672,557863,687.74,769.98,356.14,54.40981,0.0,35.14909585302396
2,IFF,3,295,-0.0,-41.42932123137166,-0.8506092226076161,18,16.666666666666664,0.24464366290588582,46.31302099572845,-21.34257058569832,-0.6855565917357036,5,0.0,0.0,31.20462600818633,Basic Materials,Specialty Chemicals,18493677568,1.056,2175601,72.16,88.0,59.14,0.0,219.0,33.68831396421978
2,INTC,3,296,-0.0,-18.70203386119984,-0.4302497695288453,10,20.0,0.43256754196975966,36.10508067116843,12.985657681646634,0.3995078269063587,6,50.0,1.9401745860636288,15.841650776690871,Technology,Semiconductors,243664797696,1.354,96443421,48.78,54.6,17.67,0.0,0.0,38.07909520419649
2,IP,3,297,-0.0,-17.523475936227207,-1.337348814387381,13,30.76923076923077,0.40208808983174427,20.394638381649,-2.402584930570517,-1.5385654368091595,7,14.285714285714285,0.7275669964759123,14.01354810701175,Consumer Cyclical,Packaging & Containers,21908310016,1.06,5460614,41.49,58.98,35.56,0.0,438.0,31.956782900185853
2,IR,3,298,-0.0,-13.827968765876742,-0.5286365536415939,11,18.181818181818183,0.5040502636615777,26.470690090426615,-4.565596572633968,-1.083177063129541,4,25.0,0.5771828107278408,10.222893837505808,Industrials,Specialty Industrial Machinery,33882826752,1.332,2892700,85.25,95.85,65.61,63.148148,9.0,34.05222124970617
2,IQV,3,299,-0.0,-13.910457745437665,-0.37590526201552066,12,33.33333333333333,0.4862902401183559,22.921837758059237,2.3761798556976466,-0.39454631145892316,3,33.33333333333333,1.2227596546027588,14.22056162502749,Healthcare,Diagnostics & Research,40831127552,1.367,1352650,239.76,247.05,134.65,32.934063,0.0,32.48227001564001
2,IRM,3,300,0.0,1.0900821298914787,-0.1302304347883262,12,33.33333333333333,0.8269129690318556,23.013796845430697,4.129059333445051,0.018045863449427078,4,50.0,1.8135010346468512,6.994380181752684,Real Estate,REIT - Specialty,27265175552,1.149,2183063,92.24,108.15,72.33,170.8148,377.0,32.240142090811844
2,ISRG,3,301,0.0,1.5678202934265029,-0.0024528800539387894,13,23.076923076923077,0.4138732890809268,25.869477552367105,-5.6769141061706385,-0.9841559797513294,5,20.0,0.6212038372207402,18.41371909725311,Healthcare,Medical Instruments & Supplies,187139063808,1.672,1841126,522.04,609.08,425.0,66.248726,0.0,36.02137489367877
2,IT,3,302,-0.0,-25.979345238800022,-0.7200867702326987,18,16.666666666666664,0.4081104201460093,34.36148059603654,10.489199167388886,0.3571808320472292,4,75.0,16.06780314181635,5.215679848050591,Technology,Information Technology Services,17114773504,1.069,955508,225.98,584.01,221.16,19.719023,0.0,34.449472462359346
2,ITW,3,303,-0.0,-16.161140495475536,-0.7635902609377986,18,16.666666666666664,0.5748333497012901,24.377725432169903,2.940297925342228,-0.20808070937004136,3,33.33333333333333,1.362762804479483,12.40587485513976,Industrials,Specialty Industrial Machinery,75279876096,1.167,1210993,258.25,278.13,214.66,25.024225,249.00000000000003,25.984449651307923
2,IVZ,3,304,-0.0,-28.157674406317923,-1.331724078134276,12,25.0,0.38787802941700633,34.06225605020607,2.9155912389700944,-0.2147364423805049,2,50.0,1.602736194939954,14.17401160972742,Financial Services,Asset Management,12266760192,1.626,5177198,27.56,29.61,11.6,0.0,309.0,44.986241748577676
2,J,3,305,-0.0,-21.241445070577925,-1.254459358312332,17,11.76470588235294,0.2878635538330227,30.26902478783529,4.526344389439174,0.06713697606354839,5,40.0,1.8014986602229328,11.654920711838015,Industrials,Engineering & Construction,16233010176,0.795,979373,136.7,168.44,105.178215,52.984497,94.0,28.364075778310827
2,JBHT,3,306,-0.0,-13.644607870889791,-1.0535060111026642,17,29.411764705882355,0.5702166567349162,21.15807397715174,-0.29467330775277967,-8.414507609195493,5,20.0,0.9762485836185363,11.9020674198353,Industrials,Integrated Freight & Logistics,19525474304,1.27,1158801,205.06,212.0,122.79,33.451874,89.0,31.075138246222334
2,JBL,3,307,-0.0,-16.23351214625116,-0.21892850219452945,12,33.33333333333333,0.5077927420589144,33.619419535479096,22.346455948661514,0.47400497443397877,4,25.0,2.677968022668963,14.353786879199802,Technology,Electronic Components,26024208384,1.246,1223163,243.62,258.05,108.66,38.065624,13.0,37.48682764693144
2,JKHY,3,308,-0.0,-8.866794183509208,-0.5331219208834342,12,33.33333333333333,0.5889455677196263,18.098793672146343,1.214643158287454,-1.3239497636649362,3,66.66666666666666,1.2318490625951868,9.433386940065095,Technology,Information Technology Services,13065929728,0.731,811385,179.81,196.0,144.12,27.28528,130.0,27.075898506931367
2,JNJ,3,309,-0.0,-1.4209235123752162,-0.2598468558808502,11,36.36363636363637,0.9358184774418641,21.738775761940765,-6.055228573210025,-0.958739848267767,4,25.0,0.20525178957974236,9.582973025930684,Healthcare,Drug Manufacturers - General,548644683776,0.333,8830849,227.72,228.57,141.5,20.664246,231.99999999999997,19.01193633807393
2,JCI,3,310,-0.0,-24.932810246843196,-0.7587199177434164,15,13.333333333333334,0.39498497016659656,33.117255874499534,-6.891740082186548,-0.9124472184677535,3,33.33333333333333,0.11049511735178472,14.837366633232799,Industrials,Building Products & Equipment,71452606464,1.424,5434318,116.74,124.07,68.03,44.38783,137.0,29.443007683727124
2,JPM,3,311,-0.0,-26.331538841396117,-0.6274176941570105,14,7.142857142857142,0.15743854437368587,35.63025613832042,2.686966543939162,-0.2821323626160028,5,40.0,1.4511083557734519,4.567974217443706,Financial Services,Banks - Diversified,818774802432,1.066,9753598,300.77,337.25,202.16,15.015975,200.0,30.882732810959094
2,KDP,3,312,-0.0,-4.954100567173625,-1.1801985087944822,13,38.46153846153847,0.7469889841690508,17.987790368048376,4.711416278965941,0.08717896187619702,3,33.33333333333333,1.6359464969329724,3.816058359166119,Consumer Defensive,Beverages - Non-Alcoholic,36287754240,0.349,14274593,26.71,36.12,25.03,23.025862,333.0,23.0349386999834
2,KEYS,3,313,-0.0,-30.369344266952535,-0.6891472029926266,18,27.77777777777778,0.391077483172201,38.63024963310204,6.397790348342869,0.2163817236422279,3,33.33333333333333,2.905097819631344,8.094066217771921,Technology,Scientific & Technical Instruments,38057492480,1.179,1210836,221.5,221.59,121.43,44.211575,0.0,32.08617948406274
2,KIM,3,314,0.0,1.3744908389473398,-0.2628221905393796,8,37.5,1.1014383981806024,12.658935653135721,10.334104742475002,0.3538765252796713,5,40.0,1.4388824924522101,9.779992653016732,Real Estate,REIT - Retail,13868955648,1.065,4913770,20.48,23.03,17.93,24.674698,497.0,40.10162116085893
2,KKR,3,315,-0.0,-17.361349567215566,-1.429343282306443,17,23.52941176470588,0.6206319886180753,29.746662589254573,1.1493607294383423,-1.431941520244523,5,40.0,1.1298165591933857,11.094455125145299,Financial Services,Asset Management,108119908352,1.996,4352236,116.77,170.4,86.15,49.063023,64.0,39.44955215809316
2,KLAC,3,316,-0.0,-21.677134182161485,-0.6498918420332476,16,25.0,0.5430545390603304,26.914573506348876,-2.5301255289117086,-1.4901117311680976,7,28.57142857142857,0.8877256203172867,22.043741340063818,Technology,Semiconductor Equipment & Materials,214277062656,1.444,1027398,1627.2,1650.0,551.33,51.105526,47.0,44.83843625095523
2,KO,3,317,-0.0,-0.8425297382844477,-0.3384927598029187,13,30.76923076923077,0.9676816614575886,21.53080324224383,0.5327523346586815,-3.7574990153997496,4,25.0,0.18695358292639322,3.5323461245723107,Consumer Defensive,Beverages - Non-Alcoholic,314425901056,0.387,16693840,73.06,74.38,62.35,24.192053,277.0,20.1912842497625
2,KR,3,318,-0.0,-34.98917590074137,-0.924424908161118,15,20.0,0.1070682997550976,37.016770307156115,-0.6412711033270346,-4.1786369399547665,4,25.0,0.3867546592191433,5.145944539266761,Consumer Defensive,Grocery Stores,40966766592,0.6,6702236,61.82,74.9,58.6,54.707966,225.0,29.945735487564235
2,LDOS,3,319,-0.0,-11.46945615010072,-0.732339645649193,12,16.666666666666664,0.6704021021174678,19.367576489181637,11.211925308984316,0.37137306071607834,3,33.33333333333333,3.6661698839921404,7.504858819044748,Technology,Information Technology Services,24090390528,0.592,860004,187.77,205.77,123.62,17.5486,92.0,28.792392357036462
2,LEN,3,320,-0.0,-6.04831561975776,-0.10580025941044588,11,36.36363636363637,0.6249505608180672,38.46498668141824,-8.161186408745547,-0.8603239645684919,5,20.0,0.4244835579965732,14.474833547810022,Consumer Cyclical,Residential Construction,27361910784,1.434,5968700,110.79,144.24,98.42,13.883459,182.0,42.28930507932469
2,LH,3,321,-0.0,-12.170062735019094,-0.44415385970888105,18,16.666666666666664,0.5332752876961554,21.351448368691905,8.433208371177559,0.30350418652298405,5,20.0,2.3727034265524445,9.161060770043884,Healthcare,Diagnostics & Research,22274123776,0.97,842221,268.04,293.72,209.38,26.304222,106.0,29.54563946755479
2,LHX,3,322,-0.0,-22.937914270309136,-1.392513936371057,14,14.285714285714285,0.395502414775554,31.815461925093175,11.892050324348503,0.3831532204241914,3,33.33333333333333,0.6557003245116544,11.441785283438236,Industrials,Aerospace & Defense,67410255872,0.66,1338160,360.3,362.42,193.09,38.741932,139.0,27.660087673424012
2,LII,3,323,-0.0,-7.942766196517281,-0.9379466050470479,15,20.0,0.6037077906838118,21.777179115585167,15.741920085357197,0.43064636876094414,5,60.0,4.059886643710642,8.041279393709384,Industrials,Building Products & Equipment,17122735104,1.183,435955,487.49,689.44,443.19,20.57788,104.0,31.35099007704279
2,LNT,3,324,0.0,0.014340441395965797,-0.38692190745264154,11,27.27272727272727,0.7875433658588795,12.00919812579009,-5.392759381002921,-1.0055913446015632,6,0.0,0.0,12.63747274038885,Utilities,Utilities - Regulated Electric,17032378368,0.671,2039093,66.26,69.75,57.09,20.836477,306.0,24.143191627213014
2,LOW,3,325,-0.0,-12.916439356606679,-0.6307962489234251,12,33.33333333333333,0.2580849766075336,21.373708037470262,-2.4256973794844816,-1.5294068184898142,4,25.0,0.6927526275575293,7.631375862994664,Consumer Cyclical,Home Improvement Retail,151131553792,0.957,3043962,269.42,281.36,206.39,22.302982,175.0,32.296772563482506
2,LRCX,3,326,-0.0,-17.701369937097333,-0.2868355897092072,18,16.666666666666664,0.5855040865238176,35.25207250975914,-3.1707312844614366,-1.30569993668621,8,37.5,1.1989323141285269,21.350790770899817,Technology,Semiconductor Equipment & Materials,302118109184,1.779,11490057,239.58,243.99,56.32,52.887417,44.0,47.94298900886022
2,LUV,3,327,-0.0,-33.812588925282384,-0.7811277538568682,12,16.666666666666664,0.20545081642343047,43.300306286794516,13.345815663661064,0.4043071870011982,2,50.0,19.639226765000213,15.133051600873472,Industrials,Airlines,21459169280,1.152,9064109,40.86,45.02,23.82,64.85715,174.0,38.9463410154636
2,LVS,3,328,-0.0,-31.273792407408685,-0.2487001183260029,20,25.0,0.43183072001680567,62.154496739112865,-19.922341270755762,-0.693270433660882,8,12.5,0.018349753837028658,25.730640239628205,Consumer Cyclical,Resorts & Casinos,42052149248,0.964,5466327,61.26,70.45,30.18,27.594593,166.0,46.5227579745565
2,LYB,3,329,-0.0,-12.06445068668881,-0.4644459216763085,15,20.0,0.6721991124664066,26.30598575616865,3.628193259438328,-0.05916518399106228,5,60.0,2.864198268427415,5.218079143146919,Basic Materials,Specialty Chemicals,16244928512,0.739,5611485,50.47,79.1,41.58,0.0,1087.0,39.05674024472726
2,MA,3,330,-0.0,-3.4636721436096973,-0.2109638705055781,10,30.0,0.6114430187137019,29.393177048258277,-2.63597298376701,-1.453459808619803,5,40.0,0.666061664326681,7.6311144168575415,Financial Services,Credit Services,471324655616,0.857,3142240,521.37,601.77,465.59,33.293102,67.0,31.49589933190263
2,LYV,3,331,-0.0,-38.98098155548859,-0.850949860847316,12,16.666666666666664,0.1366365156988666,41.326142938140876,-1.0449398256530684,-2.787430715989681,3,33.33333333333333,0.9105011037525083,20.820806030853877,Communication Services,Entertainment,34257829888,1.197,3086762,147.53,175.25,112.88,106.9058,0.0,45.82754044823956
2,MAA,3,332,-0.0,-10.577316736010257,-0.31809990795191234,13,23.076923076923077,0.4867441278544963,19.476137783623866,-15.878024218982523,-0.7227966449419417,5,0.0,0.0,17.531735342194953,Real Estate,REIT - Residential,15899360256,0.771,1058965,132.46,173.38,125.75,28.063562,454.0,27.25991430764579
2,MAR,3,333,-0.0,-17.88143565798206,-0.2421806935788565,13,23.076923076923077,0.385860556570312,37.05157398924385,-13.437903610055656,-0.7492075129810135,8,12.5,0.45290187731615295,16.274334300301273,Consumer Cyclical,Lodging,84713848832,1.157,1580449,312.07,331.09,205.4,32.918777,85.0,38.72971741406588
2,MAS,3,334,-0.0,-25.189446112933588,-0.35042616593991655,16,18.75,0.1626169062566678,36.12388843468175,-6.442909898365756,-0.9357909603040995,6,16.666666666666664,0.07278768896382452,12.733570561419802,Industrials,Building Products & Equipment,13918494720,1.277,2482983,66.48,81.45,56.55,17.002558,185.0,31.103519879476497
2,MCHP,3,335,-0.0,-20.499396096757938,-0.7298831214415967,16,25.0,0.5565022063882662,27.173785752435922,-4.726452729799746,-1.0659621751541124,4,25.0,0.5423318346506822,15.789848120211769,Technology,Semiconductors,43387072512,1.445,8851244,80.28,81.4299,34.13,0.0,242.0,43.104083575746905
2,MDLZ,3,336,0.0,3.263126260979532,-0.08974917673840463,11,36.36363636363637,0.6375643047844533,20.90502134059954,0.5971105136743038,-3.2902772869685575,4,0.0,0.0,5.927271598407214,Consumer Defensive,Confectioners,74699472896,0.402,11071770,57.73,71.15,51.2,21.621721,339.0,20.87822459741877
2,MET,3,337,-0.0,-1.4269416441729077,-0.18156196940519914,10,40.0,0.9464598463151521,15.953133169085872,8.780746913247928,0.314342907791451,4,75.0,2.1539358496024326,11.327588368960285,Financial Services,Insurance - Life,50714886144,0.756,3603001,76.26,87.64,65.21,14.361583,296.0,33.26118095133753
2,MDT,3,338,-0.0,-18.046541215737378,-0.5909750981432621,16,18.75,0.24585630090270233,26.270193230075158,-11.160663971636875,-0.7842735385065316,5,0.0,0.0,12.705382574728196,Healthcare,Medical Devices,129274871808,0.729,7150095,100.79,106.33,79.55,27.314363,282.0,25.879044601158935
2,MGM,3,339,-0.0,-19.79497706517129,-0.2524708194511588,14,28.57142857142857,0.5960406537854233,38.479583449626176,-1.272358573333765,-2.392405494311847,5,40.0,0.8972003506047053,22.888840187361392,Consumer Cyclical,Resorts & Casinos,8957335552,1.461,4614703,32.75,41.32,25.3,163.75,0.0,52.23984786800444
2,MMC,3,340,-0.0,-21.557166598949905,-0.4422889331173623,19,15.789473684210526,0.1804161699543582,30.987217105657543,3.4432777143731386,-0.093348195566343,4,25.0,1.475844788516361,4.480157242923497,Financial Services,Insurance Brokers,89819709440,0.752,2732934,182.7,248.0,174.175,21.932774,1.97,23.203817921198265
2,MMM,3,341,-0.0,-12.715692378412136,-1.3762481500218093,14,28.57142857142857,0.6114013658000796,21.53531402793251,-1.314492214786056,-2.334227221963651,5,20.0,0.2040910474986084,13.291396900074208,Industrials,Conglomerates,82839232512,1.159,3122275,155.94,174.69,121.98,25.946754,185.0,26.661233527904855
2,MNST,3,342,-0.0,-5.4616120822601255,-0.2901483705292976,18,38.88888888888889,0.5732047182259908,24.885074915752522,0.6944675568313796,-2.748076605026818,7,14.285714285714285,0.1041263961159754,12.459103378030887,Consumer Defensive,Beverages - Non-Alcoholic,79060549632,0.46,5640506,80.92,83.24,45.7,45.977272,0.0,26.332204406116748
2,MPWR,3,343,-0.0,-9.0981040098975,-0.4313429571744285,15,33.33333333333333,0.834055732959083,32.866770935796666,-20.81800031770944,-0.6882831657942023,5,20.0,0.011337064803518482,24.066901335702223,Technology,Semiconductors,55657394176,1.456,693806,1161.78,1171.57,438.86,29.789232,56.99999999999999,51.45412518455108
2,MRNA,3,344,-0.0,-13.551557234481804,-0.975818140310073,14,28.57142857142857,0.7717831376765885,37.64177415845036,-26.07921998196412,-0.6659035724845725,4,0.0,0.0,26.809033049897337,Healthcare,Biotechnology,17700233216,1.174,12472445,45.3,55.2,22.28,0.0,0.0,75.10715800393139
2,MS,3,345,0.0,1.3414835418952276,-0.2211098901856698,12,33.33333333333333,1.063972126441915,22.44414704343884,-6.111851115507871,-0.9552065083409296,4,50.0,0.2670300790178913,13.700054507340697,Financial Services,Capital Markets,289794654208,1.197,5838414,182.34,192.68,94.33,17.858961,219.0,33.85836463548992
2,MSCI,3,346,-0.0,-23.409094592998525,-0.922501362107367,17,23.52941176470588,0.22023601081073377,23.547933392548092,-14.517735338023686,-0.7364247407230685,6,16.666666666666664,0.17922589494719304,22.632152114972307,Financial Services,Financial Data & Stock Exchanges,47569559552,1.303,585037,614.87,620.99,486.74,38.989853,124.0,36.11967677970743
2,MSFT,3,347,-0.0,-13.40798579095317,-0.18571462998469368,14,14.285714285714285,0.1832521832014553,29.766689671595362,6.3284429148101395,0.2124262100100875,5,20.0,2.89017646926697,6.191068101590159,Technology,Software - Infrastructure,3580035858432,1.073,25357331,481.63,555.45,344.79,34.206676,76.0,30.565958916378218
2,MTCH,3,348,-0.0,-36.27020552162526,-0.6745690024906483,14,21.428571428571427,0.21138923783285304,38.55319563555898,22.744123852070743,0.47581190737894447,3,33.33333333333333,18.605027056870192,13.863544291848726,Communication Services,Internet Content & Information,7547113472,1.334,3586585,31.365,39.2,26.39,14.656541,240.0,51.31126710209143
2,MTB,3,349,-0.0,-10.557313159470338,-0.8294661372619644,14,35.714285714285715,0.6259347542715326,24.053295352544296,-0.7162177945531534,-3.801789949858737,4,50.0,0.9044038717454435,11.684389985091968,Financial Services,Banks - Regional,33893246976,0.583,1009383,216.89,222.18,150.75,12.750734,276.0,39.452963801907565
2,MU,3,350,-0.0,-21.98221011229019,-0.23667544054891318,14,35.714285714285715,0.46036416252694734,39.93341277708028,2.1790424221164173,-0.4824735567804422,6,33.33333333333333,1.0457457459979327,17.596105311625738,Technology,Semiconductors,489911648256,1.503,29246086,435.28,438.94,61.54,41.45524,11.0,44.75649852974089
2,MTD,3,351,-0.0,-5.450315863037103,-0.37101698886730033,15,26.666666666666668,0.7944618884620473,21.61715758527575,-15.706383341796858,-0.7243860970121181,3,0.0,0.0,17.61846021842499,Healthcare,Diagnostics & Research,28872437760,1.417,139891,1401.64,1525.17,946.69,34.997253,0.0,31.31199917342421
2,NDAQ,3,352,-0.0,-20.025279682786568,-0.9788718208707142,16,31.25,0.42831308471276686,21.56323198744078,-4.28575378605236,-1.1162055539412288,4,50.0,0.47886408670338737,11.786031030921484,Financial Services,Financial Data & Stock Exchanges,56639328256,1.019,3180714,98.71,101.79,64.84,35.25357,110.00000000000001,27.195308542048817
2,NDSN,3,353,-0.0,-36.641113666378175,-1.1704216305894886,20,20.0,0.18389764063362984,39.644844477846995,1.4794354367235751,-0.9836513260357864,4,25.0,1.1830932288819505,9.267990691520597,Industrials,Specialty Industrial Machinery,15180647424,1.025,426867,271.94,275.43,165.03,31.99294,120.0,29.877528959005094
2,NFLX,3,354,-0.0,-39.379620290048614,-0.3904697289239369,18,27.77777777777778,0.2992557120234147,47.76953895878634,28.290311897239672,0.4957180452273358,5,20.0,3.0227267019232253,18.5280635714356,Communication Services,Entertainment,359033536512,1.711,46130342,84.64,134.115,81.93,33.454544,0.0,48.72900395863636
2,NEM,3,355,-0.0,-2.0231810691062724,-0.39985549513548735,12,25.0,0.9405336484800126,35.481459597077425,-8.356632876749625,-0.8537057236913872,4,0.0,0.0,14.468252033884026,Basic Materials,Gold,144940433408,0.422,9201432,131.95,132.4,40.99,20.520996,79.0,34.49688701481298
2,NI,3,356,0.0,1.2718847332509275,-0.06532288521832452,12,33.33333333333333,0.9420414330905692,23.456674632830996,-8.646118722631723,-0.8444529022720877,5,0.0,0.0,12.864869614918986,Utilities,Utilities - Regulated Gas,20978399232,0.651,3724873,44.33,44.88,35.64,23.331581,270.0,25.988954874489146
2,NKE,3,357,-0.0,-15.04194279528621,-0.3991857477366544,13,23.076923076923077,0.3958932903903503,31.938455388178568,-0.9094326866415758,-3.1167367578002803,5,0.0,0.0,11.32448114109633,Consumer Cyclical,Footwear & Accessories,92139061248,1.284,18478600,62.24,82.44,52.28,36.39766,260.0,33.822067167303025
2,NOC,4,358,-0.0,-11.33629289015915,-0.8000456321983147,21,33.33333333333333,0.6313939118224327,26.450401367954893,-13.170627106785638,-0.7526950768464061,8,12.5,0.018859275041950455,15.263770592085638,Industrials,Aerospace & Defense,98352676864,0.049,834929,689.13,690.73,426.24,23.722204,136.0,27.59137143084401
2,NOW,4,359,-0.0,-43.379830393577556,-0.4233691256945111,17,17.647058823529413,0.13271305023877497,49.55565901342008,25.77011888288119,0.48773480845953904,6,50.0,2.6512660676540727,12.471232727009614,Technology,Software - Application,136767627264,0.979,10109559,129.62,234.078,123.78,78.55757,0.0,44.00852099371296
2,NTRS,4,360,-0.0,-25.478369502728604,-0.7737266032107726,12,16.666666666666664,0.0791751225875234,31.163905826931487,-8.352571165735013,-0.85384011057313,5,40.0,0.24117287778293117,13.354985632429013,Financial Services,Asset Management,28414885888,1.285,975911,150.25,157.6,81.62,17.191076,210.0,34.677232940912546
2,NSC,4,361,-0.0,-25.940038905447093,-0.8369932353262367,12,16.666666666666664,0.30181940727599144,27.483958752431313,-2.3566200183380404,-1.557313546590267,4,50.0,0.7402816279348595,12.044240402441055,Industrials,Railroads,63831261184,1.327,1249463,284.47,302.24,201.63,21.682165,187.0,29.359631065926127
2,NRG,4,362,-0.0,-21.978826447257394,-0.42526413970310684,17,35.294117647058826,0.561304881110123,31.931928177211688,14.718854473824972,0.4204493988898759,6,33.33333333333333,1.094485314529448,11.704838118969258,Utilities,Utilities - Independent Power Producers,30003050496,1.242,1938160,155.11,180.54,79.57,23.18535,122.0,36.26954039907685
2,NVR,4,363,-0.0,-4.495351173339824,-0.11879233898324318,14,28.57142857142857,0.33338529819370716,23.80876825108726,-0.31756341894533247,-7.849601854174801,4,50.0,0.9184606997959376,4.872823361021569,Consumer Cyclical,Residential Construction,21071652864,1.013,24411,7626.08,8618.28,6562.85,16.779423,0.0,35.52680613038104
2,NWS,4,364,-0.0,-15.469788534130824,-1.245570831073304,13,38.46153846153847,0.3604409265913869,17.543549520458946,18.70351291513832,0.45387608082529374,4,100.0,0.0,7.443463287761662,Communication Services,Entertainment,17013713920,0.974,916581,30.61,35.58,26.25,36.87952,65.0,34.374245381512864
2,NTAP,4,365,-0.0,-31.010840935716367,-0.6928103100154077,13,38.46153846153847,0.3409221201512574,33.50818593901228,20.1282895131061,0.4626161744095011,3,66.66666666666666,43.24394784238078,4.769757833627234,Technology,Software - Infrastructure,19828094976,1.374,2136540,99.33,127.78,71.84,17.304878,208.0,35.1337265023505
2,NWSA,4,366,-0.0,-7.377878308437125,-0.5083178046124587,10,40.0,0.4909494701804013,17.28757311017556,13.788674055290073,0.4098649063840197,3,100.0,0.0,7.4285861805431646,Communication Services,Entertainment,15566282752,0.974,3648377,26.59,31.61,23.38,32.036144,75.0,33.98335640317897
2,NXPI,4,367,-0.0,-22.614854233613435,-0.5609704570035836,13,23.076923076923077,0.37691435186070193,31.189123959335944,12.752016895333718,0.396249420930589,4,50.0,2.198155361137174,15.900287415996095,Technology,Semiconductors,60515065856,1.466,2820211,240.03,255.45,148.09,29.633331,177.0,42.90495392703791
2,O,4,368,-0.0,-6.433609931946993,-0.6659067767555878,10,40.0,0.5801640424861727,15.220030313809511,-8.053927338921007,-0.8640924981141667,5,20.0,0.05881464252979699,8.053927338921003,Real Estate,REIT - Retail,55150616576,0.807,6502259,60.07,61.95,50.71,56.140182,532.0,28.69542416121088
2,ODFL,4,369,-0.0,-24.30688256775516,-0.9950097737295119,17,23.52941176470588,0.46682684218593645,25.498718232470136,11.744921863878123,0.3807205168997326,6,16.666666666666664,1.9318790846211427,13.747924217235648,Industrials,Trucking,36300242944,1.276,2218252,172.72,209.61,126.01,34.752518,64.0,34.56573150778682
2,ON,4,370,0.0,0.6257491979751562,-0.008544482392716119,10,20.0,0.9051602373099785,36.45052496431956,10.537710223121621,0.35819439681696685,4,75.0,2.406746207102815,12.607774547957407,Technology,Semiconductors,26554681344,1.543,9046434,64.93,66.86,31.04,88.945206,0.0,55.221895107248656
2,PAYC,4,371,-0.0,-50.244434908030364,-0.5592058762750567,18,16.666666666666664,0.16529187780859736,50.36795769717421,-6.0914305936871305,-0.9564732093987548,2,50.0,0.036135854179214805,26.347879102642157,Technology,Software - Application,7856232960,0.824,837619,139.65,267.76,139.43,17.347824,105.0,48.66396132909063
2,PCAR,4,372,-0.0,-0.825189129214321,-0.2778191181374988,14,28.57142857142857,0.9739380483863717,19.404659951511533,7.437355229183162,0.2668365172450189,5,60.0,5.575906650535173,8.471408244984042,Industrials,Farm & Heavy Construction Machinery,64631648256,1.024,3207631,123.06,125.36,84.65,27.28603,108.0,26.746104176861646
2,PEG,4,373,0.0,3.0417912372097344,-0.1054027649553957,11,36.36363636363637,0.820831176219417,20.485027298091442,-5.090800320767508,-1.0309923158708696,6,0.0,0.0,13.128209495483935,Utilities,Utilities - Regulated Electric,40656089088,0.613,2895354,81.45,91.26,74.67,19.579327,313.0,24.223076179502844
2,PANW,4,374,-0.0,-29.098203206474317,-0.18528580015566393,18,33.33333333333333,0.429614184862712,49.60781561692836,9.724517919830333,0.3398679491612826,4,50.0,3.095993158732248,17.256383733693863,Technology,Software - Infrastructure,125674987520,0.754,5877893,183.74,223.61,144.15,116.29114,0.0,40.4897028943637
2,PAYX,4,375,-0.0,-7.406278339478389,-0.6172875556233225,14,35.714285714285715,0.6891093740184803,17.507252559421378,-0.6049593570560674,-4.394798581745391,4,50.0,0.9057782057801017,7.876033285042092,Technology,Software - Application,36776214528,0.903,3259709,102.45,161.24,102.09,23.178732,412.0,28.13249223120816
2,PFG,4,376,-0.0,-7.104467078285037,-0.6020846445885938,10,40.0,0.7808955256831586,30.80142437361231,6.554582382005014,0.2250164449785292,4,25.0,1.7553003788216424,10.209414450611046,Financial Services,Asset Management,20951373824,0.9,1341216,94.05,94.34,68.39,13.790322,343.0,36.730109766850774
2,PH,4,377,-0.0,-18.88571541385008,-0.953554577820878,12,25.0,0.43179580551876806,28.159555544893653,11.48690915896562,0.3763039263658906,6,16.666666666666664,2.5125863543492026,6.624973448369659,Industrials,Specialty Industrial Machinery,115948535808,1.253,648240,916.27,954.3,488.45,32.653957,78.0,34.842763272174174
2,PGR,4,378,-0.0,-5.735911951152817,-0.6105218948134936,15,33.33333333333333,0.7876526866365446,21.433822047462485,-7.6725030779613235,-0.878347356227894,7,28.57142857142857,0.20054782687347295,20.0459970345102,Financial Services,Insurance - Property & Casualty,124708192256,0.341,3472839,212.74,292.99,198.5,11.669776,668.0,26.833576077925038
2,PHM,4,379,-0.0,-39.50793535841582,-0.10109812095987604,18,22.22222222222222,0.15076652336774388,63.017623664021244,20.837529602034223,0.4665213407674651,5,20.0,1.6563269579524766,16.036355297007933,Consumer Cyclical,Residential Construction,24320870400,1.339,1818091,123.27,142.11,88.07,9.511574,84.0,41.62445153773853
2,PLTR,4,380,-0.0,-36.70887662181759,-0.4925762325357949,15,33.33333333333333,0.3264366476399907,48.096758758114795,26.106340150095917,0.4888889581256918,5,20.0,3.5602275010682303,30.08410251805797,Technology,Software - Infrastructure,375033724928,1.545,45162670,157.35,207.52,66.12,365.93024,0.0,73.2953427031032
2,PKG,4,381,0.0,3.4858582353908707,-0.03153354499646769,11,36.36363636363637,1.1895799646611755,12.023462473346665,15.926002252063132,0.43234205933210584,5,60.0,5.88715677508091,7.163305419869346,Consumer Cyclical,Packaging & Containers,19580282880,0.894,833888,217.61,232.5,172.72,21.958628,224.00000000000003,29.190156622129273
2,PLD,4,382,-0.0,-7.82654929926192,-0.23107301410701322,15,40.0,0.7439316661118522,24.81718885151887,-15.631236667413473,-0.7250929670897175,5,0.0,0.0,16.441863736993152,Real Estate,REIT - Industrial,118086860800,1.418,3493913,127.13,134.94,85.35,36.956394,314.0,30.136197008735405
2,PNC,4,383,-0.0,-38.374047706611705,-0.914177631419338,15,13.333333333333334,0.07912235857325858,43.70551500676764,-7.105350036831459,-0.9023731132138385,5,40.0,0.42080157287224174,17.522237035861355,Financial Services,Banks - Regional,89511051264,0.992,2191932,221.39,227.78,145.12,13.336746,304.0,34.25515125713902
2,PNR,4,384,-0.0,-30.704871382323528,-0.5690452956449974,18,5.555555555555555,0.23987770092759683,39.02657104279405,-1.5853706630323372,-2.0340449908778115,4,25.0,0.8716786997808679,14.62852461177968,Industrials,Specialty Industrial Machinery,17240649728,1.214,1299322,105.17,113.95,74.25,26.760813,100.0,32.442429177390245
2,PPG,4,385,-0.0,-28.854126578109696,-0.6126651075077719,17,17.647058823529413,0.23940546393680207,34.374399644973515,-6.794343724805207,-0.9172508056207165,4,25.0,0.4552495722182374,12.502844177620746,Basic Materials,Specialty Chemicals,25720772608,0.0,2105786,113.96,123.52,90.24,16.49204,258.0,30.800387632960597
2,POOL,4,386,-0.0,-2.789849481599882,-0.10289245964142552,11,27.27272727272727,0.8100768679460165,19.751759235670235,-10.835841338895024,-0.7904764127470216,4,25.0,0.05430108217859973,14.353376712044238,Industrials,Industrial Distribution,9645959168,1.223,819127,258.48,374.74,226.1,23.540985,189.0,36.52504833110785
2,PODD,4,387,-0.0,-3.6378684273070783,-0.4220088704741876,18,27.77777777777778,0.7669072784274662,33.822738898606225,-13.753694975814811,-0.7452615890799877,4,0.0,0.0,15.82085679830318,Healthcare,Medical Devices,18175352832,1.4,753463,258.2,354.88,230.05,75.49708,0.0,45.40069066473497
2,PSA,4,388,-0.0,-35.77510091533684,-0.5526697011708239,16,25.0,0.3669449792972598,44.25406366169603,-16.027051302819196,-0.7214442159253098,4,0.0,0.0,17.727839042870485,Real Estate,REIT - Industrial,48052297728,0.991,1155111,273.86,322.49,256.54,28.40871,432.0,25.68366132216345
2,PRU,4,389,-0.0,-10.99566623693038,-1.4143242369094569,13,46.15384615384615,0.6274935338983845,21.45934648537772,11.213571926963573,0.3714033067230597,3,66.66666666666666,3.246048037193777,8.716288978358442,Financial Services,Insurance - Life,37900734464,0.961,1729996,107.69,123.88,90.38,14.752055,503.0,35.97040059524041
2,PSKY,4,390,-0.0,-63.299783316037846,-0.7160131124597592,19,5.263157894736842,0.013813141299625449,68.41545407621497,-25.91903842555955,-0.6664508383867119,7,0.0,0.0,30.216095042037878,Communication Services,Entertainment,12509915136,1.188,8854718,11.34,20.86,9.95,378.0,173.0,57.54952977469926
2,PSX,4,391,-0.0,-15.575282306193216,-0.48230941059900195,11,18.181818181818183,0.5587286573092626,30.62125125873084,13.997761655719332,0.4123666715574351,4,25.0,2.813675118140103,9.559705468699827,Energy,Oil & Gas Refining & Marketing,57417973760,0.897,2412678,142.08,146.88,91.01,38.296497,343.0,42.18560942619397
2,PTC,4,392,-0.0,-20.31658827355193,-0.5964164752281683,12,16.666666666666664,0.28890421013168854,30.94156028736654,-9.917937366043061,-0.8102012130426702,7,28.57142857142857,0.2294162045426384,13.44802645598142,Technology,Software - Application,19339868160,1.014,901572,161.91,219.69,133.38,26.673805,0.0,36.748651755987375
2,PYPL,4,393,-0.0,-15.707994984821383,-0.631069544745389,13,38.46153846153847,0.6209012267422075,30.344968149990923,-17.966998232083064,-0.705885990456336,4,0.0,0.0,26.466906120434462,Financial Services,Credit Services,51666866176,1.427,15719275,54.08,90.925,53.645,10.859438,101.0,45.861975331105285
2,QCOM,4,394,-0.0,-29.343802474919357,-0.3198333114403455,19,31.57894736842105,0.49661352115902485,43.1222948202704,-11.382602908251227,-0.780238931420338,5,20.0,0.13107243875991637,18.378489989316307,Technology,Semiconductors,163541696512,1.212,8996144,152.7,205.95,120.8,30.539999,233.0,41.307653938479504
2,REG,4,395,-0.0,-12.289453333300248,-1.5843620187034932,13,23.076923076923077,0.5664977062596781,21.536503557219994,14.1453511051441,0.41408807374516854,4,50.0,8.331569263770643,4.889167062839241,Real Estate,REIT - Retail,12962632704,0.95,1249070,70.45,78.18,63.44,32.316513,424.0,36.43831394186059
2,REGN,4,396,-0.0,-13.500227551688438,-0.6924008661163018,17,29.411764705882355,0.4980891537847019,19.151794472224026,1.8726485797551984,-0.6558768839051642,4,50.0,1.2524636585940994,8.94802745119679,Healthcare,Biotechnology,79610347520,0.389,979127,751.13,821.11,476.49,18.004074,46.0,31.526882009378703
2,RL,4,397,-0.0,-36.93672092399347,-1.1077609283140595,19,26.31578947368421,0.30830115639088207,40.65179049876342,-7.0060700173273265,-0.9069788728214654,6,16.666666666666664,0.5850994066585187,15.160191396025605,Consumer Cyclical,Apparel Manufacturing,21405544448,1.508,631521,352.99,380.0,176.61,26.108727,102.0,42.6611701236497
2,RJF,4,398,-0.0,-8.554528515095605,-1.216933109433473,11,36.36363636363637,0.587309436468315,16.531747704384117,13.585157044440344,0.4073558356174636,3,33.33333333333333,3.4903068136770243,9.022353484460025,Financial Services,Asset Management,33236158464,1.004,1191940,168.31,177.66,117.57,16.356657,128.0,34.598808636695324
2,RF,4,399,-0.0,-26.79507443560678,-0.9553585000347993,13,23.076923076923077,0.2662206991216649,31.028181278277422,2.725244444615549,-0.2700603479832103,2,50.0,3.63058904822435,11.58412059340781,Financial Services,Banks - Regional,24429778944,1.039,14866114,27.86,29.26,17.74,12.113044,380.0,41.206409904228806
2,RMD,4,400,-0.0,-2.3510315423199257,-0.2803465892605299,16,37.5,0.6836367192548204,21.037956634025136,-20.538582489409762,-0.6897923560741172,5,20.0,8.159889848131622e-05,26.87542981388105,Healthcare,Medical Instruments & Supplies,37618429952,0.876,1034611,257.72,293.81,199.92,26.405737,94.0,32.75987852864826
2,ROK,4,401,-0.0,-8.611539869056905,-0.626143781439863,16,18.75,0.7961107782357164,21.454945950030336,1.3335703565161117,-1.154392690958127,5,40.0,1.079643170571908,13.987590285332645,Industrials,Specialty Industrial Machinery,46648528896,1.516,876324,414.9,429.58,215.0,54.023438,132.0,33.41798538050358
2,ROP,4,402,0.0,1.3391056448897265,-0.6919888183982835,13,30.76923076923077,0.7639921832811549,12.853769089940517,-0.7506192482711782,-3.654011415406571,8,25.0,0.8026022400055537,9.386067666021852,Technology,Software - Application,38789300224,0.942,1110504,360.37,595.17,345.93,25.342474,99.0,25.16129438233618
2,ROST,4,403,-0.0,-10.275380654685872,-0.6219246592124226,16,25.0,0.7870691009587408,27.643580644723826,5.042047456841625,0.11932183995997893,9,44.44444444444444,1.3162034261915616,6.851557946291374,Consumer Cyclical,Apparel Retail,60505092096,1.012,2626740,186.04,194.92,122.36,29.068748,87.0,38.20729548577083
2,RSG,4,404,-0.0,-3.23044436798382,-0.35741907150474234,14,21.428571428571427,0.44594107732788973,13.026818299707374,5.014916671233061,0.116843898265087,5,20.0,1.3615329598147692,6.431262885985483,Industrials,Waste Management,67938160640,0.561,1560432,217.6,258.75,201.42,32.33284,114.99999999999999,21.73825624288644
2,RTX,4,405,-0.0,-0.3872720752912784,-0.12323125490221803,13,23.076923076923077,1.0351446832781737,15.802245631927933,6.062321836612927,0.1964069377401051,5,0.0,0.0,9.483836201808948,Industrials,Aerospace & Defense,267430379520,0.438,4705870,199.46,205.36,112.27,40.294952,135.0,31.208600095197358
2,RVTY,4,406,-0.0,-23.908509395514155,-0.3430096972268106,11,18.181818181818183,0.12648805513926006,32.54228762862358,-16.11612545488764,-0.720647805760869,8,0.0,0.0,19.95400371042742,Healthcare,Diagnostics & Research,12899144704,1.055,1435990,111.13,128.29,81.36,57.2835,24.0,32.63729623159342
2,SBUX,4,407,-0.0,-18.169717884346227,-0.763584764241918,16,18.75,0.46363010460751175,26.090242756504793,-9.046756517354115,-0.8326241977327951,6,0.0,0.0,11.355430821133833,Consumer Cyclical,Restaurants,108412182528,0.964,10249318,95.16,117.46,75.5,58.38037,259.0,30.704687807411958
2,SCHW,4,408,-0.0,-5.680005333605786,-0.562190048651701,14,35.714285714285715,0.8321948871786494,20.18656486635419,16.936107719672133,0.4409906572301423,2,50.0,9.363049842419725,12.054969356776247,Financial Services,Capital Markets,187820752896,0.937,8703406,103.47,105.81,65.88,22.251614,104.0,38.758745960864005
2,SHW,4,409,-0.0,-35.73255281218045,-0.6198381763989458,17,23.52941176470588,0.1454518259439806,42.07173100569335,8.890341933735435,0.31758511122700406,2,50.0,2.925036894500794,8.605737713820764,Basic Materials,Specialty Chemicals,87166926848,1.26,1779372,349.6,379.65,308.84,34.140625,91.0,30.01908188019907
2,SJM,4,410,0.0,0.1860973717403347,-0.30499739784495816,13,53.84615384615385,0.9007829359390528,24.05408487781062,-5.87992854934164,-0.970110326965682,3,0.0,0.0,7.069507923420313,Consumer Defensive,Packaged Foods,11027926016,0.22,1608773,103.36,121.48,93.3,0.0,418.0,23.397203089476875
2,SNA,4,411,-0.0,-11.534903740794434,-0.3503967077229118,13,30.76923076923077,0.6206865724644075,20.82362575638586,2.1403953817572097,-0.5016097661579305,3,33.33333333333333,1.4936502780980427,8.562434486709263,Industrials,Tools & Accessories,19304099840,0.789,276629,370.07,375.17,289.81,19.426249,265.0,29.497811837613476
2,SNPS,4,412,-0.0,-23.889571166137678,-0.6123836298976243,17,23.52941176470588,0.3382775814200176,29.310458432973313,10.971469491607678,0.3668587686185293,5,40.0,3.839704190461361,11.060349217939345,Technology,Software - Infrastructure,97830567936,1.119,2089983,511.35,651.73,365.74,63.207664,0.0,35.58077319376184
2,SPG,4,413,-0.0,-17.13127898802913,-1.209207371944013,15,26.666666666666668,0.48985087502786406,28.833124603999245,8.676363774135588,0.31117873271683794,3,100.0,0.0,5.412500108624741,Real Estate,REIT - Retail,69315559424,1.4,1434967,183.76,190.14,136.34,26.74818,476.99999999999994,45.17860707370675
2,SPGI,4,414,0.0,1.974571626907884,-0.2385135529331944,12,33.33333333333333,0.8363998008435951,14.992069308544716,5.396299793341397,0.14939015481493487,3,33.33333333333333,2.0367266204056325,11.887895229140065,Financial Services,Financial Data & Stock Exchanges,161235042304,1.207,1572621,528.12,579.05,427.14,38.408726,74.0,29.09244254117942
2,STE,4,415,-0.0,-27.777891479534876,-0.6244695836457222,16,12.5,0.04097323434416009,30.899730623811525,20.90946207213498,0.4669026130619183,5,40.0,4.04079949022649,8.396559697122537,Healthcare,Medical Devices,25692258304,1.032,614540,260.86,269.44,204.9,37.42611,96.0,29.04076661404701
2,STT,4,416,-0.0,-24.88600738501072,-0.550514512187124,17,23.52941176470588,0.5113788258746411,35.46291394867302,-6.347095790948409,-0.9412018877601129,4,25.0,0.3849979249159053,16.289740671487824,Financial Services,Asset Management,35757580288,1.448,2045168,128.02,137.05,72.81,13.604676,263.0,39.00840919332928
2,STX,4,417,-0.0,-8.160718197640849,-0.2112059051172017,12,25.0,0.7407181716960782,21.166110202416395,8.274375299575908,0.2982474979052643,6,66.66666666666666,1.4506170235974731,13.190140993971305,Technology,Computer Hardware,96502063104,1.619,4133383,442.93,449.5,63.19,50.048584,80.0,39.10330275695279
2,STZ,4,418,-0.0,-9.93383493935549,-0.49642632552096744,12,33.33333333333333,0.5719694582849973,19.02051102030836,14.234831665476477,0.41511434459070967,2,100.0,0.0,2.730439576454043,Consumer Defensive,Beverages - Brewers,27461568512,0.444,2656644,157.74,196.91,126.45,24.762953,252.99999999999997,26.926609550131435
2,SW,4,419,-0.0,-36.59696397493926,-0.596648803041504,15,33.33333333333333,0.34381499386226294,54.97379998159741,-15.476767023450844,-0.7265675490814296,7,14.285714285714285,0.4193810342315106,17.40369013430951,Consumer Cyclical,Packaging & Containers,22145923072,0.988,5580150,42.41,55.54,32.729,29.047945,401.0,49.78429665958779
2,SWK,4,420,-0.0,-33.92213226214522,-0.5002238768368984,14,7.142857142857142,0.11142549329362118,41.7842777439939,15.412205677062651,0.4275079218223381,5,40.0,1.9513828441145298,10.954641805145636,Industrials,Tools & Accessories,12285474816,1.202,1693926,79.32,90.75,53.91,27.351723,409.99999999999994,39.49577083507145
2,SWKS,4,421,-0.0,-25.929650126201587,-0.49527391097582757,17,23.52941176470588,0.46138164240318263,34.97806529280985,-7.542770112340936,-0.8835243991660955,4,25.0,0.20348384410508466,15.386249388558493,Technology,Semiconductors,8288143360,1.297,3303213,55.28,90.9,47.93,17.948051,473.00000000000006,40.81986151825147
2,SYF,4,422,-0.0,-39.00739948690525,-0.7799287499951187,15,26.666666666666668,0.18501801950289323,44.04553453426808,-7.778258570750762,-0.8742549112444347,7,28.57142857142857,0.932913158464223,22.577333029757007,Financial Services,Credit Services,26443761664,1.425,3724029,73.42,88.77,40.545,7.911638,155.0,44.267397313165866
2,T,4,423,-0.0,-0.6682488504936246,-0.570135186780602,10,50.0,0.9709436330593332,16.641296703373698,-7.8137334466410024,-0.8729069441810512,7,0.0,0.0,13.905277210725226,Communication Services,Telecom Services,172109774848,0.6,44697578,24.07,29.79,22.95,7.840391,483.0,26.061864705810905
2,SYK,4,424,-0.0,-14.485854832742328,-0.7644382748044329,14,28.57142857142857,0.5582183352344707,22.573588317336018,-4.603585371068252,-1.0790029791126772,6,16.666666666666664,0.4700514989729878,13.275034506712485,Healthcare,Medical Devices,136842649600,0.896,1768698,357.83,404.87,329.16,46.959316,99.0,30.05618289481901
2,TECH,4,425,-0.0,-30.12540087776986,-0.5667009290543437,16,18.75,0.1442775023693312,39.46561281972862,-19.003874073887484,-0.6988729159815116,5,20.0,0.08916063606308795,20.10591414443116,Healthcare,Biotechnology,10215080960,1.469,1982947,65.56,79.28,46.01,133.79591,47.0,35.26701676048895
2,TEL,4,426,-0.0,-22.54256507835476,-1.0674606343870998,13,38.46153846153847,0.31091352327218075,24.095799633444642,0.2807178494398821,-7.649419355066423,5,20.0,0.9955365993684702,11.486719228116524,Technology,Electronic Components,65097367552,1.242,2022029,221.77,250.67,116.3,31.909353,123.0,30.750908551381922
2,TER,4,427,-0.0,-15.689500978951788,-0.2945406453953646,13,30.76923076923077,0.5332494005877335,32.2598298050837,-1.3394170275222717,-2.3015340217514133,4,25.0,0.9068824466147252,17.022960888471825,Technology,Semiconductor Equipment & Materials,39844737024,1.835,3231988,250.48,251.15,65.77,91.08363,20.0,45.111381784234375
2,TFC,4,428,-0.0,-20.296661835139464,-1.013639478144169,10,30.0,0.323376988392625,27.338776277253242,-7.840890609184392,-0.8718832746690541,4,50.0,0.09621196033721222,16.957302798043198,Financial Services,Banks - Regional,64358883328,0.874,8382260,50.31,51.52,33.56,13.170157,409.0,39.75546473673687
2,TGT,4,429,-0.0,-8.827997202367987,-0.666032885632054,10,40.0,0.6533575876831517,21.266008937662054,-11.711508548613258,-0.7745410125658885,4,0.0,0.0,17.64394747417274,Consumer Defensive,Discount Stores,46230568960,1.124,7125088,101.74,142.24,83.44,12.317191,438.0,35.28065901602112
2,TJX,4,430,-0.0,-9.909296727980998,-0.5425293142007738,14,35.714285714285715,0.6971631513299757,28.700424878779994,9.99602444958878,0.34631831359516846,4,50.0,28.777984232184664,3.893349161471871,Consumer Cyclical,Apparel Retail,164481204224,0.752,5378598,147.79,159.48,112.1,32.62472,114.99999999999999,31.39690564196453
2,TMO,4,431,-0.0,-16.156907539358436,-0.46282483838237726,13,38.46153846153847,0.25301197648928664,24.379789899521686,-0.5221827841531579,-4.99994164302004,3,33.33333333333333,0.8495189038804528,6.60100158488357,Healthcare,Diagnostics & Research,228438032384,0.91,1858929,608.02,643.99,385.46,35.186344,28.000000000000004,28.54071658866651
2,TMUS,4,432,-0.0,-3.778566031179309,-0.4618894508653592,11,54.54545454545454,0.8344265579873228,20.737663094505876,0.5577275869438347,-3.563382824924061,5,40.0,0.556726657443455,6.140479019408812,Communication Services,Telecom Services,209609293824,0.44,5349752,186.25,276.49,181.36,17.92589,221.0,27.55685113784459
2,TPR,4,433,-0.0,-35.17780105998478,-0.7091801462645355,13,38.46153846153847,0.22140252366650326,41.26272269480395,-4.14297064379574,-1.1347766367205963,2,0.0,0.0,9.659331677923404,Consumer Cyclical,Luxury Goods,26082693120,1.643,2945840,126.0,136.04,58.39,96.18321,125.0,49.519252787773944
2,TRMB,4,434,-0.0,-25.43188353285599,-0.7969166956433483,14,28.57142857142857,0.2461743484867102,25.968938026728466,0.5923420933113377,-3.3214121230766174,6,16.666666666666664,0.17832834423776564,19.760780769754287,Technology,Scientific & Technical Instruments,16674493440,1.589,1450136,70.07,87.5,52.91,47.99315,0.0,37.32984595576559
2,TROW,4,435,-0.0,-50.63323722250534,-0.7790211218148302,17,5.88235294117647,0.037787000446562476,51.39300159220933,-10.476463441207628,-0.7977873555898718,5,20.0,0.1660362446260045,19.18515114918826,Financial Services,Asset Management,23125028864,1.532,1764214,105.25,118.32,77.85,11.477644,482.0,35.32360325088929
2,TSCO,4,436,-0.0,-15.317444576745821,-0.3874584748199731,13,30.76923076923077,0.39382960143212153,29.084531230980804,-15.447853349807172,-0.7268468383545145,5,0.0,0.0,15.498717445912826,Consumer Cyclical,Specialty Retail,29136173056,0.737,5999991,55.14,63.99,46.85,26.637682,165.0,30.58158773310357
2,TSLA,4,437,-0.0,-3.9622723843841468,-0.015142604609843995,10,30.0,0.905048350703199,30.12005080752563,37.61150245391845,0.5159488114949224,3,66.66666666666666,3.3920299488945136,20.389016712294836,Consumer Cyclical,Auto Manufacturers,1434957905920,1.835,74485806,431.46,498.83,214.25,293.5102,0.0,65.12989119233646
2,TSN,4,438,-0.0,-14.123995082907737,-0.6170068120941218,11,27.27272727272727,0.4841796417680769,31.041791731049422,-2.3771635181349615,-1.5488446822329405,3,33.33333333333333,0.661675871106464,10.782244370670195,Consumer Defensive,Farm Products,22807472128,0.467,3131052,64.6,65.9617,50.56,48.571426,310.0,30.108843966250333
2,TT,4,439,0.0,0.4358242704867399,-0.24136620736254163,15,33.33333333333333,1.0420258404444533,14.592137973458577,7.429513617050154,0.26650877998922784,4,25.0,2.098435358246345,10.682772679990435,Industrials,Building Products & Equipment,87715561472,1.216,1453585,394.2,476.19,298.15,30.183767,96.0,29.69173066937188
2,TXN,4,440,-0.0,-17.892514392629653,-1.1180138889414577,13,23.076923076923077,0.24162586833481364,22.054367634112804,0.971255090753087,-1.8003989943615728,4,50.0,1.5411928366654628,5.74778623741523,Technology,Semiconductors,196528177152,0.0,7313122,216.17,221.69,139.95,39.664223,289.0,30.568349824071255
2,TTWO,4,441,-0.0,-35.04007122091674,-0.597245857332255,16,25.0,0.1883386629678707,42.612067259820506,4.987756186698933,0.11433624237791315,3,66.66666666666666,2.658121111334361,11.940976316983477,Communication Services,Electronic Gaming & Multimedia,44934516736,0.925,1533857,243.18,264.79,181.86,0.0,0.0,35.98626480180105
2,TXT,4,442,-0.0,-27.362071708842517,-0.7592814703946084,13,23.076923076923077,0.1793933578921992,28.413489411015092,-7.340190237954813,-0.8919744140540197,6,16.666666666666664,0.47544118513400985,15.955351143718387,Industrials,Aerospace & Defense,15466437632,1.001,1417275,86.79,96.98,57.7,18.991247,8.0,37.8197580000077
2,TYL,4,443,-0.0,-37.62087636474612,-0.6061866795186543,19,10.526315789473683,0.04567177819580027,46.75220693287052,-10.017002799377439,-0.8078983805370674,7,28.57142857142857,0.16161973061520346,13.965004943668596,Technology,Software - Application,18131890176,0.916,399791,419.12,661.31,419.09,58.211113,0.0,33.06777953278522
2,UAL,4,444,-0.0,-37.41800081181715,-0.4464854069987168,13,7.6923076923076925,0.21293123434808855,48.82931749324416,11.459077654495253,0.37581563033040166,2,50.0,3.90695971996309,9.596618389210361,Industrials,Airlines,33963352064,1.318,5274486,104.91,119.21,52.0,10.285295,0.0,57.807670960074
2,UBER,4,445,-0.0,-20.414083869911202,-0.3556893259989826,18,22.22222222222222,0.6437713983530411,43.5159198949127,18.3074735228844,0.45120500540586306,7,14.285714285714285,1.745290787384726,19.242669038357192,Technology,Software - Application,166374703104,1.203,19278216,79.78,101.99,60.63,41.12371,0.0,55.55875308664013
2,ULTA,4,446,-0.0,-22.430161652404777,-0.6750997798641412,15,33.33333333333333,0.4254793080572251,37.72542304846687,-5.551615282012923,-0.9933375016336496,2,50.0,0.3018391505865032,12.581700663717971,Consumer Cyclical,Specialty Retail,28616292352,0.853,659890,638.21,695.34,309.01,24.499426,0.0,40.87426925257343
2,UNH,4,447,-0.0,-11.1769068918931,-0.2816344963540828,14,28.57142857142857,0.5125801439761659,23.876658720047462,3.655984689279901,-0.05432663129908364,5,20.0,0.40134035502481635,5.4854053864036905,Healthcare,Healthcare Plans,266334650368,0.425,8304924,294.02,606.36,234.6,15.31354,313.0,27.65856485827144
2,UNP,4,448,-0.0,-19.033977391939505,-0.706259134904092,14,35.714285714285715,0.40614766231882493,29.3017307625962,11.111089156472342,0.3695037615938109,3,33.33333333333333,8.671582804832406,5.393330165122432,Industrials,Railroads,135068672000,0.997,3088440,227.71,253.2,204.66,19.007513,239.0,27.258595864378986
2,UPS,4,449,-0.0,-26.914486704059946,-0.9812519814535255,19,26.31578947368421,0.2194720710632531,28.871819343708754,1.2014531043390786,-1.3448230294751695,3,33.33333333333333,1.4984893537016284,4.971076608428362,Industrials,Integrated Freight & Logistics,87977582592,1.097,6159344,103.7,136.58,82.0,15.807926,612.0,29.614014987224756
2,URI,4,450,-0.0,-32.824041731365185,-1.3124914152754794,21,23.809523809523807,0.5707270677098251,39.250106597640425,14.572681338804806,0.4188755847395565,6,33.33333333333333,2.261622433425515,14.274823933967122,Industrials,Rental & Leasing Services,58112352256,1.69,626163,903.19,1021.47,525.91,23.25412,79.0,44.04954622070509
2,USB,4,451,-0.0,-31.57541557732043,-0.6116312673372187,12,8.333333333333332,0.09358537939433284,37.283462445239074,9.359298219908663,0.3306008845139612,4,50.0,3.0339415623022394,11.191658483477974,Financial Services,Banks - Regional,86675709952,1.09,9350993,55.74,56.7,35.18,12.064936,361.0,35.76527228147408
2,VMC,4,452,-0.0,-11.686992896711711,-0.41817603941195763,17,17.647058823529413,0.5053820845654975,30.867271732531336,-2.847752513174351,-1.3883059495286616,6,33.33333333333333,1.0279126402909606,16.089460802209054,Basic Materials,Building Materials,39603597312,1.064,1053245,299.73,313.37,215.08,35.345524,66.0,32.239689871202074
2,VRSK,4,453,-0.0,-10.397939560614978,-0.5904108680509683,16,18.75,0.3931220625200255,25.498746116800987,8.3000575294095,0.29911110415063286,4,50.0,3.0526528058036986,5.278746955644056,Industrials,Consulting Services,30601771008,0.809,1472722,219.03,322.92,197.0,33.64516,83.0,26.281221552690692
2,VRSN,4,454,0.0,4.05858033031925,-0.024952928603431238,13,38.46153846153847,1.2338464989692781,17.78970562170263,-7.184695089865489,-0.8987836839515236,6,16.666666666666664,0.0825281715863361,11.674927534917538,Technology,Software - Infrastructure,23679078400,0.77,809750,253.5,310.6,211.79,29.511059,123.0,28.235393290155002
2,VST,4,455,0.0,0.30915841895131635,-0.06313943505027307,9,22.22222222222222,1.0119102203586183,25.803072443388373,26.57961504134334,0.4904640944588654,3,33.33333333333333,12.222681160700791,9.124224007470362,Utilities,Utilities - Independent Power Producers,56123056128,1.418,4930827,165.64,219.82,90.51,59.582733,55.00000000000001,37.95623894528483
2,VTRS,4,456,-0.0,-29.054645417605517,-0.5869759443324343,12,8.333333333333332,0.29360121772179215,47.623658619731614,6.444513265685359,0.21899875658506512,3,33.33333333333333,1.5737446140861469,9.671719280593571,Healthcare,Drug Manufacturers - Specialty & Generic,14973440000,0.792,8913026,12.97,13.49,6.85,0.0,366.0,37.88500543888874
2,VZ,4,457,-0.0,-15.13060509633597,-0.7853326990803231,11,9.090909090909092,0.26169002323978247,22.100863741465233,5.947247699992708,0.18903601135884185,7,28.57142857142857,0.15392802071183603,8.817454215834044,Communication Services,Telecom Services,166169329664,0.327,27416895,39.41,47.36,38.39,8.402985,702.0,20.145852346115674
2,WAB,4,458,0.0,2.3579481042143247,-0.01215644076242489,12,41.66666666666667,1.1194820776709373,13.045920463173042,8.657403827004394,0.3105958098960715,3,33.33333333333333,2.159667404253908,9.035714533123214,Industrials,Railroads,39130390528,1.004,808496,228.89,236.0,151.81,33.268894,43.0,33.840807804007305
2,WBD,4,459,-0.0,-33.15151258756731,-0.8350503957056864,7,14.285714285714285,0.015409453854638386,33.15151258756731,-22.12925093501381,-0.6817099279752052,7,28.57142857142857,0.18091492037370213,26.64285857561264,Communication Services,Entertainment,69376040960,1.572,43994490,27.98,30.0,7.52,147.26315,0.0,53.91137134522418
2,WDC,4,460,-0.0,-46.793268148180665,-0.9464280562406716,19,15.789473684210526,0.33916011144987185,47.465528565749835,12.94508735449229,0.39895046287568214,3,100.0,0.0,10.057502868318544,Technology,Computer Hardware,95879913472,1.845,8847919,279.7,284.0,28.83,39.394367,20.0,48.772776323268154
2,WDAY,4,461,-0.0,-34.287248715683006,-0.5825067653944355,16,25.0,0.21037191455684445,41.167319350373205,20.328067229309067,0.46374374424519804,5,40.0,7.648380121496264,8.656715050623792,Technology,Software - Application,50495037440,1.142,2929127,189.12,283.68,180.56,79.46218,0.0,41.533755696984464
2,WAT,4,462,-0.0,-32.823673798980714,-0.6571239239588805,24,16.666666666666664,0.2768929364319956,38.39156537874363,-6.346703117919894,-0.9412243994034559,4,25.0,0.41102902279562,14.944590332395292,Healthcare,Diagnostics & Research,22927642624,1.164,556578,385.03,423.56,275.05,35.388786,0.0,30.42808012064019
2,WELL,4,463,-0.0,-3.913880734857089,-0.3281831989489626,10,20.0,0.5739398997870172,17.577172449655382,3.7659990522158626,-0.03587375044991316,5,20.0,0.14196916494102843,8.867914723665464,Real Estate,REIT - Healthcare Facilities,126243184640,0.857,3448890,183.94,209.05,130.29,126.85517,161.0,37.7992876326076
2,WFC,4,464,-0.0,-15.968303969477837,-0.422542833054689,12,41.66666666666667,0.5411678363696566,33.65659688135866,-9.36283142873231,-0.8240065391798662,5,40.0,0.6164566176954759,17.548368742378123,Financial Services,Banks - Diversified,276333592576,1.088,14739359,88.03,97.76,58.42,14.0623,202.99999999999997,37.531260384160134
2,WM,4,465,-0.0,-2.791063685198336,-0.3325250249810632,12,25.0,0.6660612077777397,16.571386267615605,-1.7324779783494337,-1.910354847382716,7,28.57142857142857,0.3654146987766778,10.369271075796684,Industrials,Waste Management,93304012800,0.594,2054381,231.6,242.58,194.11,36.52997,143.0,21.418972982244593
2,WRB,4,466,0.0,2.6449368765248504,-0.02685260354686008,10,30.0,1.0843865217186635,21.92451813614367,4.176543339679828,0.024404713754412007,6,50.0,1.7682091669593023,4.191750629026639,Financial Services,Insurance - Property & Casualty,25716033536,0.388,3104993,67.67,78.96,58.07,15.206742,54.0,28.138080846043046
2,WSM,4,467,-0.0,-26.920901073253066,-1.3277778337335202,14,14.285714285714285,0.3906619448964787,30.591579437178158,-0.5388970794103609,-4.862771669664383,5,60.0,0.9429390083629573,13.37430077783722,Consumer Cyclical,Specialty Retail,24558999552,1.582,1212659,205.72,219.98,130.07,22.656387,127.0,48.706038980725054
2,WTW,4,468,-0.0,-10.596983798071435,-0.49661554043842354,15,33.33333333333333,0.6918205463865416,17.780001949920226,-0.8134059292059237,-3.4165244057895716,6,16.666666666666664,0.3808535820316711,7.5913040920636945,Financial Services,Insurance Brokers,30662258688,0.635,637040,314.33,352.79,292.97,15.039713,117.0,27.141383350700586
2,WY,4,469,0.0,0.3528530989948431,-0.13305920816209815,9,44.44444444444444,1.027313815558094,16.532871922626185,-5.9501300666436885,-0.9654764195245507,5,20.0,0.4781667774021253,11.26004142918122,Real Estate,REIT - Specialty,18795360256,1.05,7371277,26.05,31.66,21.16,56.630432,320.0,36.528540393300176
2,WYNN,4,470,-0.0,-33.6301995696623,-0.48726830496913953,15,33.33333333333333,0.3961854376032174,54.206235896530984,-18.92440932395445,-0.6993831969933629,6,16.666666666666664,0.1599122685684763,20.40904059783202,Consumer Cyclical,Resorts & Casinos,11736869888,1.078,1432439,112.88,134.72,65.25,25.028824,88.0,54.11610366958233
2,XEL,4,471,0.0,1.9994738634410814,-0.21595050292717477,16,56.25,0.9508512205248829,11.830118193633767,5.390061296820425,0.14889483063629963,5,40.0,0.8252665929660667,4.359203631407858,Utilities,Utilities - Regulated Electric,44962938880,0.469,5426732,76.01,83.01,65.21,23.17378,299.0,23.855322590926882
2,XYZ,4,472,-0.0,-56.4841972731438,-0.7977519653132248,15,13.333333333333334,0.1699324929512315,57.67037407933525,-16.34190314306643,-0.7186680249332915,3,0.0,0.0,38.60585232100295,Technology,Software - Infrastructure,39147487232,2.665,7353495,64.22,94.25,44.27,12.92153,0.0,66.75549921102139
2,XYL,4,473,-0.0,-1.938759355003461,-0.17603352273014078,12,16.666666666666664,0.8258822243052513,19.213195047830695,-9.731932667820086,-0.8146516517192073,6,16.666666666666664,0.21387294836970128,15.31417607125945,Industrials,Specialty Industrial Machinery,32994926592,1.172,1291718,135.52,154.27,100.47,34.927834,113.99999999999999,30.92888490051809
2,YUM,4,474,-0.0,-9.042434217667983,-0.25383987052719875,15,26.666666666666668,0.6771755472991914,29.65515078048084,-4.324152759202349,-1.1114204571226967,8,12.5,0.0331120323423193,10.008266541792896,Consumer Cyclical,Restaurants,42725220352,0.669,2174586,153.88,163.3,128.73,29.996101,184.0,24.883248765948025
2,ZBRA,4,475,-0.0,-35.52626848773195,-0.6921892016130283,20,25.0,0.2878412435874714,37.54487612640848,-22.622380572479262,-0.6794350639069402,5,0.0,0.0,23.672880681388044,Technology,Communication Equipment,12011150336,1.683,658314,236.23,404.67,205.73,23.813507,0.0,40.72741248334659
2,ZBH,4,476,-0.0,-8.543573660135772,-0.5489291942093725,13,38.46153846153847,0.48118981114282383,22.934453646667997,-4.337814463098766,-1.1097384329537254,6,16.666666666666664,0.45023431027926625,10.505214960913898,Healthcare,Medical Devices,16986140672,0.614,2276175,85.71,114.44,84.925,21.267988,112.00000000000001,30.391397856162904
2,ZTS,4,477,-0.0,-29.6827465991777,-0.32504499679462,17,17.647058823529413,0.08212962616777153,43.660534909757835,-12.949159125699971,-0.755693978950291,5,20.0,0.32293877172266455,17.741963911086547,Healthcare,Drug Manufacturers - Specialty & Generic,54037364736,0.97,5304608,121.93,177.4,115.25,20.526936,170.0,28.02788021061644
2,VLO,4,478,-0.00012862475058664308,-0.4844491977686771,0.01261131522548731,15,40.0,0.9937632229751159,47.20271695588265,-7.364592486923538,-0.8909319209726733,6,16.666666666666664,0.5349568570778552,16.851295360891644,Energy,Oil & Gas Refining & Marketing,57166135296,0.767,3033009,184.02,194.35,99.0,38.257797,262.0,47.92466828159841
2,META,4,479,-0.007188943342783826,-5.265298804252527,0.1363922735548634,17,17.647058823529413,0.53638695969272,53.5828662629326,36.26846007507878,0.5136750794523761,3,66.66666666666666,0.0,11.345090408018894,Communication Services,Internet Content & Information,1685552365568,1.287,19329204,668.73,796.25,479.8,29.576735,31.0,46.997540486367114
3,NVDA,1,1,22.31520317395112,115.24842099035536,0.4552037078336404,10,50.0,7.801057249472223,18.339749293560725,16.911535903678356,0.4866887558851486,6,33.33333333333333,0.684441977461588,10.52661087037945,Technology,Semiconductors,4662937780224,2.314,184414460,191.52,212.19,86.62,47.52357,2.0,53.1592011283965
3,CAH,1,2,21.56549118865381,59.09212291037554,0.6082616373549335,12,41.66666666666667,6.488596154713278,10.814623627537134,-11.736482125250625,-1.1913838184739662,7,14.285714285714285,0.11122879944728332,11.736482125250623,Healthcare,Medical Distribution,49987620864,0.654,2266619,210.39,215.48,120.72,31.685242,95.0,29.621380663551555
3,AMGN,1,3,18.518788892843087,34.34128132027969,0.5418817019106879,11,63.63636363636363,9.2627225875249,9.307800321565034,18.179679196358055,0.7026853895332714,6,33.33333333333333,1.8911817093907906,7.964534899880245,Healthcare,Drug Manufacturers - General,184278843392,0.45,2904252,342.22,353.25,261.43,26.46713,275.0,24.126648681913405
3,SMCI,1,4,13.179158464574877,190.46105731430356,0.783628010976773,14,42.857142857142854,2.800739945831228,31.717667947478787,-18.070921114486705,-0.8763351529539543,5,20.0,0.039369972703245285,21.463943764893063,Technology,Computer Hardware,18631469056,1.532,27132396,31.21,66.44,25.71,24.574802,0.0,58.06895612867987
3,CVNA,1,5,12.87932116130887,641.4362409020744,0.657690872891433,14,21.428571428571427,1.670629833085028,54.72207641942165,-12.571989808830253,-0.4500526998973772,8,0.0,0.0,41.15529245928192,Consumer Cyclical,Auto & Truck Dealerships,88898084864,3.553,4050222,410.04,486.89,148.25,93.19091,0.0,121.90131699811599
3,TSLA,1,6,8.49512831882629,84.15194040998841,0.4207433281669955,9,44.44444444444444,4.23901887072085,17.667568311825672,-9.62881413754274,-1.3837036081246954,3,33.33333333333333,0.14985097534359254,22.133596719601076,Consumer Cyclical,Auto Manufacturers,1434957905920,1.835,74485806,431.46,498.83,214.25,293.5102,0.0,65.12989119233646
3,HWM,1,7,8.230717908795,32.42600201311103,0.5959684300603139,10,70.0,4.6104263936838885,10.824803848909681,2.8946818421105247,-0.21874507983055091,6,33.33333333333333,0.9674218978391244,10.02589081417782,Industrials,Aerospace & Defense,84863098880,1.292,2273249,210.84,226.87,105.04,59.22472,21.0,40.640964170649504
3,ORCL,1,8,7.564889792357346,36.59844194726192,0.6829288226958783,9,55.55555555555556,3.682242430629784,12.165999999749472,-2.111779353232357,-0.17708344062465545,8,37.5,0.40535528241050917,19.215504264476333,Technology,Software - Infrastructure,496476880896,1.651,25740452,172.8,345.72,118.86,32.4812,113.99999999999999,30.256036286277997
3,MLM,1,9,5.472821586357589,33.38058073405643,0.6032862162303869,8,50.0,3.2232748684163135,11.860509409076645,2.0717247880365663,-0.21522533746604136,4,0.0,0.0,12.918131769254664,Basic Materials,Building Materials,39213514752,1.156,420763,650.23,668.83,441.95,33.379364,51.0,33.82000167590062
3,BKR,1,10,5.306844203792333,77.3790150898356,0.6530109691067479,12,58.333333333333336,2.2768499048441035,21.67912442438237,-15.192975187300073,-1.0498057357188655,6,16.666666666666664,0.004031102099388245,19.185264732304628,Energy,Oil & Gas Equipment & Services,55881007104,0.887,7848191,56.63,57.58,33.6,21.780771,163.0,44.648441721191375
3,ROL,1,11,5.112969084236536,26.078874072884673,0.5560782092746129,11,54.54545454545454,3.727637716922826,10.572683823916453,9.784980336007877,0.3025628652020462,3,33.33333333333333,3.05625030215093,6.026019816305524,Consumer Cyclical,Personal Services,30230689792,0.789,2674509,62.83,63.84,48.7,58.719624,114.99999999999999,28.471806942716704
3,FRT,1,12,5.000136865461802,26.38762644742649,0.649326187073465,11,45.45454545454545,2.6613775810632228,9.119853198191304,-1.9985214446919919,-1.2621997021554163,6,16.666666666666664,0.8192548463408933,8.765156019969355,Real Estate,REIT - Retail,8664300544,1.027,685263,99.82,111.82,80.65,25.335026,445.0,35.80744265507736
3,INVH,1,13,4.403698517843614,29.2622034753379,0.6550021832459183,11,63.63636363636363,2.458564145574841,10.700738182914508,-1.957057294844966,-1.2729890085239304,5,60.0,0.6995976399385143,11.042856228280689,Real Estate,REIT - Residential,16067269632,0.83,5876122,26.21,35.799,25.29,27.589474,448.00000000000006,28.965329682996927
3,NUE,1,14,4.100891887213089,67.22933842081125,0.6556893103002078,12,33.33333333333333,1.8137730816155788,19.49672082962656,6.315500314543976,0.26462189460375724,5,20.0,1.1948219730885468,12.878918433845891,Basic Materials,Steel,39633739776,1.88,1571442,173.18,183.32,97.59,23.029255,129.0,42.15914539650648
3,LLY,1,15,3.7357093408945445,36.910898738206875,0.6502844080134751,16,50.0,2.5509761726705986,16.39046537401607,-3.319791041210296,-0.36071442679803145,6,33.33333333333333,0.25269669289455804,16.660037336333268,Healthcare,Drug Manufacturers - General,917792423936,0.347,3570195,1023.8,1133.95,623.78,50.260185,60.0,30.558290344352727
3,BLDR,1,16,3.6504854755210983,92.18275500645446,0.46990112242467935,9,33.33333333333333,1.6042521035199357,19.03610792922181,11.444501046218857,0.593098441511696,5,20.0,1.0120489183927166,20.974717585121933,Industrials,Building Products & Equipment,12947879936,1.569,2127578,117.09,173.84,94.35,22.218216,0.0,50.43610820940826
3,HII,1,17,3.541549629814256,26.816591607842398,0.6238799965579378,12,50.0,2.640314080245842,12.472884442187542,19.11074687695549,0.4940712476517452,2,50.0,0.0,5.034601743567413,Industrials,Aerospace & Defense,16692913152,0.354,527301,425.39,432.0,158.88,29.337242,131.0,28.206107897502726
3,COR,1,18,3.39451528484467,26.78851021363815,0.6300991434021588,12,58.333333333333336,2.8963854644218494,14.402438912501463,14.317161809813129,0.44062203719480186,4,25.0,1.3713388139842502,6.0911655177423,Healthcare,Medical Distribution,68002463744,0.665,1420650,350.54,377.54,237.71,43.92732,67.0,26.437706479878088
3,WAB,1,19,3.340435294556528,33.46345182357196,0.5906516672929489,12,41.66666666666667,2.05662582768899,12.168986051380966,15.310646304248877,0.6844335268472498,2,0.0,0.0,4.883924466014796,Industrials,Railroads,39130390528,1.004,808496,228.89,236.0,151.81,33.268894,43.0,33.840807804007305
3,AES,1,20,2.9335184530352687,26.322146293026716,0.393372171391349,10,60.0,2.9859600915988325,10.539502375235251,16.0010328490388,0.2536086186360673,1,0.0,0.0,15.446543771107907,Utilities,Utilities - Diversified,10817117184,0.969,8031688,15.19,15.51,9.46,9.993421,472.0,36.14136025637541
3,HCA,1,21,2.644096583630872,33.36270351444841,0.6739522457746647,8,62.5,2.716533412356772,23.10085727459808,27.803712268798254,0.845474482100467,2,0.0,0.0,5.896276737362743,Healthcare,Medical Care Facilities,114944630784,1.368,1250685,491.23,527.55,295.0,17.33957,62.0,37.45902627289872
3,STLD,1,22,2.641771858013055,71.43558818520764,0.415515359422196,12,58.333333333333336,2.380162681072339,26.74317948351992,-1.4280446527346835,-3.346328257157677,5,40.0,0.6030998862908733,12.44338338115333,Basic Materials,Steel,25669537792,1.484,1252373,174.38,185.56,103.17,21.824781,113.99999999999999,44.69538107070996
3,INCY,1,23,2.628625968798957,29.767365290992664,0.40343384068514454,13,38.46153846153847,2.6785167126782645,12.237093774668914,2.088636544448863,-0.8662599820863146,6,16.666666666666664,1.187796794952075,13.373753938970395,Healthcare,Biotechnology,19863930880,0.82,2216147,101.18,112.29,53.56,17.149153,0.0,30.40328744464839
3,GWW,1,24,2.4017949121306197,28.16467772051441,0.5606162104477155,14,42.857142857142854,2.093163090432243,13.760606790759649,16.765291027318916,0.5784661170318366,5,40.0,1.2632876288008277,5.930953607435155,Industrials,Industrial Distribution,51180978176,1.126,279506,1070.01,1139.15,893.99,30.022728,85.0,29.125261848290524
3,CTVA,1,25,2.3566070429170756,25.042052664072045,0.30988641564583225,9,55.55555555555556,3.443036297695281,11.33775043593769,-10.637865831067705,-1.1962713212691345,5,20.0,0.19397196423179303,13.803323037856934,Basic Materials,Agricultural Inputs,49608257536,0.745,3847840,73.05,77.41,53.4,29.5749,99.0,32.73605716338571
3,AMD,1,26,2.2735470583419795,46.87929875828549,0.3828725788971268,12,50.0,2.596490445611109,20.498314463558145,52.16877576519012,0.893110058143468,4,25.0,0.4660441344001495,9.060160821568873,Technology,Semiconductors,411471249408,1.95,40007026,252.74,267.08,76.48,131.63542,0.0,52.61525061572482
3,MRK,1,27,2.230673218380655,28.601781447350415,0.3558242378197043,11,36.36363636363637,2.656738952292186,12.121086254254223,15.126324746552111,0.42301996481770227,3,33.33333333333333,0.18089923990044862,5.530907755019039,Healthcare,Drug Manufacturers - General,267013046272,0.298,13969500,106.9,112.9,73.31,14.121532,315.0,22.828644650057043
3,GD,1,28,2.17125133245665,19.84988920070827,0.49117090996542806,13,46.15384615384615,2.989149676157327,13.422341630805533,-0.08935473961463325,-0.5678835053476223,5,20.0,1.0455627594004564,7.741534645270387,Industrials,Aerospace & Defense,96346562560,0.414,1236052,356.68,369.7,239.2,23.116007,164.0,24.080160845699396
3,GILD,1,29,2.149526311295265,28.46539079555872,0.31965844854668485,13,46.15384615384615,2.6929905543454336,11.399751975099763,-5.488831580754983,-1.5083893489745945,5,40.0,0.48122597627879893,9.629643558121654,Healthcare,Drug Manufacturers - General,173365542912,0.349,7246573,139.72,141.71,93.37,21.628483,224.00000000000003,24.68964251040094
3,MPC,1,30,1.8215445234157506,44.9453652508774,0.5171107219692913,10,50.0,1.7347684091213502,22.134523166715358,-10.664101121765324,-0.662734816291025,7,14.285714285714285,0.22495034954740256,21.89431660651012,Energy,Oil & Gas Refining & Marketing,52294533120,0.732,2237454,172.01,202.3,115.1,18.298937,233.0,45.0149445351719
3,IRM,1,31,1.8140844554108644,25.43740008856117,0.576122537350392,9,55.55555555555556,1.7933838316085178,14.487829741883422,6.038206914652222,0.12400163563774727,5,40.0,1.8204206535180008,7.1130168024839655,Real Estate,REIT - Specialty,27265175552,1.149,2183063,92.24,108.15,72.33,170.8148,377.0,32.240142090811844
3,BA,1,32,1.7799867248464938,43.14515624671935,0.5161235410420398,12,33.33333333333333,1.642427562137808,20.547319566889357,14.495284400299058,0.2813923654475472,4,50.0,2.4364109080941403,13.038576150486985,Industrials,Aerospace & Defense,189182181376,1.163,8949418,241.59,254.35,128.88,97.809715,0.0,48.65018474064156
3,META,1,33,1.759969445923914,98.23029305157256,0.4041992706921787,13,23.076923076923077,1.4759917829348217,33.298124799751385,45.00809161918393,0.731383573323277,4,50.0,2.1207371216995723,11.07912187973071,Communication Services,Internet Content & Information,1685552365568,1.287,19329204,668.73,796.25,479.8,29.576735,31.0,46.997540486367114
3,ON,1,34,1.6801515860895149,34.71704501546098,0.47654846972505643,9,44.44444444444444,1.9193776810661851,18.90000008016777,-3.9223603833923315,-0.289844594367789,3,33.33333333333333,0.5015793803566875,15.408491342741044,Technology,Semiconductors,26554681344,1.543,9046434,64.93,66.86,31.04,88.945206,0.0,55.221895107248656
3,ICE,1,35,1.6139102754227,16.63586241846675,0.545167506368403,12,33.33333333333333,2.2812124508161746,12.819220840338149,2.508972256262143,-0.38476738474488414,4,0.0,0.0,16.486437982049452,Financial Services,Financial Data & Stock Exchanges,98708643840,1.035,3444724,172.44,189.35,143.17,31.409838,111.00000000000001,24.82198566968027
3,EME,1,36,1.5786407633193018,35.42983053560527,0.6000384896590705,11,27.27272727272727,1.39795535553253,18.82600517037131,7.296391090455567,0.29795968583061255,5,60.0,2.9776805730913196,4.813036913016941,Industrials,Engineering & Construction,32560449536,1.174,407883,727.35,778.64,320.89,29.269617,22.0,32.706517994682635
3,PG,1,37,1.5728807545945813,13.024359245852523,0.4587977839793545,12,41.66666666666667,1.8918533502715402,7.187359169379004,0.7806617627019508,-0.12600140235967394,6,16.666666666666664,0.14264655290854464,7.117114445949665,Consumer Defensive,Household & Personal Products,344847122432,0.388,10552059,147.34,179.99,137.62,21.828148,285.0,20.40324962799394
3,REG,1,38,1.5637291685574053,19.932055335119436,0.5984121607031435,10,30.0,1.2783297262254378,9.750656238800678,4.074751093506479,0.0211869261519315,5,40.0,2.9886627900653884,6.883277080541938,Real Estate,REIT - Retail,12962632704,0.95,1249070,70.45,78.18,63.44,32.316513,424.0,36.43831394186059
3,CI,1,39,1.5341395154797681,24.235572501374936,0.346474201759418,14,50.0,2.469442254588988,13.5163118964034,-1.2311035310181406,-4.006220691671606,5,20.0,0.5258147277594895,8.857538258119902,Healthcare,Healthcare Plans,72759730176,0.269,2034755,272.38,350.0,239.51,12.062888,224.00000000000003,32.20397855242395
3,SPGI,1,40,1.4536272957730203,19.102624046795015,0.42964376620212835,10,50.0,2.201044936842298,12.427317191031575,10.55213210652768,0.4899827909126094,5,40.0,2.3046089233364273,5.823524396342035,Financial Services,Financial Data & Stock Exchanges,161235042304,1.207,1572621,528.12,579.05,427.14,38.408726,74.0,29.09244254117942
3,TKO,1,41,1.4372324430012178,26.642948072614136,0.5451231386419645,10,60.0,2.097118027111333,21.192039585807805,-6.7965541393146145,-0.5290270105005113,3,33.33333333333333,0.43107670467667836,22.99751771853385,Communication Services,Entertainment,16006837248,0.225,1147098,194.88,218.11,133.07,74.09886,157.0,37.13537684808862
3,MCK,1,42,1.380125469216764,16.72010379522908,0.5588702572535079,13,46.15384615384615,2.141317041756432,14.498142674760969,11.800927077604651,0.5479772631690164,5,20.0,1.88245742685874,4.957383572095091,Healthcare,Medical Distribution,102818627584,0.409,707557,826.62,895.58,570.51,25.8723,39.0,27.688574225732793
3,FSLR,1,43,1.2009326252822377,51.594225529678404,0.3417811183533143,13,38.46153846153847,1.9718008630547779,28.953000198334635,-11.15689998870848,-1.2586797815029076,3,0.0,0.0,11.209696778411853,Technology,Solar,26763724800,1.597,2173429,249.41,285.99,116.56,19.155914,0.0,50.6430420198613
3,ANET,1,44,1.1840329300629475,23.620892820848493,0.6339229001722109,13,46.15384615384615,1.589108133113441,20.096592163175877,10.368519949634546,0.49116797678875257,5,40.0,1.2991421031122727,14.075133252142749,Technology,Computer Hardware,189081649152,1.414,7825695,150.15,164.94,59.43,57.09125,0.0,42.244102781112694
3,ADM,1,45,1.113674626911541,21.56382057890147,0.597579247478316,14,42.857142857142854,1.4608183255687741,16.902817400964285,-7.4659235206928525,-0.8866758429592575,5,20.0,0.21315460546812365,7.481903808371554,Consumer Defensive,Farm Products,32390400000,0.694,3275890,67.4,69.75,40.98,27.398375,299.0,28.222876850752577
3,SRE,1,46,1.0805311488074625,20.687066329601713,0.2836950041345447,12,41.66666666666667,2.079326532289876,11.293693550364381,-5.80689307210992,-1.5281448504686084,5,40.0,0.14415224842049398,7.542845212991766,Utilities,Utilities - Diversified,56639700992,0.746,3707226,86.78,95.72,61.9,26.701538,296.0,26.237528355366795
3,AVGO,1,47,1.0108452657209064,24.229036554835194,0.30253927808309256,12,25.0,2.3208749605651713,16.83003321330885,10.79399548623301,0.5894739561510981,5,40.0,0.7393028457996309,8.563207283102642,Technology,Semiconductors,1579981996032,1.218,29899513,333.24,414.61,138.1,70.0084,78.0,35.496918904725945
3,LMT,1,48,0.9347885835407909,14.186609053682986,0.2623026822501816,13,46.15384615384615,2.286797335687042,9.103231983247595,-1.3974151808627377,-1.3200712682739506,6,50.0,0.6134749254013333,4.432869461199989,Industrials,Aerospace & Defense,139441684480,0.245,1558968,597.27,599.32,410.11,33.237064,231.99999999999997,25.291907107151218
3,WMT,1,49,0.8333255694441056,13.029644466957402,0.342693477715871,13,53.84615384615385,1.9901385873589146,10.66367786174153,1.316777299043359,-0.12803231022978764,4,0.0,0.0,8.921538218710332,Consumer Defensive,Discount Stores,929395245056,0.661,28438654,116.57,121.62,79.81,40.616726,80.0,22.080539621411184
3,BLK,1,50,0.8239931253710014,15.436107241293584,0.5275618251730715,13,53.84615384615385,1.6538103099836812,16.34456083343971,16.997900158684565,0.32327959794832767,3,33.33333333333333,8.50799012071123,5.802395669883999,Financial Services,Asset Management,174028128256,1.484,658931,1121.67,1219.94,773.74,31.775356,188.0,31.529267748309813
3,MCD,1,51,0.7714642494515237,9.325323530648099,0.36471279805659956,12,50.0,1.671730685408211,7.369964915674951,11.275564292081608,0.37987072938051364,3,0.0,0.0,4.283417437443523,Consumer Cyclical,Restaurants,223215452160,0.531,3269132,312.8,326.32,283.47,26.689419,237.0,21.725902178027948
3,UHS,1,52,0.689211902065668,25.871037703336654,0.5903029152957016,12,41.66666666666667,1.6631044115934177,36.851530018480176,6.348018622689078,0.2102427652877481,6,16.666666666666664,0.5886937145243621,12.572054517580922,Healthcare,Medical Care Facilities,12919927808,1.284,709813,203.02,246.33,152.33,9.663017,39.0,38.199716133055006
3,GE,1,53,0.6714573900750096,35.504538798680116,0.29308288795447673,9,33.33333333333333,1.9353242811139197,29.992289900514063,2.7879858350148945,-0.06579834497890177,7,14.285714285714285,0.3667478897100157,14.64618332567841,Industrials,Aerospace & Defense,308511965184,1.403,4842959,292.48,332.79,159.36,36.28784,48.0,38.73689070259146
3,COST,1,54,0.6244816560593983,12.507643890960818,0.4689472070364337,13,46.15384615384615,1.4518341850978933,13.636307747935167,22.15912922771559,0.731150161580969,3,0.0,0.0,4.258578236515305,Consumer Defensive,Discount Stores,426545676288,1.008,2762929,960.78,1078.23,844.06,51.571663,54.0,24.57494360161451
3,LII,1,55,0.5739593629444876,21.21582689706958,0.576774075993544,15,26.666666666666668,0.9668411067059739,20.612926624327905,5.882567767554581,0.09410332125887617,5,60.0,2.7692767409767463,7.165000963184716,Industrials,Building Products & Equipment,17122735104,1.183,435955,487.49,689.44,443.19,20.57788,104.0,31.35099007704279
3,FCX,1,56,0.5656728720458848,27.857856353481345,0.4001429139228574,15,26.666666666666668,1.1067919216868165,21.810391129408973,-15.751024872222208,-1.2304319355673006,6,16.666666666666664,0.22811827991590258,22.24829510808958,Basic Materials,Copper,91368267776,1.452,17103954,63.63,64.67,27.66,41.861843,95.0,51.87161170713205
3,EXR,1,57,0.5624946499601097,14.38289267293329,0.24772827623016203,10,40.0,1.9938943214580798,12.630064278020386,14.180809348243661,0.25890894323104685,4,25.0,2.7011968230513506,9.61601110391366,Real Estate,REIT - Industrial,30394857472,1.273,1301029,137.16,162.77,121.03,30.684566,463.99999999999994,29.99469971746266
3,CARR,1,58,0.5573556447501524,19.494340721119464,0.7844468792767701,13,23.076923076923077,0.7297411436045443,20.022049052216435,-4.95799901831917,-1.589878625316533,5,40.0,0.22270719087327356,7.832316447725986,Industrials,Building Products & Equipment,49282732032,1.314,7257522,57.91,81.09,50.24,36.19375,168.0,36.807721113442014
3,ROP,1,59,0.5541203427790223,12.345406267235326,0.456681934549618,13,38.46153846153847,1.2774785487278915,12.997766793499341,0.5921336143287492,-5.533954871708343,7,42.857142857142854,0.6485931926375355,8.121527302002288,Technology,Software - Application,38789300224,0.942,1110504,360.37,595.17,345.93,25.342474,99.0,25.16129438233618
3,RCL,1,60,0.545659755027551,62.58980845297473,0.3868922489559494,11,36.36363636363637,0.7109678041837577,31.551619961645407,25.13400653529385,0.39662722044677134,3,0.0,0.0,15.109742666501983,Consumer Cyclical,Travel Services,79523102720,1.941,2312055,291.6,366.5,164.01,19.636364,120.0,65.05234216234939
3,PCG,1,61,0.5106528214336561,14.771216480746308,0.36404601361800065,13,38.46153846153847,1.5757661047717535,16.593521464879608,-0.4576285903945654,-0.480117765692656,4,50.0,0.9086584850785058,8.18185345734035,Utilities,Utilities - Regulated Electric,32814804992,0.379,22690001,14.93,17.95,12.97,12.546218,132.0,53.418741390880854
3,KIM,1,62,0.4792561684488385,10.81761121692304,0.3501933222196368,8,50.0,1.5960461148539697,12.615862682411445,11.362582913495256,0.2542266249053632,5,40.0,3.2757683677493263,9.587822151545977,Real Estate,REIT - Retail,13868955648,1.065,4913770,20.48,23.03,17.93,24.674698,497.0,40.10162116085893
3,TT,1,63,0.47610116112828427,15.70600408133005,0.46546278783802136,15,26.666666666666668,0.9473847439285386,14.54714670137013,11.952969410687174,0.35915882673702165,5,20.0,0.19675941423696505,9.429368597695118,Industrials,Building Products & Equipment,87715561472,1.216,1453585,394.2,476.19,298.15,30.183767,96.0,29.69173066937188
3,ETN,1,64,0.4731101040169615,14.063047183878297,0.2681848349646749,11,36.36363636363637,1.607382466397593,12.813584981388754,17.694414008444916,0.7607237947369868,5,40.0,9.571090690978014,7.252463842073433,Industrials,Specialty Industrial Machinery,135211679744,1.19,2965344,347.32,399.56,231.85,34.732002,122.0,30.49315835077191
3,PPL,1,65,0.4637472474553826,14.375888488555688,0.21295248869625086,12,50.0,2.001533218933325,13.212922045365325,6.967492346500803,0.1834538374937977,2,50.0,2.924149463208498,7.084192358227315,Utilities,Utilities - Regulated Electric,27148429312,0.716,6498670,36.7,38.27,32.5,24.965986,297.0,25.548375351183388
3,JBL,1,66,0.4536083205671495,23.870731265549594,0.24050453865414062,12,41.66666666666667,1.8644341007007328,23.59690398797454,-21.797638534814332,-0.9306861298223416,5,0.0,0.0,23.543957391988283,Technology,Electronic Components,26024208384,1.246,1223163,243.62,258.05,108.66,38.065624,13.0,37.48682764693144
3,MSI,1,67,0.4502408963317008,11.475621933555914,0.2889062351435254,13,30.76923076923077,1.6767482385015697,12.346846962805788,2.8575552794074754,-0.1257560345708656,4,25.0,0.6238223669178795,5.291850478051273,Technology,Communication Equipment,67487899648,1.005,1469406,405.08,492.22,359.36,32.48436,119.0,27.72988839399059
3,DE,1,68,0.4367458397274708,18.07115513948341,0.2663463700192103,10,40.0,1.449644818144713,15.975907130168046,-17.22050203085206,-0.8355719383519449,7,14.285714285714285,0.06961838402557557,19.446121531633874,Industrials,Farm & Heavy Construction Machinery,142316814336,1.01,1428383,525.01,533.78,404.42,28.409634,125.0,33.19301234835794
3,APO,1,69,0.4245704570625872,22.72013652421354,0.2714335252856777,14,35.714285714285715,1.2997769876782006,18.879630754866756,21.786463165967774,0.8065117893927444,5,40.0,3.6711392788981176,5.3989155988317705,Financial Services,Asset Management,77132357632,1.583,3191277,132.89,174.91,102.58,19.37172,155.0,41.555253223332905
3,APD,1,70,0.4156420827950328,21.08568304446894,0.22854408197882176,11,36.36363636363637,1.7101318461835278,19.827489842819094,-16.609499384662886,-1.0910493055625525,7,14.285714285714285,0.021292754578202986,21.03779730192092,Basic Materials,Specialty Chemicals,56959004672,0.879,1604140,255.89,341.14,229.11,0.0,276.0,27.98948490602878
3,ADP,1,71,0.39406593610731816,17.78119634319948,0.32783448954398536,14,21.428571428571427,1.1704394597533405,17.31393084790988,-0.4531243307513422,-1.9023843508655558,3,66.66666666666666,0.8631450438939253,5.663820272486986,Technology,Software - Application,101551890432,0.864,2293555,250.69,329.93,247.18,24.747286,267.0,27.121794875840543
3,AZO,1,72,0.3843392987686335,9.47577792578127,0.3660656511622695,12,41.66666666666667,1.7828843221475714,16.0909700506757,-4.139641265624993,-0.3690168775965118,7,0.0,0.0,9.62905058235586,Consumer Cyclical,Auto Parts,62907060224,0.42,163932,3782.14,4388.11,3210.72,26.40053,0.0,27.86292336710425
3,BR,1,73,0.3824189816217677,12.011362463596932,0.3646844663567138,12,50.0,1.5433211044873614,17.67772575890765,10.006615705613697,0.28101906285653344,4,25.0,0.4064702764924542,7.00575889080241,Technology,Information Technology Services,23916310528,0.994,747685,204.89,271.91,203.89,26.200768,189.0,26.00185452209346
3,CAT,1,74,0.3782132914956259,19.57626295025716,0.38800373681803796,15,26.666666666666668,1.0796363689279251,21.68235330987385,8.835718166533324,0.5310786965900497,5,20.0,1.0687744079616002,14.08692309110177,Industrials,Farm & Heavy Construction Machinery,301363134464,1.568,2530313,643.28,655.78,267.3,33.005646,95.0,31.82267089846031
3,TTD,1,75,0.3765529795239223,59.71181795810321,0.37373745889642546,9,11.11111111111111,0.5907088915831453,35.008567615088815,-34.70701537390901,-0.9156146914513413,8,25.0,0.14541637203901095,39.7707247393438,Communication Services,Advertising Agencies,15582610432,1.105,13112111,31.87,125.8,31.83,36.21591,0.0,73.9069827470228
3,ORLY,1,76,0.3757688102396688,11.270265814849779,0.27347875461350357,14,42.857142857142854,1.5591437479222212,12.788605205848047,2.0470245470008974,-0.05088584458796328,8,25.0,0.3984807571624881,8.781116095005038,Consumer Cyclical,Auto Parts,85762301952,0.631,5546652,101.37,108.72,85.04467,35.197918,0.0,27.09826611930261
3,OKE,1,77,0.35579666545026833,11.537609312413766,0.37130720822051116,11,45.45454545454545,1.3629946120003074,16.411242942577623,-9.822443472521813,-1.1728000346934995,7,14.285714285714285,0.31920820362744023,14.020835159261859,Energy,Oil & Gas Midstream,49914458112,0.92,4269431,79.26,103.64,64.02,14.569853,535.0,45.38714540684033
3,ISRG,1,78,0.35242287243036663,18.17296010537721,0.2330436790712291,11,36.36363636363637,1.6351446539798014,19.649662405212393,4.961277852264412,0.14152711583267183,5,20.0,0.9739345333944472,14.862211622650138,Healthcare,Medical Instruments & Supplies,187139063808,1.672,1841126,522.04,609.08,425.0,66.248726,0.0,36.02137489367877
3,TDG,1,79,0.3245578129066288,18.119358961299703,0.2659460836061129,13,38.46153846153847,1.2342572209230114,18.325255419124115,3.328729811423825,-0.06723564248616348,6,33.33333333333333,0.6768531053124214,15.759876586239875,Industrials,Aerospace & Defense,79573925888,0.917,319303,1412.13,1623.83,1183.6,43.977886,0.0,38.31761860720064
3,TRV,1,80,0.32274030377924745,9.348549757736958,0.18274387563299727,9,44.44444444444444,1.6985178244649333,8.990916833477753,10.885908393982557,0.3232834142830273,4,0.0,0.0,14.46459554180885,Financial Services,Insurance - Property & Casualty,62912811008,0.531,1492667,282.04,296.85,230.43,10.285923,156.0,27.39981736036765
3,HON,1,81,0.2960234459497452,12.587196824558177,0.18079516697838127,14,50.0,1.510596356381568,11.612832526926825,0.5363819709450324,-0.12854557292511815,5,20.0,1.931475046059558,7.262507647002411,Industrials,Conglomerates,145987125248,0.942,4214801,216.64,227.82281,169.04807,22.852322,206.99999999999997,26.180519203454622
3,BKNG,1,82,0.2877327451332725,14.259438397427449,0.24362067384672875,12,58.333333333333336,1.627922833608614,19.654458678168048,7.747477321714191,0.20127178894715428,5,40.0,2.2984027707567107,5.41422876135739,Consumer Cyclical,Travel Services,164811407360,1.234,249685,5085.22,5839.41,4096.23,33.11337,75.0,37.67613911145013
3,L,1,83,0.27472320065133876,9.519580979249387,0.2545521014090214,8,50.0,1.4647237352757567,12.919773524778979,5.582431797930432,0.20311711993702958,6,16.666666666666664,1.1664557352330627,7.850062907978222,Financial Services,Insurance - Property & Casualty,21325508608,0.609,794263,102.81,109.06,78.98,14.9,24.0,30.131529024772018
3,URI,1,84,0.26689897243380334,20.071076351409655,0.4954899223331656,20,35.0,0.903597117721605,33.66924858431807,25.133979017311603,0.8151391258673021,6,16.666666666666664,1.6406389962176553,14.93902919077076,Industrials,Rental & Leasing Services,58112352256,1.69,626163,903.19,1021.47,525.91,23.25412,79.0,44.04954622070509
3,ZBH,1,85,0.2586723322186676,9.529489631892218,0.37508580713518197,14,50.0,1.4185548790175455,19.601821774825535,6.485689493035718,0.36709616174505755,4,0.0,0.0,5.597138026409591,Healthcare,Medical Devices,16986140672,0.614,2276175,85.71,114.44,84.925,21.267988,112.00000000000001,30.391397856162904
3,MOH,1,86,0.25812672548689053,12.278485807067874,0.235668888404673,12,33.33333333333333,1.3192317742145518,14.788876993291796,5.354290137542739,0.10685157028239138,4,50.0,2.974905823584471,9.255085678293229,Healthcare,Healthcare Plans,10135400448,0.491,1592350,187.0,359.97,133.4,11.514778,0.0,34.54984580000137
3,UDR,1,87,0.2515308869194499,7.753907377969749,0.17767353574879874,13,38.46153846153847,1.7219715157248077,9.431439756264572,3.6568255344735956,-0.008671219779768695,4,50.0,1.4389329597565053,11.117538547195574,Real Estate,REIT - Residential,13715495936,0.712,3400393,36.43,46.47,32.94,82.795456,463.99999999999994,29.597078585023677
3,HAL,1,88,0.24683271373320112,25.13851105854048,0.2815712268122992,9,33.33333333333333,1.0928768365499315,31.339807704328155,-20.0802308884248,-1.1119060773034595,7,0.0,0.0,22.051895984672765,Energy,Oil & Gas Equipment & Services,28442806272,0.787,11837854,33.36,35.55,18.72,22.24,198.0,55.08476167996117
3,PNW,1,89,0.23697872186638835,12.623900160685707,0.2365563439477926,12,33.33333333333333,1.4839713221027866,18.700116234919534,-16.753946281588384,-1.0893954018146168,8,12.5,0.0038129617105796547,16.753946281588377,Utilities,Utilities - Regulated Electric,11212596224,0.543,1329880,93.68,96.5,85.03,19.315464,384.0,26.538522694414706
3,CHD,1,90,0.23390529138548133,8.202231880105536,0.16621215428017838,10,40.0,1.6264523973810914,9.479733573104447,1.2936031448600005,-0.2185403453527346,4,25.0,0.3066634833958355,6.59661509243149,Consumer Defensive,Household & Personal Products,22285324288,0.46,2567770,91.48,116.46,81.33,28.858044,128.0,22.79666424058361
3,ESS,1,91,0.2308312677578254,11.217426752663929,0.4252661424666373,11,45.45454545454545,0.9331345576678733,19.284291459762446,-1.742733237284888,-0.796994761255024,4,25.0,0.8652728921414418,14.011760923284733,Real Estate,REIT - Residential,16954928128,0.741,529532,245.48,316.29,243.25,18.681887,408.0,29.623562026673607
3,LW,1,92,0.226141843714782,12.290188331623874,0.290091171635123,8,37.5,1.41913599512472,22.373613791579505,11.820985127416051,0.2968505695868968,2,50.0,4.124373629724613,5.8894561643130885,Consumer Defensive,Packaged Foods,6336357376,0.442,2512837,45.47,67.07,39.79,16.474638,337.0,34.43527008320027
3,DPZ,1,93,0.20470813475573507,14.053013367578204,0.3946088370390189,12,33.33333333333333,0.756219197025663,20.485608232665058,8.806948814926962,0.44473027231056184,4,25.0,1.2375069423423786,4.593670230098619,Consumer Cyclical,Restaurants,13761873920,1.158,583211,405.37,500.55,382.47,23.719719,168.0,32.39590649395963
3,WELL,1,94,0.20310386698732455,8.206734374242997,0.30852392659293587,9,33.33333333333333,1.409383421021173,17.56993655159908,0.3607120821098597,-0.23163438957974908,4,50.0,1.044537520432344,7.563268260524346,Real Estate,REIT - Healthcare Facilities,126243184640,0.857,3448890,183.94,209.05,130.29,126.85517,161.0,37.7992876326076
3,CDW,1,95,0.18773234491556254,9.306217708363107,0.20688456253735896,11,36.36363636363637,1.40079026152112,14.365981488590787,5.237532811515955,0.15612933914853955,5,40.0,0.9705672209574856,5.549640775449687,Technology,Information Technology Services,16345895936,1.073,1687636,124.72,222.92,123.085,15.767384,200.99999999999997,31.562611998864913
3,ROK,1,96,0.17468400737716802,9.522525294314343,0.37773864097581805,17,29.411764705882355,1.2250998530330222,25.226784066726143,-14.672798766973315,-0.5786708051834543,4,25.0,0.43465602223523897,18.627235350349864,Industrials,Specialty Industrial Machinery,46648528896,1.516,876324,414.9,429.58,215.0,54.023438,132.0,33.41798538050358
3,ALB,1,97,0.1642270505518568,11.578777849400378,0.19820362538031477,10,70.0,1.4604498164931754,20.40874319200879,3.69852706814926,0.013687570714736703,4,50.0,1.3487040327593882,10.72045508125669,Basic Materials,Specialty Chemicals,21695186944,1.412,3512454,184.33,195.69,49.43,0.0,83.0,49.97105660850805
3,HPE,1,98,0.1475110909026521,8.20172854192025,0.2676914903552779,14,35.714285714285715,1.183352241428694,17.612837150647692,-19.113155639600155,-1.0563784827644487,7,14.285714285714285,0.007982200024706796,22.16289957251762,Technology,Communication Equipment,28972711936,1.333,24868080,21.71,26.44,11.965,0.0,264.0,35.40377405392346
3,APH,1,99,0.1443187216896047,9.077171575200271,0.16486069913056217,12,25.0,1.5232851466950674,15.79523950932662,9.852709781580526,0.5384760701649777,5,20.0,1.231237442101106,9.36946968433951,Technology,Electronic Components,178663161856,1.214,8193065,145.96,167.04,56.45,48.816055,60.0,26.988410977659
3,FDX,1,100,0.12348263357570742,18.529621253258277,0.2043894510966794,11,27.27272727272727,0.9878951210443033,30.29911733704659,-4.263034339537686,-1.526445137720178,4,50.0,0.28585913049669937,14.829876675803343,Industrials,Integrated Freight & Logistics,74243383296,1.357,1738591,314.65,318.83,194.3,17.422482,186.0,37.187565705506366
3,CRH,1,101,0.12121754425217182,15.726748047312554,0.2108908542491178,14,35.714285714285715,0.9139051557716487,25.005314499612904,8.515553924977514,0.4647512981024075,5,0.0,0.0,17.40656386549986,Basic Materials,Building Materials,81860001792,1.198,7622542,122.46,131.55,76.75,24.443113,120.0,33.52155001216737
3,LIN,1,102,0.11220996439699063,8.00867265664651,0.12015646661724225,14,42.857142857142854,1.3856967199280488,11.883502338778527,0.8259043530410848,-0.9458805254330699,5,40.0,1.2233942054326628,4.2472913330055215,Basic Materials,Specialty Chemicals,211712655360,0.855,2861313,451.5,486.38,387.78,30.200668,132.0,26.208943035673098
3,CVX,1,103,0.11173509227741199,10.488575910408482,0.15091042526031875,12,41.66666666666667,1.3520662590753798,19.153323842720937,-3.1690254430406295,-0.7482826998388696,4,25.0,0.24926258646765492,5.2730732524046555,Energy,Oil & Gas Integrated,342378741760,0.687,9596144,169.93,170.42,132.04,23.866573,405.0,34.42449679976998
3,GEN,1,104,0.11077575200412644,7.267549757325331,0.13135739581610337,9,55.55555555555556,1.4884163617879733,12.826916638232671,-1.3639822154781545,-0.19955619673661804,4,25.0,1.672099054174654,12.042192533177078,Technology,Software - Infrastructure,15288392704,1.084,4792265,24.79,32.22,22.74,27.241758,198.0,32.607460506264154
3,NXPI,1,105,0.11059572368673429,14.744314596746122,0.20623025632480532,12,33.33333333333333,0.6481814528279615,17.821129884348213,-2.295913948780104,-0.17413096910931253,5,20.0,0.999223564549402,13.962410650063541,Technology,Semiconductors,60515065856,1.466,2820211,240.03,255.45,148.09,29.633331,177.0,42.90495392703791
3,SO,1,106,0.10768888859806583,7.775453556208056,0.10615295094766412,16,37.5,1.5832867820546777,12.135187598531887,-11.708400734750047,-1.1737903943550663,5,20.0,0.12455794653815279,14.13794154368396,Utilities,Utilities - Regulated Electric,97260601344,0.447,5987506,88.33,100.84,82.69,21.972637,333.0,24.78141743039015
3,SCHW,1,107,0.10400717454562462,12.90330550178358,0.2437709368726024,14,28.57142857142857,0.6691211726758117,20.23598645517495,6.389749922865895,0.11180175541054367,4,25.0,2.1465478077020186,9.99851703918454,Financial Services,Capital Markets,187820752896,0.937,8703406,103.47,105.81,65.88,22.251614,104.0,38.758745960864005
3,ACGL,1,108,0.10230858522881385,11.946004500931995,0.18004936224518067,12,33.33333333333333,1.4157389376828031,29.763593136418102,9.302958654659154,0.4225084263036536,4,25.0,1.3313293685112857,9.500912492177001,Financial Services,Insurance - Diversified,35146153984,0.425,2263850,94.17,97.6,82.45,8.825679,0.0,31.671704435758326
3,CCL,1,109,0.09829419600591603,30.466809610360144,0.2613261124849854,16,25.0,0.517735720993934,41.93629337425427,44.45699277364541,0.40947195884756094,3,33.33333333333333,2.861283662550502,16.913528824156653,Consumer Cyclical,Travel Services,37696180224,2.516,20691285,28.72,32.89,15.07,14.217821,52.0,72.81019054323677
3,WST,1,110,0.09681919468076891,11.578779961218766,0.15157011950630844,14,42.857142857142854,1.4328088340550456,25.97186749097833,1.377326234681675,-1.8872737064977825,6,16.666666666666664,0.4007276155809468,14.456054707312742,Healthcare,Medical Instruments & Supplies,16970730496,1.167,764931,235.89,347.85,187.43,34.89497,37.0,33.54600890544787
3,HUBB,1,111,0.09418872005509951,7.453642660544002,0.18172589181981952,15,46.666666666666664,1.2673339222263422,18.225419834153183,16.058422409935226,0.6925104905238286,3,33.33333333333333,347.72423335750597,4.68118834901457,Industrials,Electrical Equipment & Parts,25814001664,1.019,503681,485.73,497.95,299.425,30.396122,117.0,30.03542449694049
3,PH,1,112,0.08826051869924015,11.38617823874819,0.2003092573701013,13,30.76923076923077,0.7005193997441,18.10225549545558,18.112184160848123,0.753666056541095,4,0.0,0.0,6.631231328465381,Industrials,Specialty Industrial Machinery,115948535808,1.253,648240,916.27,954.3,488.45,32.653957,78.0,34.842763272174174
3,WMB,1,113,0.08784019049674367,9.766728232624367,0.22674455101024246,13,53.84615384615385,0.7447120681464894,18.77504926177269,-4.34610154369397,-1.1087232832668876,4,50.0,0.28584956778909665,7.8746266959925135,Energy,Oil & Gas Midstream,81723957248,0.658,7181714,66.92,67.01,51.58,34.673576,321.0,33.3680476277205
3,UBER,1,114,0.0875004945106106,15.474414235008215,0.19341466188776532,16,25.0,0.9324462942576082,31.894583194499056,30.132800931434645,0.5418217672099547,7,14.285714285714285,3.3858982294533977,18.87936619962366,Technology,Software - Application,166374703104,1.203,19278216,79.78,101.99,60.63,41.12371,0.0,55.55875308664013
3,ABBV,1,115,0.084556439261735,8.708834235762142,0.13368507846753527,12,41.66666666666667,1.132143892763825,15.588269354734841,10.336456870821298,0.3944286781064376,4,0.0,0.0,7.707809372563594,Healthcare,Drug Manufacturers - General,386473984000,0.35,6220180,218.67,244.81,164.39,165.65909,297.0,24.094968226558557
3,O,1,116,0.08263834090401892,6.362361935581351,0.07888279179194181,12,50.0,1.507285689378221,9.154078453971978,8.52182280692868,0.25685032891747,2,50.0,3.8487337738723877,6.3123778045924315,Real Estate,REIT - Retail,55150616576,0.807,6502259,60.07,61.95,50.71,56.140182,532.0,28.69542416121088
3,COP,1,117,0.08037652462868519,9.647700782703005,0.1512099737169028,13,30.76923076923077,1.0189650209443541,18.494147429935733,-10.44249855761452,-1.1331174243395172,4,25.0,0.16802295434423745,15.780193288850365,Energy,Oil & Gas E&P,126630264832,0.328,7527016,101.39,106.2,79.88,14.3206215,336.0,44.21828887028424
3,ERIE,1,118,0.07868052168099318,13.021478250218511,0.3020264175199927,17,17.647058823529413,0.7067477975334661,35.326649884606226,11.363231103760318,0.3597392164270408,7,42.857142857142854,2.5458534247242963,9.941355567992055,Financial Services,Insurance Brokers,14302848000,0.373,160985,273.53,456.93,270.07,22.058872,204.0,31.246351236582697
3,CPRT,1,119,0.07665943322827558,9.996605020418148,0.13045099136184005,16,37.5,1.4130538465074793,24.03770628799349,-4.026002589973466,-0.7104570263277544,7,28.57142857142857,0.5011514792737386,13.927042480445104,Industrials,Specialty Business Services,39320875008,1.103,8907255,40.62,63.85,37.41,24.920244,0.0,30.20079575305623
3,AMP,2,120,0.0749543766758056,9.590247287947884,0.13971239348752212,10,40.0,1.058434802705109,18.92046707443729,13.269509849901361,0.5326597146849139,2,0.0,0.0,5.01565047809372,Financial Services,Asset Management,47104675840,1.256,607159,499.67,582.05,396.14,13.753647,128.0,38.003226726426384
3,ATO,2,121,0.07355799694575554,7.278570847756605,0.10720146843296495,11,45.45454545454545,1.2415892777174422,13.170276929383814,-5.0798190385304975,-1.2154461139173105,6,50.0,0.3498334583199754,9.230218097543348,Utilities,Utilities - Regulated Gas,26850168832,0.761,1180806,166.0,180.65,140.66,22.28188,237.0,24.77880405231663
3,VRTX,2,122,0.07320280660155001,9.200998083251966,0.1377002833631076,15,40.0,1.3720137098047516,23.74654839261663,4.4606989492187665,0.04944210012561153,3,33.33333333333333,6.253512571061457,4.543433128455777,Healthcare,Biotechnology,122531659776,0.314,1434895,477.91,519.68,362.5,33.584682,0.0,31.1486975385036
3,PCAR,2,123,0.07312170053146143,6.818647397376831,0.200548901887615,14,21.428571428571427,0.9347463003554616,17.480988752660394,12.359145760442214,0.31453948855641983,6,50.0,8.12855227509967,4.956562510540052,Industrials,Farm & Heavy Construction Machinery,64631648256,1.024,3207631,123.06,125.36,84.65,27.28603,108.0,26.746104176861646
3,AVB,2,124,0.07064544900587892,7.45682445264082,0.09497318435403934,10,60.0,1.4463069095859162,14.498770986793723,-8.392484080993178,-1.0485764047041193,5,20.0,0.31087893572644915,12.475985955519835,Real Estate,REIT - Residential,24627992576,0.756,1088170,172.97,230.21,166.73,21.093903,398.0,28.533749972805765
3,DOW,2,125,0.06807889325611073,7.232157248577953,0.13359150577703943,11,27.27272727272727,1.0395761464694258,14.753345887047146,-1.1409762682311309,-0.5310039484245475,5,20.0,0.9909489366315982,11.816758026568003,Basic Materials,Chemicals,19745118208,0.776,11788839,27.78,41.475,20.402,0.0,503.0,35.45519455159024
3,GPC,2,126,0.06533405364027856,6.52730836834452,0.08051262864681176,14,35.714285714285715,1.3121142568792343,10.554318265603875,-10.468928607060391,-0.8138201656734158,6,16.666666666666664,0.02080740964953781,14.290984326435026,Consumer Cyclical,Auto Parts,19478251520,0.753,1097091,140.02,143.48,104.01,24.099829,296.0,29.230912811902282
3,AJG,2,127,0.06508599535050949,6.224633620473563,0.10789618417647574,16,37.5,1.3142326997999536,13.561402248936213,-8.88885998601534,-0.9019124889000653,6,33.33333333333333,0.42812338940299244,16.49099682807231,Financial Services,Insurance Brokers,62241824768,0.675,1854704,242.37,351.23,236.34,38.779198,107.0,25.007995448928135
3,VMC,2,128,0.06279008374522871,9.619345950021007,0.13342539892987815,15,26.666666666666668,1.2408768446108993,25.364229385598907,-9.130296911189252,-0.8899258364648927,8,37.5,0.29350553895698855,14.705922544040593,Basic Materials,Building Materials,39603597312,1.064,1053245,299.73,313.37,215.08,35.345524,66.0,32.239689871202074
3,STZ,2,129,0.05932949928250467,8.300299543760193,0.12692809300388322,13,46.15384615384615,1.0114161353870237,17.9601812627049,-3.3665155108975497,-0.5599100145868584,6,33.33333333333333,0.4525864842965372,7.422792848507552,Consumer Defensive,Beverages - Brewers,27461568512,0.444,2656644,157.74,196.91,126.45,24.762953,252.99999999999997,26.926609550131435
3,LULU,2,130,0.05651874655429717,6.572706810577444,0.1414611319982256,17,35.294117647058826,1.2935088787940876,21.27934626216373,14.876648706054674,0.24226112644342546,5,40.0,2.2204270519047578,10.323954523117033,Consumer Cyclical,Apparel Retail,21387554816,1.016,4038413,180.35,423.32,159.25,12.53301,0.0,40.54638565026212
3,LDOS,2,131,0.05263412667762432,7.170356641647668,0.19173289919408848,12,16.666666666666664,0.7561152409997086,19.74958469225222,1.0347265886118784,-0.4913753623617228,5,20.0,0.7048112221028981,6.910084887777273,Technology,Information Technology Services,24090390528,0.592,860004,187.77,205.77,123.62,17.5486,92.0,28.792392357036462
3,EQT,2,132,0.05220618537269778,7.969367366550828,0.1642567215191205,14,42.857142857142854,1.1654538404379524,29.222684788849694,-16.240263687437217,-0.8714380433788035,4,0.0,0.0,20.838349745801004,Energy,Oil & Gas E&P,34923003904,0.681,9245088,55.96,62.23,43.57,18.228014,121.0,58.97968128067921
3,KKR,2,133,0.052118080722441895,7.603661957237495,0.1353333527108054,14,42.857142857142854,1.2094539310730708,23.879683044143274,25.09687539900103,0.6056440814740442,5,20.0,2.941638465769766,9.278014850540474,Financial Services,Asset Management,108119908352,1.996,4352236,116.77,170.4,86.15,49.063023,64.0,39.44955215809316
3,KMB,2,134,0.04387891678834786,6.000895863714395,0.09136395298963117,10,40.0,1.3041680792587735,16.295535636261143,-2.4163280356148564,-0.6113445716795117,6,16.666666666666664,0.40655974569693004,7.306885402494438,Consumer Defensive,Household & Personal Products,33036642304,0.276,6761808,99.54,150.45,96.26,20.481482,509.0,21.071601334219178
3,STX,2,135,0.03611950469170082,7.2139215215243135,0.08726966336125437,12,33.33333333333333,1.0645707193340612,18.55527711853064,23.487562242048064,0.46687163352702593,5,60.0,5.237262186845944,13.218585585260394,Technology,Computer Hardware,96502063104,1.619,4133383,442.93,449.5,63.19,50.048584,80.0,39.10330275695279
3,APP,2,136,0.035893018930207625,29.0829009170132,0.3913813702804197,14,14.285714285714285,0.16767621948596245,53.174003365800395,-11.077384312187199,-0.3207559310803387,8,12.5,0.051263348354215414,30.267308810475583,Communication Services,Advertising Agencies,183453220864,2.502,4374313,542.36,745.61,200.5,63.95755,0.0,77.17695226669154
3,AAPL,2,137,0.032634878969742154,5.771778831613417,0.0697170025210528,11,36.36363636363637,1.2784734776385287,15.7636979199172,1.9049248917555994,-0.07476301505222785,4,75.0,1.2853962424335914,8.68431185421211,Technology,Consumer Electronics,3789248004096,1.093,46691775,256.44,288.62,169.21,34.375336,40.0,31.875180619823517
3,NEE,2,138,0.032329849792211846,6.355593850304331,0.08182493064609349,12,66.66666666666666,1.2089166068491908,19.446186147390815,-18.130409790226654,-1.140095539618742,6,33.33333333333333,0.3534040097478056,27.68808698761401,Utilities,Utilities - Regulated Electric,182374121472,0.0,9595750,87.57,88.96,61.72,26.617022,260.0,28.408701470576254
3,SBAC,2,139,0.03197725697912814,6.5109462656897765,0.07240376618371872,14,42.857142857142854,1.2454921630297937,18.361369084345064,7.386859889317066,0.18285529963782704,5,20.0,1.5392006193559762,16.207036387721473,Real Estate,REIT - Specialty,19624642560,0.869,832181,184.16,245.16,179.89,23.13568,238.0,30.368926912742566
3,JBHT,2,140,0.030390758841187263,6.9184036850420405,0.10117390048569334,17,29.411764705882355,0.7291638813475575,16.794148781279205,-4.161668601812307,-1.5529822236745068,5,20.0,0.5357271791900783,11.67307579700173,Industrials,Integrated Freight & Logistics,19525474304,1.27,1158801,205.06,212.0,122.79,33.451874,89.0,31.075138246222334
3,BXP,2,141,0.026377854005710417,9.601610111538438,0.12898036077208677,10,30.0,0.4702464291625929,22.077693525363838,-8.607863817775963,-0.385332727048318,5,20.0,0.6398047249685599,16.4135876873877,Real Estate,REIT - Office,11347913728,0.0,1490001,64.15,79.33,54.22,0.0,429.0,36.2403453220174
3,SLB,2,142,0.02577613236967554,6.955189129257899,0.13489422403674253,14,35.714285714285715,0.7138985575008535,25.984899974074914,-19.335197969027995,-1.1491713877989205,7,14.285714285714285,0.03308109496178897,22.17358436610929,Energy,Oil & Gas Equipment & Services,73076850688,0.723,16603224,48.87,51.67,31.11,20.795746,233.0,49.54040455139527
3,DTE,2,143,0.022737946239245913,5.328445460108311,0.03867331510137014,12,50.0,1.311080526367185,11.882013952937967,-6.803479155711612,-1.496064723563799,5,40.0,0.527656714626882,14.471793286132415,Utilities,Utilities - Regulated Electric,28361191424,0.484,1616786,136.56,143.79,117.56,20.473763,324.0,25.286780270271354
3,GIS,2,144,0.02216137122977204,5.356553056820235,0.03890827971563137,14,50.0,1.2712451234511177,11.95528989801093,-2.7914300856087704,-1.2873583140539557,5,40.0,0.46850656434448334,8.50317762239702,Consumer Defensive,Packaged Foods,23664363520,-0.068,7164181,44.35,67.35,42.79,9.537634,546.0,22.031798864384886
3,POOL,2,145,0.022086099925321147,5.3186639223490095,0.03691587989510907,11,36.36363636363637,1.343249425928062,11.94134935150322,-2.1025928008804873,-0.38761103538244573,4,50.0,0.7060883396149829,9.894637611197846,Industrials,Industrial Distribution,9645959168,1.223,819127,258.48,374.74,226.1,23.540985,189.0,36.52504833110785
3,ETR,2,146,0.020285312468570252,5.199031245428065,0.048998523261490824,13,38.46153846153847,1.2281114967801618,15.422739172043723,-0.9890674265279453,-0.47746176991574235,4,25.0,0.880960440501733,8.52363829398563,Utilities,Utilities - Regulated Electric,43087671296,0.648,2607198,96.48,98.58,75.57,23.763548,265.0,26.78158479425152
3,PANW,2,147,0.017121551869501962,4.8738226076202595,0.09051508150378872,17,41.17647058823529,1.1374040555586764,29.30638910674697,-0.644850299652111,-1.5172997605453642,6,33.33333333333333,0.808493779671999,14.641774922918964,Technology,Software - Infrastructure,125674987520,0.754,5877893,183.74,223.61,144.15,116.29114,0.0,40.4897028943637
3,INTC,2,148,0.015931125963214065,5.5485787206760895,0.06625543384197921,11,27.27272727272727,1.039861481206421,23.99563647157691,12.19872698292479,0.19282543482785452,4,75.0,2.812198766689436,15.826461280647017,Technology,Semiconductors,243664797696,1.354,96443421,48.78,54.6,17.67,0.0,0.0,38.07909520419649
3,APTV,2,149,0.014443932057959687,6.57868664002228,0.08016499580995139,12,33.33333333333333,0.8079050434047221,29.49842693012369,-21.783394698112502,-1.1601218270880342,5,0.0,0.0,23.50484825123571,Consumer Cyclical,Auto Parts,16943890432,1.502,2319975,77.81,88.93,47.19,58.946964,0.0,45.886080065148434
3,RJF,2,150,0.013490629172346091,6.599459299165966,0.07377966393256036,10,30.0,0.4579739578139302,16.52926741402466,2.963470948339064,-0.10082977115261377,5,20.0,1.8881307694463534,9.280263170773752,Financial Services,Asset Management,33236158464,1.004,1191940,168.31,177.66,117.57,16.356657,128.0,34.598808636695324
3,EQR,2,151,0.013088911699037383,5.864734391695392,0.05831827752557303,8,25.0,0.6491240250187059,16.96200480211009,-4.978973070997872,-1.675941792197526,4,25.0,0.5707765434169814,12.761391590767,Real Estate,REIT - Residential,23912818688,0.756,2463698,60.76,75.86,58.38,19.986841,446.0,29.070960341375812
3,AMZN,2,152,0.011384548825117009,6.9903139094543265,0.13912026331928867,13,23.076923076923077,0.41167518586165314,35.1662400237704,12.467754293571476,0.6335221854314302,7,28.57142857142857,1.1030441979522103,17.39949251830465,Consumer Cyclical,Internet Retail,2597829214208,1.376,44559791,243.01,258.6,161.38,34.371994,0.0,37.08440675132871
3,FISV,2,153,0.010733319263916817,4.997533196273807,0.028180083998386733,14,50.0,1.1861642866863273,15.56355365647473,24.254844518745422,0.7794505606856479,4,25.0,0.04510888202345723,4.422702152371547,Unknown,Unknown,35306373120,0.0,13054193,64.95,238.59,59.56,10.03864,0.0,30.294232546231875
3,LH,2,154,0.010649018749829525,4.857918072924039,0.021865821451774927,16,25.0,1.2248080872036529,12.217277470030732,-0.5034279523824958,-0.3516893306570419,5,20.0,1.30683548735003,6.570953998514479,Healthcare,Diagnostics & Research,22274123776,0.97,842221,268.04,293.72,209.38,26.304222,106.0,29.54563946755479
3,VRSK,2,155,0.010224188294505401,6.486249554492862,0.07551272972692274,12,16.666666666666664,0.47472265992782575,22.74180582572149,-1.1304342220818775,-0.4390401906713595,7,28.57142857142857,0.3608058097467403,10.821639303740984,Industrials,Consulting Services,30601771008,0.809,1472722,219.03,322.92,197.0,33.64516,83.0,26.281221552690692
3,TRGP,2,156,0.010105438513899535,5.553840703064883,0.05866263568463865,14,28.57142857142857,0.904125467479319,29.149326814064263,-13.06826151048417,-1.02386402530136,7,14.285714285714285,0.29953410610261094,20.006700047180445,Energy,Oil & Gas Midstream,43281539072,0.874,1480960,201.13,211.87,144.14,27.143051,204.99999999999997,55.086984662589835
3,AIZ,2,157,0.009784431706397272,5.855391195228998,0.053355127137250824,11,27.27272727272727,0.758412512296185,24.215974884943787,-0.21639196033844676,-0.3780548526043454,7,42.857142857142854,1.0827400341886815,8.11957270387027,Financial Services,Insurance - Property & Casualty,11973466112,0.561,321375,237.29,243.76,174.97,14.468903,148.0,29.640993840326335
3,AFL,2,158,0.008676355576579147,5.45498796676207,0.03872426384978571,14,35.714285714285715,0.8428831324098391,20.52140012514192,-14.067347765108916,-1.2390287322676203,6,16.666666666666664,0.06750922753407944,15.386892465851174,Financial Services,Insurance - Life,58253844480,0.664,2347609,108.92,115.84,96.95,14.312746,225.0,29.879695240960963
3,ADBE,2,159,0.007678091306172584,6.534773334442079,0.10238728363517727,13,23.076923076923077,0.29460672241639296,25.672368000511685,5.924268867553706,0.3121942609628542,7,28.57142857142857,0.8771724073041995,11.931328005300902,Technology,Software - Application,125404184576,1.526,4247267,299.58,465.7,288.33,17.949669,0.0,37.68981366454552
3,LEN,2,160,0.006980004814371207,4.790734289628751,0.034796458757560454,12,50.0,1.1696552952275439,27.93439701064708,12.471551841695039,0.4410172172901838,5,20.0,1.7673759312525203,10.460499181923483,Consumer Cyclical,Residential Construction,27361910784,1.434,5968700,110.79,144.24,98.42,13.883459,182.0,42.28930507932469
3,F,2,161,0.006777507639105468,5.187301859279936,0.02931453674222541,17,41.17647058823529,1.101260557086928,24.708400121901448,10.438359215749738,0.23805694889630383,4,50.0,4.676272910528275,6.126907859794431,Consumer Cyclical,Auto Manufacturers,55065772032,1.631,59544731,13.82,14.5,8.44,11.811966,430.99999999999994,44.12367775581717
3,VTR,2,162,0.0034992098212131674,4.905376898477343,0.013370649106246746,13,38.46153846153847,1.237526426800981,23.195800786122042,6.591132726411808,0.13650794415929227,4,25.0,2.2515397151605354,8.455144281209805,Real Estate,REIT - Healthcare Facilities,35662114816,0.8,3111955,75.92,81.89,58.72,143.24529,252.99999999999997,41.0798731523531
3,PLTR,2,163,0.0032242011902648376,1.2589912872247533,0.16469747828981537,17,35.294117647058826,0.7478737155044117,48.096758758114795,-11.688420209142691,-0.849483105046899,5,0.0,0.0,19.231494759251877,Technology,Software - Infrastructure,375033724928,1.545,45162670,157.35,207.52,66.12,365.93024,0.0,73.2953427031032
3,MA,2,164,0.0027553817659860024,4.655050465895072,0.011294753378193734,11,36.36363636363637,1.0262909285973243,19.58347943064981,12.800597175947193,0.649783530528132,3,33.33333333333333,0.233479050860513,8.32717013114843,Financial Services,Credit Services,471324655616,0.857,3142240,521.37,601.77,465.59,33.293102,67.0,31.49589933190263
3,DECK,2,165,0.0018994035800656928,1.9458935715293668,0.04820886196982026,14,35.714285714285715,0.6174994564789625,30.49757375671276,26.902981760765066,0.5285930588246294,5,20.0,1.124897533624211,14.072602518462695,Consumer Cyclical,Footwear & Accessories,14481278976,1.15,3277463,97.62,223.98,78.91,14.505201,0.0,42.83466560086593
3,COO,2,166,0.0018085503378802079,4.1518452513813475,0.012018326896181982,14,28.57142857142857,0.9563125513943718,26.384837593120306,-6.669842635345469,-1.0287677342903945,5,0.0,0.0,18.563196364593516,Healthcare,Medical Instruments & Supplies,16000143360,1.029,2685863,80.48,99.54,61.78,43.037434,0.0,28.975967362724255
3,EMR,2,167,0.0015638528739076274,4.3578395070314135,0.01197614357153917,16,18.75,0.7225656942378408,24.114023031388317,5.4452935864540475,0.10097009188168128,6,66.66666666666666,1.9955183807737051,9.062265312506602,Industrials,Specialty Industrial Machinery,83456876544,1.254,2690827,148.42,151.74,90.06,36.82878,150.0,30.42620729048857
3,A,2,168,0.0,1.3882082007002028,-0.17984528908548802,16,43.75,1.0663610516641642,10.32196792078586,17.357370154571395,0.31085484673474284,3,33.33333333333333,7.310711362596149,8.386245146894487,Healthcare,Diagnostics & Research,37952200704,1.291,1989908,133.87,160.27,96.43,29.293215,75.0,29.0895665392636
3,ABT,2,169,0.0,0.6274078103216674,-0.08121522955893497,14,35.714285714285715,1.0292610451295021,19.420074437706642,10.064711721235131,0.47024961181961605,3,0.0,0.0,3.9294928069551496,Healthcare,Medical Devices,184575688704,0.72,7543419,106.05,141.23,105.27,28.508064,233.0,25.804732966391747
3,ADSK,2,170,-0.0,-13.230786110870396,-0.5209709453273981,12,41.66666666666667,0.610731438429621,16.554234311615,-0.21866744412233352,-0.5063123457397801,7,28.57142857142857,0.3607525884770204,12.048352867645281,Technology,Software - Application,57154285568,1.466,1602391,268.33,329.09,232.67,52.10291,0.0,40.40428179728613
3,ACN,2,171,-0.0,-9.89264986599836,-0.5215377590987278,11,27.27272727272727,0.5825041456355006,19.23440278539014,12.769546459080328,0.6186516203571348,4,25.0,2.5507402473393115,6.708618348514802,Technology,Information Technology Services,167704150016,1.249,3958118,270.43,398.35,229.4,22.331131,236.0,28.514916020301317
3,ADI,2,172,-0.0,-22.611010552148013,-0.633819730704036,15,40.0,0.3826259247038678,27.645309332555055,3.7009718870395725,0.02297944268768041,4,25.0,2.3057324120811793,8.816328241898274,Technology,Semiconductors,155526381568,1.032,3755296,317.625,318.17,158.65,69.65461,130.0,34.05472458109047
3,AEP,2,173,-0.0,-1.4605619405045789,-0.2507832658933316,13,53.84615384615385,0.927841185893404,14.54914072754441,-0.9837271835907768,-0.6595098866244722,3,33.33333333333333,0.876904090684807,7.72175614401956,Utilities,Utilities - Regulated Electric,63760838656,0.615,3547322,119.12,124.8,97.32,17.440702,318.0,23.372231152740262
3,AEE,2,174,0.0,1.7992589754450172,-0.03377439667374082,15,33.33333333333333,1.072132443270536,14.675024140865364,-18.228385953745587,-0.8757422787332041,7,0.0,0.0,18.228385953745583,Utilities,Utilities - Regulated Electric,28017862656,0.592,1700124,103.58,106.73,91.77,19.919231,273.0,24.418779961011943
3,AIG,2,175,-0.0,-10.193369113519314,-0.8135145183009945,14,35.714285714285715,0.5150161499512043,29.089644814580172,9.660107543051645,0.32811440419806365,3,66.66666666666666,0.0,6.323342579732165,Financial Services,Insurance - Diversified,40658341888,0.624,5022631,73.39,88.07,71.25,13.19964,244.0,38.57151738254394
3,AKAM,2,176,-0.0,-26.41999527686312,-0.7155906063684832,12,25.0,0.12064934188342709,37.43454218383585,11.197390894256598,0.5400307825939286,3,66.66666666666666,0.0,4.378228739182813,Technology,Software - Infrastructure,14688640000,0.685,3337309,102.1,104.98,67.51,29.941347,0.0,28.50481229642089
3,ALL,2,177,-0.0,-16.585725385578264,-0.9711545020654121,14,35.714285714285715,0.44991596727822847,30.686524926043212,34.15219255554263,0.8185082766475801,4,50.0,7.653831516260904,5.257827046825149,Financial Services,Insurance - Property & Casualty,51997507584,0.24,1656531,197.33,215.89,176.0,6.4005837,204.99999999999997,28.39212363877849
3,ALLE,2,178,-0.0,-3.751987294870285,-0.15384499603203397,16,43.75,0.8603859806896398,27.455042124794755,4.368302160338433,0.038192404172839096,5,20.0,1.173099263381411,13.62654112748801,Industrials,Security & Protection Services,14186668032,1.05,818854,164.9,180.68,116.57,22.313938,122.0,30.41195250803185
3,AMAT,2,179,-0.0,-2.915466700316738,-0.1713102591070353,15,40.0,1.0133363949306196,20.680461418984123,-0.8394343251556746,-0.16435772866411552,6,50.0,1.1259557938840092,11.954364270273613,Technology,Semiconductor Equipment & Materials,268269338624,1.671,7433121,336.75,344.04,123.74,38.930637,55.00000000000001,46.083928993585324
3,AMCR,2,180,-0.0,-34.95685115290777,-0.9164895619949104,17,17.647058823529413,0.08951131589952047,36.7705467054015,-0.5861074077711192,-0.5172826974201863,4,25.0,0.9261423274344642,7.9708387037355495,Consumer Cyclical,Packaging & Containers,20401285120,0.676,4921777,44.19,52.25,38.35,29.2649,581.0,28.30922637661547
3,AME,2,181,-0.0,-2.8188355108145657,-0.3442820048077608,17,35.294117647058826,0.9200382048669041,20.151289102280742,0.656909908292258,-0.6298764604145435,4,25.0,0.9017130145680481,9.54345834684961,Industrials,Specialty Industrial Machinery,51384946688,1.047,1428400,222.49,224.37,145.02,35.148502,56.00000000000001,26.236377242542375
3,AMT,2,182,-0.0,-13.898188605882355,-0.5221164364937219,15,20.0,0.7266742767726919,27.48784204782616,15.87612099633997,0.3402267972463195,2,50.0,3.1945052433265135,10.879020178039008,Real Estate,REIT - Specialty,83119276032,0.929,3173619,177.51,234.33,166.88,28.311005,378.0,29.242255900934417
3,AON,2,183,-0.0,-3.613405823188409,-0.8234212288528817,14,50.0,0.8585131062829356,23.554133980751732,-4.481281944142756,-1.2026199273260916,4,0.0,0.0,7.825786390267326,Financial Services,Insurance Brokers,71803658240,0.835,1098063,333.0,412.97,323.73,26.64,90.0,26.413181350515586
3,APA,2,184,-0.0,-6.184354431399219,-0.2736568108290117,19,26.31578947368421,0.6991624481697397,47.501258088313,-9.440418172652699,-1.3883709112650853,4,25.0,0.1677315518710273,15.716851032862985,Energy,Oil & Gas E&P,9306025984,0.743,6224626,26.01,27.72,13.58,6.2224884,387.0,69.01370268206324
3,AOS,2,185,-0.0,-5.578067831256361,-1.0232374176205292,13,38.46153846153847,0.8251107137464839,18.374800773919024,-11.70945720650387,-1.1979830177479256,5,20.0,0.3949259748403689,21.42545540156749,Industrials,Specialty Industrial Machinery,9737604096,1.349,1275488,69.49,77.31,58.83,18.730457,198.0,30.757207653525303
3,ARE,2,186,0.0,4.4282021619519,-0.024777744574392895,17,35.294117647058826,1.0415897600036668,19.114613932044936,-9.881876982155847,-1.3792435018398008,6,16.666666666666664,0.6388390005346415,22.666306596600915,Real Estate,REIT - Office,9463932928,1.319,3029854,54.61,105.14,44.1,0.0,805.0000000000001,28.722746898207223
3,ARES,2,187,-0.0,-5.0012921080991095,-0.1665304216767815,17,23.52941176470588,0.5634098336596706,27.166568715257732,4.6148527728167466,0.06311745126106721,5,20.0,0.1637912845362741,13.582342299542592,Financial Services,Asset Management,49078165504,1.548,2996706,149.8,200.485,110.63,62.941174,300.0,37.93395563466926
3,AVY,2,188,-0.0,-19.348260174150255,-0.5462005193418819,15,20.0,0.2666519738071085,28.96658959574949,-5.1925986515230065,-1.593299986044698,6,16.666666666666664,0.6015920049905175,13.612759122118767,Consumer Cyclical,Packaging & Containers,14289598464,1.008,689414,184.87,194.75,156.23,21.007954,200.99999999999997,31.21529878154508
3,AWK,2,189,-0.0,-18.86495603826853,-0.9476362626581426,14,21.428571428571427,0.43075027198135524,27.24655128269483,-6.340100311712559,-1.620740341995473,4,25.0,0.032087695943833025,10.897305036548936,Utilities,Utilities - Regulated Water,24797259776,0.754,1867906,127.05,155.5,121.4,22.328648,254.0,26.496442771991035
3,AXON,2,190,-0.0,-8.453209009513884,-0.7978573194396671,12,25.0,0.8112824180598848,40.61564156035616,5.136843413940428,0.08457980413963577,5,40.0,1.2146787952599736,11.623455701100784,Industrials,Aerospace & Defense,43679371264,1.414,853478,549.86,885.92,469.24,173.4574,0.0,49.44816746348089
3,AXP,2,191,-0.0,-15.873022221551835,-0.3781904178467132,15,33.33333333333333,0.622062337146161,24.951985873097755,23.983264908176018,0.8137628565097212,2,0.0,0.0,8.334509998074758,Financial Services,Credit Services,248422989824,1.154,2607068,356.99,387.49,220.43,23.991262,91.0,37.201729783757784
3,BAC,2,192,-0.0,-24.843866224074375,-0.5058853054001166,13,15.384615384615385,0.142297449661959,31.75393404939176,2.454467695508211,-0.10820455088030172,7,14.285714285714285,1.1058015124890073,17.269960692804066,Financial Services,Banks - Diversified,378342309888,1.295,37789775,51.81,57.55,33.07,13.598426,215.0,34.325188898635574
3,BBY,2,193,-0.0,-23.85806042807794,-0.36270629373331403,14,21.428571428571427,0.3438607532411351,35.83048748037911,8.662024144744063,0.16652787684927178,3,33.33333333333333,3.9091584402128614,10.871440210607977,Consumer Cyclical,Specialty Retail,13774238720,1.433,4241996,65.56,91.68,54.99,21.636963,578.0,39.17280802617409
3,BAX,2,194,-0.0,-20.96493434944129,-0.503341372641762,13,30.76923076923077,0.37373899949918005,32.749478532531874,8.417675975427619,0.2866357294772675,1,100.0,0.0,5.099179637685891,Healthcare,Medical Instruments & Supplies,10080634880,0.589,8955942,19.61,37.74,17.4,0.0,266.0,28.385799417131203
3,BALL,2,195,-0.0,-34.97575399315903,-0.4986918688514431,13,30.76923076923077,0.18078883273174945,42.73850567872043,13.540883203604825,0.39831793124446796,3,33.33333333333333,2.583796358790837,9.165491545190685,Consumer Cyclical,Packaging & Containers,15311096832,1.137,2706314,56.26,60.29,43.51,21.89105,140.0,33.33713027414053
3,BDX,2,196,-0.0,-23.58898280294226,-0.6943859808139626,17,29.411764705882355,0.3634217162397314,28.317728868209734,-15.816051400435704,-0.9187725055080107,4,0.0,0.0,16.497102435213236,Healthcare,Medical Instruments & Supplies,57631715328,0.262,2201657,201.92,251.99,162.29,34.694157,206.0,23.791898270609547
3,BF-B,2,197,-0.0,-8.528973262204588,-0.8070544489843856,12,41.66666666666667,0.27702809384328364,19.274238924520713,-7.579247602283501,-1.145953281937226,4,0.0,0.0,13.963434862695523,Consumer Defensive,Beverages - Wineries & Distilleries,12187039744,0.414,4833088,26.31,38.85,25.32,15.385964,340.0,25.52648125141656
3,BEN,2,198,-0.0,-4.3735272822369335,-0.07684299396523327,15,40.0,0.8267255515891546,23.393169110025468,-1.409372580737256,-0.09819617005225613,5,20.0,0.9129357311158424,14.854054192668528,Financial Services,Asset Management,13378884608,1.466,4265137,25.66,26.25,16.25,28.197802,518.0,37.7187390864911
3,BG,2,199,-0.0,-2.2076734618242,-0.29091687812168404,15,20.0,0.5193199152912629,28.640648173758027,-2.781016437445649,-1.4077664600697053,3,33.33333333333333,0.06980557740133388,6.850557307919119,Consumer Defensive,Farm Products,22294528000,0.768,1514896,115.3,118.35,67.4,12.969628,241.0,33.11009581858116
3,BIIB,2,200,-0.0,-14.936441512069742,-0.7562702918457366,12,25.0,0.5982343294141064,29.809666861034557,-7.379057331405637,-1.5048374079172697,6,16.666666666666664,0.5056247140370201,19.073140028949,Healthcare,Drug Manufacturers - General,25647958016,0.127,2015334,174.83,190.2,110.04,15.937101,0.0,50.24055602056264
3,BK,2,201,-0.0,-5.798697158750931,-0.2317653512907551,16,31.25,0.6810708608649718,25.373103010659854,23.90489379378358,0.7376354514564069,4,25.0,0.1471910293425317,6.653393479284921,Financial Services,Banks - Diversified,82914811904,1.109,3516944,118.9,125.89,70.46,16.045885,178.0,31.476269533966388
3,BMY,2,202,-0.0,-7.4642608804210475,-0.21629210289848172,16,18.75,0.774951824352358,21.991060726996054,-2.1187757517063477,-1.7263489769696694,5,40.0,0.4675920887759707,5.403041841351839,Healthcare,Drug Manufacturers - General,111192834048,0.295,15116098,54.62,63.33,42.52,18.390572,454.0,21.10842345510737
3,BRK-B,2,203,-0.0,-2.971639081451427,-1.77690923709393,16,31.25,0.7541669983590283,15.81008316461557,3.4456668651733358,-0.029388528838704197,5,20.0,0.3720868670583933,6.146270617599991,Financial Services,Insurance - Diversified,1021476405248,0.71,4998493,473.49,542.07,454.6,15.137148,0.0,21.154358035235685
3,BRO,2,204,-0.0,-20.47244895647802,-0.3086280529259759,16,18.75,0.36976740533562846,35.81322383786348,6.795137222750958,0.19753570278398422,5,40.0,0.7681899076103663,7.953288138266732,Financial Services,Insurance Brokers,24616439808,0.812,2742954,72.1,125.68,71.8101,22.816454,85.0,27.080509989512517
3,BSX,2,205,-0.0,-2.656480296730024,-0.7885758110464087,11,27.27272727272727,0.8892423042910761,15.546201858905686,21.940154400962818,0.8068485119155181,3,33.33333333333333,0.7661259361224352,6.690368582773496,Healthcare,Medical Devices,139092426752,0.671,9773108,93.79,109.5,85.98,50.15508,0.0,27.889883689274132
3,BX,2,206,-0.0,-14.421366072102359,-0.6576363921322278,10,20.0,0.4479686595849043,24.43600945144566,17.61101696254286,0.3083122760254898,4,50.0,5.235934964467507,9.30703975762694,Financial Services,Asset Management,180119961600,1.752,3998911,146.79,190.09,115.66,42.302593,316.0,41.93634353628342
3,C,2,207,-0.0,-27.00354023855419,-0.8156006781994306,18,33.33333333333333,0.29854625959769004,27.072112953118577,17.902721559971123,0.6361968363466627,4,25.0,2.7224870781772714,8.031060731773584,Financial Services,Banks - Diversified,204334186496,1.166,13344468,114.2,124.17,55.51,16.337626,209.0,36.94869406324931
3,CAG,2,208,-0.0,-16.2797389198452,-1.053821437413007,13,30.76923076923077,0.36570553356460617,18.54306768855923,4.558292913151685,0.0840624277932493,3,33.33333333333333,4.048246001330644,6.538883623639162,Consumer Defensive,Packaged Foods,8457572352,-0.014,11100198,17.68,28.52,15.96,0.0,780.0,25.465459416632708
3,CB,2,209,-0.0,-21.144563751172008,-0.9092269043443287,17,17.647058823529413,0.263479058374114,24.582003121508105,12.703738786240937,0.5928507239045739,5,40.0,2.040583228750038,4.926026339000046,Financial Services,Insurance - Property & Casualty,121062309888,0.513,1709062,303.65,316.94,263.14,12.683792,129.0,27.732681727309416
3,CBOE,2,210,-0.0,-5.597193198244166,-0.9204630820613169,14,42.857142857142854,0.7618883068290895,14.479649883479235,22.202690889527066,0.542061213621447,2,50.0,0.0,5.754504196086547,Financial Services,Financial Data & Stock Exchanges,27688939520,0.359,770885,264.6,279.33,200.88,28.451612,107.0,27.416739147892166
3,CEG,2,211,-0.0,-2.4827688886155053,-0.4740585878074444,4,25.0,0.659727924084248,12.51227359516114,-1.2041241097946243,-2.468819154773567,4,50.0,0.5580964787581891,4.109724507003474,Utilities,Utilities - Independent Power Producers,104321433600,1.145,2945472,287.95,412.7,161.35,33.02179,54.0,40.83180230990615
3,CBRE,2,212,-0.0,-29.93216541230016,-0.7456142669470913,17,29.411764705882355,0.3312364497718328,34.05083580989146,8.333962503494252,0.1516050388218518,5,20.0,2.2672985988953447,10.279757155586857,Real Estate,Real Estate Services,50442010624,1.345,1376549,169.5,173.05,108.45,41.85185,0.0,36.51931322496708
3,CCI,2,213,-0.0,-25.535154213537837,-0.8665450371486311,16,31.25,0.21869619086430223,32.90222309074181,2.3917892461022605,-0.1666525394846891,5,20.0,1.153367326150236,13.937231659604114,Real Estate,REIT - Specialty,36967813120,0.976,2834183,84.89,115.76,83.21,0.0,490.00000000000006,28.69371084137895
3,CHRW,2,214,-0.0,-21.397107153559723,-0.6638023555757132,15,40.0,0.45737849899186056,36.911433050087886,-10.474303289396103,-0.47857499205983484,1,0.0,0.0,16.48839408615709,Industrials,Integrated Freight & Logistics,21770317824,0.913,1643309,184.28,184.87,84.68,37.303642,140.0,29.072037011530917
3,CDNS,2,215,-0.0,-5.278264018524204,-0.3489091823209803,13,23.076923076923077,0.8537015207126628,16.9026898547961,9.550218141326905,0.5214261197398324,5,20.0,0.6589040462548247,9.062301717488763,Technology,Software - Application,87330316288,1.022,1709768,320.49,376.45,221.56,82.60051,0.0,36.37397594487732
3,CHTR,2,216,-0.0,-34.26469651705932,-0.5180626872275073,18,16.666666666666664,0.10087769317159923,46.33548304480235,-29.74718327960204,-1.1094548360326326,4,0.0,0.0,34.92251616345025,Communication Services,Telecom Services,24970199040,1.058,1914577,182.81,437.06,182.04,5.0682006,0.0,32.29398518628912
3,CINF,2,217,-0.0,-5.748391599338576,-1.0251999729771295,12,33.33333333333333,0.43964892142180223,25.803985480082666,1.1955782959485184,-0.11295158231631548,5,20.0,0.16981420383643303,9.631162736393799,Financial Services,Insurance - Property & Casualty,24770023424,0.673,569406,158.4,169.86,123.02,11.794489,220.00000000000003,34.501407473100535
3,CL,2,218,-0.0,-4.456142581873024,-1.512422371935346,15,26.666666666666668,0.6954611626931211,17.019540093593854,10.164659666900477,0.5472802767469949,4,0.0,0.0,6.422793564911044,Consumer Defensive,Household & Personal Products,68698767360,0.298,6801122,85.0,100.18,74.55,23.809525,243.00000000000003,20.1448623927407
3,CLX,2,219,-0.0,-4.148290726514025,-0.24715586215699423,11,36.36363636363637,0.7691283518181001,24.37751200971897,8.968857130181407,0.30330327570963295,5,40.0,0.9660714414182867,12.415164591982101,Consumer Defensive,Household & Personal Products,13271464960,0.575,2342981,108.8,161.45,96.66,17.080063,438.0,27.523050447223486
3,CMCSA,2,220,-0.0,-9.319831993659244,-0.308504904337077,13,23.076923076923077,0.25156760693655816,20.652334065189756,-6.3289336209665485,-0.8782295030217384,8,37.5,0.1462558912251847,16.052468626366228,Communication Services,Telecom Services,111968485376,0.807,39284485,28.41,35.595127,24.133083,4.7192693,459.99999999999994,27.98031993475502
3,CME,2,221,-0.0,-9.381566712601796,-0.19204005078255793,14,21.428571428571427,0.3022750348108339,21.2962877867579,-8.414631475365809,-1.2535025533956532,6,0.0,0.0,10.758445899393278,Financial Services,Financial Data & Stock Exchanges,102838525952,0.291,1924903,286.05,290.79,232.32,27.691189,176.0,27.15556333117755
3,CMS,2,222,-0.0,-8.314838806561454,-0.3599746411648921,15,26.666666666666668,0.6888035523216365,19.67835103162893,-3.7103270826853496,-1.7892249417326964,4,25.0,0.6085762457131096,9.391530887531353,Utilities,Utilities - Regulated Electric,21850161152,0.484,2556708,71.8,76.45,65.17,20.691643,301.0,23.68633978031682
3,CMI,2,223,-0.0,-21.594207375054953,-0.8510239521490303,18,16.666666666666664,0.3855323218166102,29.185491819948197,5.458135282811383,0.1798991719468057,4,25.0,2.1037746363297845,5.462902037717375,Industrials,Specialty Industrial Machinery,79765626880,1.116,904334,577.86,587.55,260.02,29.940933,139.0,28.765763831233848
3,COIN,2,224,-0.0,-65.49957043616487,-0.6016523349186832,26,11.538461538461538,0.2734911046194711,72.32112440817764,26.378927546630848,0.28444199461256126,4,25.0,2.781250761210518,29.132611189202542,Financial Services,Financial Data & Stock Exchanges,56474390528,3.707,9122975,209.43,444.65,142.58,18.101124,0.0,92.99867481292145
3,CNP,2,225,0.0,1.2633196485938525,-0.09867215895473748,14,42.857142857142854,1.04956721311664,17.9883107502282,-10.206364846867967,-1.1227357093518828,6,16.666666666666664,0.18858060147244712,13.545241869540686,Utilities,Utilities - Regulated Electric,25977630720,0.584,4692691,39.79,40.5,31.96,25.183544,231.0,30.102472473725168
3,COF,2,226,-0.0,-22.00366211189435,-0.24193590007516594,14,21.428571428571427,0.4294900868930428,36.136134903445274,16.47281946103496,0.47734603214219345,4,50.0,2.5630695193576933,9.21031615331616,Financial Services,Credit Services,138850582528,1.131,4378627,218.41,259.64,143.22,64.81009,147.0,42.91580672007368
3,CPAY,2,227,-0.0,-7.717184443679814,-0.04549069780911201,15,13.333333333333334,0.41286369502778814,29.55762935339355,26.803142123367294,0.6217598231825154,2,50.0,0.0,3.8591999371331043,Technology,Software - Infrastructure,22429954048,0.844,634780,317.64,400.81,252.84,21.578804,0.0,34.39936258909756
3,CPB,2,228,0.0,3.350295406294057,-0.029098337667192102,14,42.857142857142854,1.1607093010657135,12.268588498636843,-4.838567317232534,-1.605518600953641,10,20.0,0.18406976841864656,8.399415310190742,Consumer Defensive,Packaged Foods,8043661824,-0.043,6674273,26.98,43.85,25.62,13.907216,570.0,24.066845107767964
3,CPT,2,229,-0.0,-11.468552109856212,-1.124885149024897,12,50.0,0.2915257005995534,16.229884104018236,-1.1401482248626582,-0.736169265425427,4,25.0,0.8822696344573739,10.290678991778513,Real Estate,REIT - Residential,11456749568,0.824,1474580,107.22,126.55,97.17,43.408905,386.0,27.505713775070756
3,CRL,2,230,-0.0,-47.02521828308105,-0.7542637509218811,20,15.0,0.04674328218818295,47.041833804321286,-16.46058811523441,-1.2325552793693046,7,14.285714285714285,0.4298708223364993,26.12113829811098,Healthcare,Diagnostics & Research,10673851392,1.616,853647,216.88,228.88,91.86,0.0,0.0,38.34043613524013
3,CRWD,2,231,-0.0,-38.74610754094698,-0.28619522818594806,17,23.52941176470588,0.409230504014372,55.70175985112496,68.77161403285217,0.8127148463375548,4,50.0,1.3863441474955083,8.287380737835058,Technology,Software - Infrastructure,118282067968,1.029,2345426,469.19,566.9,298.0,0.0,0.0,58.85881944919181
3,CRM,2,232,-0.0,-13.484531895212182,-0.5982653485777077,16,43.75,0.6476291572737173,27.642895228815195,21.310573329215398,0.49624334398586445,4,50.0,4.2428465421365935,9.741463418074376,Technology,Software - Application,217017925632,1.266,8028093,227.96,360.18,218.96,30.394667,73.0,39.41620802613166
3,CSCO,2,233,-0.0,-2.3766784185810463,-2.045118350516593,13,30.76923076923077,0.6843842836989458,14.910885897928624,-2.308043360004064,-1.5693439257740711,4,50.0,0.7889151943754157,12.744988252673494,Technology,Communication Equipment,311978426368,0.863,21225204,78.96,80.82,52.11,30.486486,208.0,27.284565201581536
3,CSX,2,234,-0.0,-12.820138330882912,-0.8367537362483456,14,42.857142857142854,0.7166873934766814,24.323415502854022,14.321765731277857,0.6694207703816878,2,0.0,0.0,7.994166542586882,Industrials,Railroads,69686673408,1.303,13280322,37.38,38.11,26.22,24.272728,138.0,28.423636890685856
3,CSGP,2,235,-0.0,-17.154713126468646,-0.23890588838826726,18,27.77777777777778,0.6664323465396745,36.2892166521915,-3.9906515195159975,-0.6091069509923343,5,20.0,0.5712704142323807,7.992975883285115,Real Estate,Real Estate Services,27633244160,0.841,5372816,65.2,97.43,57.01,1086.6666,0.0,35.91164934847423
3,CTAS,2,236,0.0,4.268269880899789,-0.1286585214475922,14,57.14285714285714,1.1871272226429497,16.750941425150526,18.95572539137895,0.5517512769477027,3,33.33333333333333,0.5544129987405343,7.458290124408893,Industrials,Specialty Business Services,76017106944,0.972,2037167,189.16,229.24,180.39,40.85529,94.0,29.648438398452505
3,CTRA,2,237,-0.0,-22.89886996988397,-0.5467765190729527,15,20.0,0.33866209156821775,49.711595873819924,-6.7422460331440615,-0.7660955515470925,6,33.33333333333333,0.26781031480645046,11.140171890694655,Energy,Oil & Gas E&P,21207660544,0.333,8641306,27.79,29.82,22.33,12.865741,320.0,41.506911990544054
3,DASH,2,238,-0.0,-24.549127759983048,-0.23308848444536473,17,23.52941176470588,0.299455905683099,54.230771510176936,10.556705433639536,0.5948848834683087,7,14.285714285714285,1.189363846725829,24.524912989585864,Consumer Cyclical,Internet Retail,89070157824,1.702,5394055,206.66,285.5,155.4,104.90356,0.0,70.07300731289519
3,CTSH,3,239,-0.0,-0.5535442838803806,-0.047184041092947215,10,60.0,0.9761903122920643,19.913201374476504,9.473533345389873,0.29340958986551724,4,25.0,3.8780057455513877,5.193958395371752,Technology,Information Technology Services,40683384832,0.954,4833052,83.3,90.82,65.15,19.282408,146.0,31.104358477131584
3,CVS,3,240,-0.0,-11.157590257770666,-1.1694272773915657,11,18.181818181818183,0.28086619566526877,19.282125463813582,-8.342737347904894,-1.2180262169011082,8,12.5,0.30373670772694716,14.934024747687593,Healthcare,Healthcare Plans,93976084480,0.484,8023439,74.03,85.15,53.36,194.8158,369.0,26.929498023521397
3,D,3,241,-0.0,-25.44500909746826,-0.8840045598550966,12,16.666666666666664,0.32768260298196356,33.76232637374039,-12.061729318274317,-1.1063946087324348,5,20.0,0.06114669336764751,12.962521608001147,Utilities,Utilities - Regulated Electric,51841073152,0.699,6251409,60.71,62.87,48.07,19.839869,437.0,25.79804771763597
3,DAL,3,242,-0.0,-30.802743437633183,-0.3585020542014485,18,27.77777777777778,0.4480498426367806,49.81987914893524,3.4766746167775864,0.01842597081598659,4,25.0,1.2360122102677784,12.723211374409763,Industrials,Airlines,42984538112,1.379,7778888,65.83,73.16,34.74,8.593995,112.99999999999999,46.85084959528937
3,DD,3,243,0.0,0.19180502683893152,-0.5936678651118165,16,31.25,0.7444510280715453,25.06580780508384,-3.9446972657345425,-0.9839623446784118,5,20.0,0.18183417591728815,5.466871965496202,Basic Materials,Specialty Chemicals,18698868736,1.113,6149459,44.63,45.01,22.497908,25.797688,321.0,34.04480689707848
3,DAY,3,244,0.0,0.8918621724509634,-0.07794943914845409,17,23.52941176470588,0.862288156543824,29.480955953712506,-16.983189219161975,-0.6388526369863609,6,0.0,0.0,27.167945485976333,Technology,Software - Application,11100024832,1.181,3294832,69.36,74.03,48.005,0.0,0.0,47.05471620876067
3,DDOG,3,245,-0.0,-20.28690493499754,-0.12048610016033484,18,22.22222222222222,0.3026206172150792,44.95934878315894,14.043207297920212,0.5789502827967689,4,0.0,0.0,18.838872024578276,Technology,Software - Application,49290280960,1.263,4827267,140.56,201.69,81.63,468.5333,0.0,63.69209041760766
3,DELL,3,246,-0.0,-4.7120457222536105,-0.10863836292263655,16,25.0,0.8725290420573585,29.067460297516572,48.49977420041114,0.7776294186756293,4,50.0,24.73806377107525,8.324924510566067,Technology,Computer Hardware,78627889152,1.112,6716301,117.32,168.08,66.25,15.684492,183.0,37.22371088269047
3,DG,3,247,-0.0,-7.3878037317122285,-1.1792131519490487,14,21.428571428571427,0.6248570801290155,18.274335392847576,8.657198096002961,0.33777344338217774,4,25.0,2.663179997791067,10.884100894858706,Consumer Defensive,Discount Stores,31926038528,0.262,3650077,145.04,154.75,69.32,25.050085,160.0,28.435872740240285
3,DGX,3,248,-0.0,-2.3979992102462377,-0.39509965593449964,14,21.428571428571427,0.902807852360941,19.980898484895153,6.283386499152255,0.1500084389164544,3,33.33333333333333,4.188861027469451,5.0068735513639515,Healthcare,Diagnostics & Research,20434616320,0.64,1038183,182.74,197.55,153.99,21.47356,174.0,25.564958554525948
3,DHR,3,249,-0.0,-10.540818899830938,-0.49556937472440116,10,30.0,0.47881769441469424,18.85997566083697,10.964731226866364,0.6032900993572288,6,16.666666666666664,1.5888309811223211,9.317955957146486,Healthcare,Diagnostics & Research,160782221312,0.929,3424813,224.54,242.8,171.0,46.201645,54.0,28.436837207666628
3,DIS,3,250,-0.0,-25.944143919704366,-0.9596418849752142,14,21.428571428571427,0.3591780702720892,28.60175852155805,-0.3239808394431165,-0.2547889264882651,7,14.285714285714285,0.5116476296126681,11.245046390415714,Communication Services,Entertainment,195596238848,1.442,10904918,109.56,124.69,80.1,15.994161,136.0,33.52380691081606
3,DHI,3,251,-0.0,-5.71525867054552,-0.07053039674862067,15,33.33333333333333,0.7369551448314166,37.357877789033694,7.800027343619131,0.1451059299712726,4,25.0,1.9232987137551816,11.294643113997306,Consumer Cyclical,Residential Construction,43714420736,1.42,3202545,150.17,184.55,110.44,13.651818,121.0,39.70873654618407
3,DLR,3,252,-0.0,-24.973340838913504,-0.3736362722475729,17,11.76470588235294,0.11937368782959722,37.11108449860043,16.306900928890443,0.735451330699987,6,33.33333333333333,1.9540884856264076,8.178180967323872,Real Estate,REIT - Specialty,57075281920,1.125,1979462,163.21,182.48,129.95,42.17313,299.0,31.359823283250847
3,DLTR,3,253,-0.0,-5.821697271835314,-0.49062921939887344,12,33.33333333333333,0.6830224983125199,26.32237745213819,5.915513650352455,0.09333373959540443,3,33.33333333333333,1.7252904576989465,8.792016693762209,Consumer Defensive,Discount Stores,24292569088,0.749,3354390,119.1,142.4,61.8,22.556816,0.0,38.08265496311293
3,DOC,3,254,-0.0,-5.190585375802669,-1.0371401477749402,10,30.0,0.564343019788626,16.392452968147122,-2.209956092941412,-1.7453873023049695,4,25.0,0.8381840804383927,17.69844332726055,Real Estate,REIT - Healthcare Facilities,11918389248,1.1,7851021,17.15,21.28,15.71,0.0,689.0,31.79131084555725
3,DOV,3,255,-0.0,-18.83571563066182,-1.0069631917065598,20,25.0,0.5564805417459622,23.0427859621088,9.47053794405328,0.3914119457445563,4,25.0,2.231862929741187,6.720996959819587,Industrials,Specialty Industrial Machinery,28253562880,1.305,1090975,206.0,222.31,143.04,26.788036,100.0,28.53090290269017
3,DRI,3,256,-0.0,-19.52450228951924,-0.517128469301396,11,45.45454545454545,0.35724409023934955,32.89216435824293,17.113670014843784,0.5217539621575996,1,0.0,0.0,5.036902840348377,Consumer Cyclical,Restaurants,22855653376,0.636,1638778,196.5,228.27,169.0,20.575916,305.0,41.56894050115932
3,DUK,3,257,-0.0,-1.958759579358571,-0.14235012379715956,12,50.0,1.1105283058003992,14.509134185852023,-2.6369611958738326,-2.1175792485745646,6,33.33333333333333,0.7101189059639066,10.427140025939293,Utilities,Utilities - Regulated Electric,93505986560,0.49,3530836,120.24,130.03,110.51,18.935432,354.0,23.132325840286942
3,DVN,3,258,-0.0,-17.414404503721848,-0.47785379793386273,13,38.46153846153847,0.6192302250508006,43.00953321027274,-3.107560910340379,-1.6587138307721467,3,33.33333333333333,0.31369742428773445,9.217964800182731,Energy,Oil & Gas E&P,25284085760,0.655,8545111,39.83,39.985,25.89,9.393868,243.00000000000003,58.802291834533484
3,DXCM,3,259,-0.0,-6.098115182601937,-1.045258390300953,14,42.857142857142854,0.8489041310009744,28.708498856498384,34.139151893928535,0.4676033322117335,3,33.33333333333333,0.9349914785738342,14.538845045244623,Healthcare,Medical Devices,28768509952,1.483,6421240,73.36,93.25,54.11,40.755558,0.0,47.13535827017541
3,EA,3,260,-0.0,-12.314910236388277,-0.7571366826034946,17,23.52941176470588,0.6171871566140366,21.354941034130366,3.3623970772501233,-0.03511510318911626,5,40.0,1.9694548475531035,6.4626800775397655,Communication Services,Electronic Gaming & Multimedia,51006644224,0.733,1938140,203.94,204.89,115.3,59.457726,37.0,26.894058862439497
3,EBAY,3,261,-0.0,-1.6197161160054208,-1.0696958639503051,14,35.714285714285715,0.947210976337535,18.261615263535646,-7.371446663986603,-0.7766836107597439,6,16.666666666666664,0.1206600303647092,13.012242362571374,Consumer Cyclical,Internet Retail,43492687872,1.348,4673942,95.17,101.15,58.71,21.101994,122.0,33.956023924261395
3,ECL,3,262,-0.0,-17.22600553468887,-0.40590556400837347,15,33.33333333333333,0.49238361464086833,33.28826499064843,11.152621609379331,0.3910371159301373,2,0.0,0.0,6.050121889921047,Basic Materials,Specialty Chemicals,79829057536,0.999,1356809,281.46,286.04,221.62,40.439655,103.0,30.507008645433714
3,ED,3,263,0.0,2.870822705397269,-0.018933987786818565,14,35.714285714285715,1.1363724694648745,16.852524454473098,-12.93267042481191,-1.1435588339731444,7,14.285714285714285,0.049714996758991895,14.297910028814497,Utilities,Utilities - Regulated Electric,37963206656,0.379,2162470,105.18,114.87,92.29,18.388113,323.0,23.35169175694485
3,EFX,3,264,-0.0,-0.6936497420286458,-1.5918888609771626,16,31.25,0.9838445421452786,20.126753166987022,28.76311272903058,0.5205749056187156,3,0.0,0.0,9.027142424110584,Industrials,Consulting Services,25296117760,1.558,1511091,205.33,281.03,199.98,38.888256,96.0,33.63093813233306
3,EIX,3,265,-0.0,-3.73682010803017,-0.30895686434634034,17,41.17647058823529,0.8804643253413338,17.43433133637362,-1.6793421166232503,-0.8045693744728927,4,25.0,0.8344561419994768,12.056672010677053,Utilities,Utilities - Regulated Electric,23955916800,0.829,3120337,62.25,63.19,47.73,8.158585,560.0,27.95551570816771
3,EG,3,266,-0.0,-7.769402478567611,-0.5780563309695593,13,53.84615384615385,0.6987410257775931,23.96272159157209,3.529211880142946,-0.12799745872774068,5,60.0,1.2621332113930688,7.947118035917773,Financial Services,Insurance - Reinsurance,13639090176,0.369,404690,324.91,370.21,302.44,24.174852,247.00000000000003,30.435382509742375
3,EL,3,267,-0.0,-43.28024672929407,-0.8450090871470669,16,18.75,0.1603289004317797,47.098028044138495,4.797048134479431,0.05868710366908426,3,33.33333333333333,2.0584517998137124,9.090872375794648,Consumer Defensive,Household & Personal Products,41304494080,1.146,3569427,114.62,120.27,48.37,0.0,120.0,35.650124915533816
3,ELV,3,268,-0.0,-18.80949369419436,-0.8254860259366082,13,30.76923076923077,0.45171652091300973,30.754387052308005,-1.0113166780601701,-3.8615252879062685,6,16.666666666666664,0.5840899067862911,7.980278168748044,Healthcare,Healthcare Plans,76977201152,0.518,1544319,341.85,458.75,273.71,13.930318,212.0,31.911340488782532
3,EOG,3,269,-0.0,-19.128275690064143,-0.8413504893888247,21,33.33333333333333,0.4649156300065326,37.45574669112015,-17.253441775013922,-1.0411348217307996,7,14.285714285714285,0.08586105013707576,18.131347326672785,Energy,Oil & Gas E&P,60616187904,0.501,3970485,111.02,135.87,101.59,11.024826,376.0,48.02673251758075
3,EPAM,3,270,-0.0,-40.495063142807,-0.8901684228793417,11,9.090909090909092,0.03767137781078688,57.08922171496933,3.815586545837424,-0.0035766957340407257,3,0.0,0.0,19.442994446465413,Technology,Information Technology Services,12161421312,1.727,872280,218.35,269.0,138.15,33.386852,0.0,57.575417755306916
3,EQIX,3,271,-0.0,-7.895716705841838,-0.7508130697568792,17,41.17647058823529,0.7218559703936301,23.947404132712776,8.800459105712166,0.4492952646659638,5,40.0,1.732244624338121,7.856547888183546,Real Estate,REIT - Specialty,80134569984,1.036,561504,816.15,953.41,701.41,75.2212,231.99999999999997,30.685220051363032
3,ES,3,272,-0.0,-0.09692212422174329,-0.37750990739190476,14,50.0,0.9939436209752063,12.37043435646331,-4.388797862196093,-0.7797773766056763,2,50.0,0.26441519818933645,9.403946874745872,Utilities,Utilities - Regulated Electric,26225721344,0.772,2606557,69.9,75.25,52.28,19.309393,426.0,26.226561243275086
3,EXE,3,273,-0.0,-29.227735223775262,-1.3158737604185025,16,25.0,0.38987937937665557,42.311430382517024,-14.536013202314734,-0.6672491647580678,7,14.285714285714285,0.11850876270568671,15.481107865834527,Energy,Oil & Gas E&P,26117689344,0.449,3384977,109.66,126.621,91.015,35.260452,293.0,40.58281132836116
3,EVRG,3,274,-0.0,-13.95213590394505,-0.5557978728638894,15,40.0,0.5364904262332577,28.212096377049495,-9.066990022618482,-1.4305738649882012,4,25.0,0.28205561866993456,9.534890424278599,Utilities,Utilities - Regulated Electric,17645914112,0.646,2095854,76.65,79.32,61.94,21.0,361.0,26.436141956546148
3,EW,3,275,-0.0,-32.432645303512565,-0.8020071272931527,14,21.428571428571427,0.22260871802654078,32.696957697467546,12.504249797821053,0.6130506138777211,5,20.0,1.0162528215513535,11.421228998184198,Healthcare,Medical Devices,48060010496,0.955,3657627,81.86,87.89,65.94,35.90351,0.0,33.46052698441261
3,EXC,3,276,-0.0,-12.353717008074804,-0.4267978238078143,18,44.44444444444444,0.6955963462319403,28.8436489359867,-14.99000706463539,-0.9130960238371567,7,14.285714285714285,0.10570113974255312,17.240973272216404,Utilities,Utilities - Regulated Electric,45207027712,0.556,7669475,44.76,48.51,39.47,16.04301,357.0,27.105892783169143
3,EXPD,3,277,-0.0,-7.070030964657004,-1.3761259557514947,14,21.428571428571427,0.5258397024145054,24.373058041331298,2.3702167877885705,-0.15519244511257185,3,0.0,0.0,7.192101226379732,Industrials,Integrated Freight & Logistics,21724465152,1.136,1455831,160.07,164.48,100.47,26.027643,97.0,26.940946305533153
3,EXPE,3,278,-0.0,-43.114602393405974,-0.3413637441997975,19,21.052631578947366,0.19444472544581845,52.04390648454604,4.90110232270935,0.09608199152709757,5,0.0,0.0,20.915844739380955,Consumer Cyclical,Travel Services,32878655488,1.429,2032003,265.76,303.8,130.01,25.603083,60.0,49.69828462729079
3,FANG,3,279,-0.0,-27.695305142964166,-0.9174968852892491,18,27.77777777777778,0.33604948876706686,44.640644479888735,0.23192926716379958,-1.6698062565774525,4,50.0,1.0348383179293652,11.58849234358997,Energy,Oil & Gas E&P,46395940864,0.577,1791998,160.27,173.02,114.0,11.254916,250.99999999999997,58.72194513853313
3,FAST,3,280,-0.0,-12.055305855784592,-1.022596472471488,15,26.666666666666668,0.6619586552303381,19.9416655802872,1.1341527572793497,-0.3391551536174529,5,40.0,0.9253442055890455,7.516239698351946,Industrials,Industrial Distribution,50078265344,0.895,7706393,43.62,50.63,35.305,40.018345,204.99999999999997,27.791281075598178
3,FDS,3,281,-0.0,-18.62645026214095,-0.9069413413353659,18,27.77777777777778,0.4148978301863185,25.412042118653297,8.324660977716537,0.4068519978014524,4,50.0,9.445098752320852,7.439242326155025,Financial Services,Financial Data & Stock Exchanges,10098143232,0.743,778296,269.86,477.92,250.5,17.166666,164.0,28.42415714128531
3,FE,3,282,-0.0,-12.639063686466312,-0.2606300270719173,11,36.36363636363637,0.6404231740891664,25.551357763547095,-0.9398457288588347,-0.9617356506795743,4,25.0,0.8421651094933703,6.9128800323189905,Utilities,Utilities - Regulated Electric,27387123712,0.626,4554098,47.41,48.2,37.58,20.613045,375.0,27.817290379423675
3,FIS,3,283,-0.0,-30.405290645079987,-0.676016042511834,13,23.076923076923077,0.2371185079468407,37.68516056033999,20.41400172275192,0.5896808384813274,2,50.0,0.0,6.536738713175152,Technology,Information Technology Services,29352452096,0.939,3347618,56.19,83.97,56.02,175.59375,276.0,37.13428677487521
3,FITB,3,284,-0.0,-28.436913844753388,-0.44773364010615807,13,38.46153846153847,0.17926849571343656,37.0395270445108,24.385385565691564,0.4414726125050596,3,0.0,0.0,8.223293213910493,Financial Services,Banks - Regional,32854929408,0.988,7473052,49.69,53.33,32.25,14.076487,315.0,42.29080614151262
3,FIX,3,285,-0.0,-20.859955129437967,-0.9951018195176602,16,25.0,0.3842714210184541,29.548982724007825,21.205331974581565,0.7851726535191671,4,75.0,0.0,6.692759766200995,Industrials,Engineering & Construction,41245782016,1.664,577944,1169.05,1179.0,276.44,49.62012,17.0,39.650003269264566
3,FOX,3,286,-0.0,-8.50130296270576,-0.20871813292819563,12,25.0,0.6169959257447276,19.323686110974087,-3.4479352021890786,-0.3574726574538462,5,0.0,0.0,9.054098806308811,Communication Services,Entertainment,30274975744,0.505,1447639,64.29,68.175,43.18,14.447192,86.0,32.69323002854967
3,FOXA,3,287,-0.0,-15.270181155250429,-0.42690896348049734,14,28.57142857142857,0.4755667861977071,21.64864774280035,-9.249936051336338,-0.4402467088226657,8,12.5,0.1728977947188663,13.851056339095702,Communication Services,Entertainment,31582085120,0.505,3384273,71.14,76.39,46.42,15.986517,78.0,33.90407732283043
3,FTNT,3,288,-0.0,-51.32581958238982,-0.7171129780865667,14,28.57142857142857,0.2107567774680524,51.325819582389826,8.7009765978584,0.20534560378977085,4,0.0,0.0,14.264765088361251,Technology,Software - Infrastructure,62895120384,1.069,5944467,82.08,114.82,70.12,33.77778,0.0,45.36182259004249
3,GDDY,3,289,-0.0,-32.32781336157227,-0.8077536575348755,21,33.33333333333333,0.3554759539369727,35.633134463841316,18.064823597099313,0.39024783645400285,4,50.0,5.707573673902332,6.364761838355185,Technology,Software - Infrastructure,14308706304,0.948,1486147,103.35,216.0,102.14,17.849741,0.0,36.856215127447314
3,GL,3,290,-0.0,-17.620407076266996,-0.8990820090610016,16,18.75,0.2473066700685899,22.40764476657235,0.8556791277621434,-0.7862000837848432,4,25.0,1.5718701570395328,5.41672799268027,Financial Services,Insurance - Life,11223040000,0.476,508373,138.55,147.83,109.38,10.054427,79.0,29.223508081033255
3,GM,3,291,-0.0,-15.022723525670212,-0.8924900573196951,14,35.714285714285715,0.5758756255227696,27.551074249102165,34.423767183160315,0.7109731744168348,3,0.0,0.0,5.52230727210696,Consumer Cyclical,Auto Manufacturers,79199928320,1.317,9010034,84.9,87.31,41.6,25.963303,83.0,42.4904613878527
3,GLW,3,292,-0.0,-18.519861117630022,-0.742948132221812,13,15.384615384615385,0.37650968844228966,23.309560740893478,13.67440169737668,0.682302910633559,2,0.0,0.0,5.67855578408687,Technology,Electronic Components,89405538304,1.125,6436659,104.28,113.99,37.31,66.84615,102.0,32.06189182789986
3,GNRC,3,293,-0.0,-20.20817096848303,-0.8275100845109077,9,22.22222222222222,0.5262903168051499,33.30587266795015,-10.139490440086373,-0.5059385692966998,5,20.0,0.5521965039997834,17.091909975944546,Industrials,Specialty Industrial Machinery,10221003776,1.828,1176029,174.17,203.25,99.5,33.3021,0.0,55.27594950661263
3,GOOG,3,294,-0.0,-16.674045238852486,-0.4771819029218795,18,33.33333333333333,0.6585216285342942,25.64453867156988,-9.605377955706407,-0.8218816119627389,7,42.857142857142854,0.0972236364224748,14.280175747071258,Communication Services,Internet Content & Information,4059516108800,1.086,23469367,336.28,341.2,142.66,33.229248,25.0,32.29220108028493
3,GOOGL,3,295,-0.0,-25.93060107331755,-0.6244041135920121,21,28.57142857142857,0.4720281124889367,30.30406001493128,-11.01240357171408,-1.3363666912739882,7,28.57142857142857,0.19338510872825176,13.657378802227981,Communication Services,Internet Content & Information,4069794250752,1.086,36303080,336.01,340.49,140.53,33.13708,25.0,32.33723175888076
3,GPN,3,296,-0.0,-15.96588794370728,-0.24687563584159827,17,17.647058823529413,0.3856880400007882,27.50129337738578,13.252093176603875,0.606602286193402,5,40.0,1.8670348309034062,12.46046487493818,Industrials,Specialty Business Services,20163645440,0.798,2800240,72.01,114.17,65.93,10.927162,136.0,37.790490281912
3,GRMN,3,297,-0.0,-28.743705045792844,-0.8251789751410274,21,9.523809523809524,0.11154094140000055,29.27539284503744,2.0935918034104217,-0.1264875458252259,4,25.0,1.427675140550074,6.156800386168011,Technology,Scientific & Technical Instruments,39361163264,1.013,1073514,204.48,261.69,169.26,25.213318,176.0,27.58273233331434
3,GS,3,298,0.0,1.6625921187493509,-1.6452101859730281,11,18.181818181818183,0.7741576247513261,12.5337402143269,16.951161033898398,0.3821866211902172,5,20.0,3.5680638868079786,6.474564047234537,Financial Services,Capital Markets,283592130560,1.322,2167380,936.81,984.7,439.38,18.254288,194.0,31.400720912508227
3,HOOD,3,299,-0.0,-9.400270851733216,-0.06487591176780426,10,10.0,0.28230437855420054,41.153060977912055,4.7568133149986425,0.0737953748665458,5,0.0,0.0,22.43854332138203,Financial Services,Capital Markets,92976128000,2.447,24942668,103.4,153.86,29.66,43.083332,0.0,82.57953850959883
3,HAS,3,300,-0.0,-24.75955807507052,-0.7072771126680083,12,16.666666666666664,0.12486070330303538,31.036245065283293,-3.0154371829864246,-0.1711846905483566,5,40.0,0.7187897469339856,15.767581254583385,Consumer Cyclical,Leisure,12612790272,0.543,1719372,89.875,90.47,49.0,0.0,312.0,35.7765906283997
3,HBAN,3,301,-0.0,-15.646893197364752,-0.36155281744850637,14,28.57142857142857,0.3039485307039186,26.962320659949068,3.520970592653616,-0.050656083907614315,4,0.0,0.0,16.782264705407105,Financial Services,Banks - Regional,26866141184,0.966,26997483,17.06,18.91,11.92,12.273381,356.0,39.61364310121348
3,HD,3,302,-0.0,-5.05915289176444,-1.4933952326902171,12,33.33333333333333,0.6034210245988674,20.83572946794247,12.802671055623005,0.5406358037794371,3,0.0,0.0,9.872269654037023,Consumer Cyclical,Home Improvement Retail,373615460352,1.072,4481727,375.3,426.75,326.31,25.635244,242.0,28.21723801051136
3,HIG,3,303,-0.0,-25.16191108115654,-0.6629859044342457,14,28.57142857142857,0.18687600327506537,27.40996345327265,15.721335123171155,0.5873288190720727,3,0.0,0.0,7.346865504965823,Financial Services,Insurance - Diversified,36443901952,0.613,1478601,130.67,140.5,105.98,10.693126,184.0,34.67166300852971
3,HOLX,3,304,-0.0,-4.873609907623289,-0.22813176673165703,12,33.33333333333333,0.8198126877951927,15.765265792861936,-0.971300846343981,-0.9608680299364856,3,0.0,0.0,6.5318055690508965,Healthcare,Medical Instruments & Supplies,16765692928,0.697,2927890,75.1,75.36,51.9,30.160643,0.0,29.384293224874565
3,HRL,3,305,-0.0,-3.933314390138276,-1.607249816931734,13,30.76923076923077,0.5650420230459973,15.784273082968548,-17.08701959598322,-0.8610893439267615,8,25.0,0.01162442749775854,19.709455046246465,Consumer Defensive,Packaged Foods,13532639232,0.324,5107319,24.6,32.07,21.03,28.275862,463.99999999999994,21.97826709251862
3,HPQ,3,306,-0.0,-17.538576497409796,-0.432903997622988,16,37.5,0.40102551771575934,24.081627066655894,-4.12809969099579,-0.4635099543432044,5,20.0,0.5544877448015769,10.325149630118224,Technology,Computer Hardware,17806069760,1.22,14156539,19.05,35.28,19.015,7.1886787,620.0,37.81910951756674
3,HSY,3,307,0.0,4.63629707384563,-0.019205520489499774,11,54.54545454545454,1.2659591524041258,12.906800496358336,-1.3295682990268842,-2.3143058497707543,1,0.0,0.0,2.3463535075838204,Consumer Defensive,Confectioners,38934740992,0.175,1781590,192.0,201.86,140.13,28.69955,286.0,21.763277257062953
3,HSIC,3,308,0.0,2.8494207687149498,-0.06620728484058967,14,28.57142857142857,1.1909672515410021,21.2480374539406,3.613101978507993,-0.07981651158856633,3,0.0,0.0,8.71089246729278,Healthcare,Medical Distribution,9104831488,0.884,1375872,75.08,82.49,60.56,23.684542,0.0,28.564493295089992
3,HST,3,309,-0.0,-26.706508168922582,-0.8768015661928682,13,38.46153846153847,0.2604891346810556,30.282724128074147,14.981155872783592,0.4432124019512969,4,50.0,5.195165533113796,9.409162937860145,Real Estate,REIT - Hotel & Motel,12844869632,1.197,7975622,18.44,19.3,12.22,17.396229,430.99999999999994,41.3675587389318
3,HUM,3,310,-0.0,-6.02158923862548,-0.7023509958103044,14,28.57142857142857,0.4780112197683738,22.01363446549773,-11.329463706586795,-0.7811905511807187,4,0.0,0.0,11.850462064413051,Healthcare,Healthcare Plans,23334178816,0.456,1556619,194.01,315.35,191.39,18.148737,170.0,32.252202593937454
3,IBKR,3,311,-0.0,-9.652907000728995,-0.2683775152530901,16,31.25,0.6673136783206174,26.562624601464314,15.921539894375591,0.4523257618021733,5,20.0,0.20463532398223003,10.640450976181658,Financial Services,Capital Markets,128260284416,1.24,4297445,75.45,78.8,32.82,33.986485,42.0,33.909824757602024
3,IBM,3,312,-0.0,-7.960114383324857,-0.49702099866369687,16,25.0,0.42822089326841856,18.023543997615725,23.12861561574875,0.8058292433491433,5,40.0,3.083602271792834,4.160513575051169,Technology,Information Technology Services,274961727488,0.698,4134104,294.16,324.9,214.5,35.01905,229.0,25.43142527334547
3,IDXX,3,313,-0.0,-13.29888749401854,-0.3549573639187575,16,25.0,0.6815463438985288,26.179475807885847,5.729131600799553,0.09118421516995276,4,25.0,1.4437153348232847,15.867105919734826,Healthcare,Diagnostics & Research,55022428160,1.672,557863,687.74,769.98,356.14,54.40981,0.0,35.14909585302396
3,IEX,3,314,-0.0,-5.95881819405546,-1.4668052056221357,15,13.333333333333334,0.6534699876014985,12.962726993872767,5.970735274670003,0.2874666286889732,6,33.33333333333333,1.2026310660741975,8.145694074071717,Industrials,Specialty Industrial Machinery,14786422784,0.995,638721,196.4,226.05,153.36,31.125198,146.0,25.553155573824426
3,IFF,3,315,-0.0,-34.164260432931556,-0.8909427346805515,15,20.0,0.3356758778440299,37.94650440114748,17.913399904626214,0.4601143354587292,2,0.0,0.0,5.962907964331298,Basic Materials,Specialty Chemicals,18493677568,1.056,2175601,72.16,88.0,59.14,0.0,219.0,33.68831396421978
3,IP,3,316,0.0,1.3083840944910552,-0.1628905490370099,14,28.57142857142857,0.5448810535583128,16.99068887403248,-12.736100820108954,-1.2959892036824412,6,0.0,0.0,15.424810659262063,Consumer Cyclical,Packaging & Containers,21908310016,1.06,5460614,41.49,58.98,35.56,0.0,438.0,31.956782900185853
3,IQV,3,317,0.0,1.1447032277374092,-0.16483571012895604,11,36.36363636363637,0.5939857123408769,16.03499751253682,-3.7399292521667293,-0.3915156667472984,4,25.0,0.9301856322591104,13.626192092364072,Healthcare,Diagnostics & Research,40831127552,1.367,1352650,239.76,247.05,134.65,32.934063,0.0,32.48227001564001
3,IR,3,318,0.0,0.22587497086119512,-9.570775151902522,10,40.0,1.008672065411519,16.78072452584291,16.10024139198545,0.6978154103423739,4,25.0,1.9068109098947614,10.2041749375379,Industrials,Specialty Industrial Machinery,33882826752,1.332,2892700,85.25,95.85,65.61,63.148148,9.0,34.05222124970617
3,IT,3,319,-0.0,-11.105939931793252,-0.41896301901709826,17,29.411764705882355,0.7049336839375147,27.70790777681262,15.57987559979248,0.44213915343760807,4,50.0,15.770752657017567,8.22153368944118,Technology,Information Technology Services,17114773504,1.069,955508,225.98,584.01,221.16,19.719023,0.0,34.449472462359346
3,ITW,3,320,-0.0,-5.616821813439932,-0.5398318772982397,18,22.22222222222222,0.8485880580517303,22.18435551604679,-1.2099304439535996,-0.35405284420107014,4,25.0,1.1467738108049854,8.045449104363179,Industrials,Specialty Industrial Machinery,75279876096,1.167,1210993,258.25,278.13,214.66,25.024225,249.00000000000003,25.984449651307923
3,IVZ,3,321,-0.0,-10.27633473297268,-1.2024239859242078,11,36.36363636363637,0.7379201246590981,27.460782420247398,12.68030333619803,0.22682186795973017,4,50.0,2.6336336433331287,12.33670865639035,Financial Services,Asset Management,12266760192,1.626,5177198,27.56,29.61,11.6,0.0,309.0,44.986241748577676
3,J,3,322,-0.0,-8.825643722927412,-0.6088860705288295,16,25.0,0.42633926045886433,30.32145403352728,-15.149129755039137,-0.6074567491966129,9,11.11111111111111,0.14688538802323503,24.921660275153023,Industrials,Engineering & Construction,16233010176,0.795,979373,136.7,168.44,105.178215,52.984497,94.0,28.364075778310827
3,JCI,3,323,-0.0,-21.050075851070826,-0.9616799737187524,15,20.0,0.5011626881623599,27.368321905811456,-0.1107961509742017,-0.15558233070246524,3,33.33333333333333,1.2404238355623367,10.724714655829645,Industrials,Building Products & Equipment,71452606464,1.424,5434318,116.74,124.07,68.03,44.38783,137.0,29.443007683727124
3,JKHY,3,324,-0.0,-2.636911332342373,-0.624913097007873,14,28.57142857142857,0.7748105728772784,17.908929882232297,3.541086362674406,-0.04398157239623563,4,50.0,1.5717188214338702,8.671216766284237,Technology,Information Technology Services,13065929728,0.731,811385,179.81,196.0,144.12,27.28528,130.0,27.075898506931367
3,JNJ,3,325,-0.0,-2.809171174512981,-0.49490664260232897,12,33.33333333333333,0.9287729107544308,21.719863667627564,-3.411981789213603,-0.6453956671022902,5,40.0,0.5848419485623497,9.184636614224534,Healthcare,Drug Manufacturers - General,548644683776,0.333,8830849,227.72,228.57,141.5,20.664246,231.99999999999997,19.01193633807393
3,JPM,3,326,-0.0,-18.056029822886465,-0.4722015939759793,16,18.75,0.30580023097410797,27.93497411477208,11.698395656473814,0.33934131449526234,4,25.0,4.106020771605489,3.8503043324535864,Financial Services,Banks - Diversified,818774802432,1.066,9753598,300.77,337.25,202.16,15.015975,200.0,30.882732810959094
3,KDP,3,327,-0.0,-8.66330223555104,-0.940494857207933,14,28.57142857142857,0.42637919176518874,17.982065682632605,3.9436262370807995,0.013360558818760283,4,50.0,3.0684245748649563,6.518777791218931,Consumer Defensive,Beverages - Non-Alcoholic,36287754240,0.349,14274593,26.71,36.12,25.03,23.025862,333.0,23.0349386999834
3,KEYS,3,328,-0.0,-24.457100219635052,-0.9638107166867524,17,29.411764705882355,0.4736263367615022,38.7646283240618,14.462978039001474,0.25900367536937663,4,25.0,4.735062154212945,9.655762565928216,Technology,Scientific & Technical Instruments,38057492480,1.179,1210836,221.5,221.59,121.43,44.211575,0.0,32.08617948406274
3,KHC,3,329,0.0,4.107941974101381,-0.01905211879840303,11,36.36363636363637,1.7881970412250376,12.947360368115332,6.10363726176395,0.13523125663401656,3,33.33333333333333,3.174549079490708,6.996048011538356,Consumer Defensive,Packaged Foods,27448973312,0.065,16132760,23.19,33.35,21.985,0.0,675.0,27.81414114315277
3,KLAC,3,330,0.0,1.3175249086302188,-0.011646278371532865,13,30.76923076923077,1.0701802960114668,26.883636576054347,-4.718671487356863,-0.5232401175524855,7,28.57142857142857,0.7799612601097486,10.668876938819643,Technology,Semiconductor Equipment & Materials,214277062656,1.444,1027398,1627.2,1650.0,551.33,51.105526,47.0,44.83843625095523
3,KO,3,331,-0.0,-7.857015509129139,-0.719722601032462,15,26.666666666666668,0.6669497462136239,21.52274649800355,6.609503310548415,0.30157147879932605,3,66.66666666666666,0.0,3.676295296739578,Consumer Defensive,Beverages - Non-Alcoholic,314425901056,0.387,16693840,73.06,74.38,62.35,24.192053,277.0,20.1912842497625
3,KMI,3,332,0.0,2.3496556984103023,-0.4917538923180264,12,33.33333333333333,1.036399280812638,13.613716926356437,2.3776702271089967,-0.14488020820913142,3,33.33333333333333,1.5263364290820933,5.23181884306417,Energy,Oil & Gas Midstream,66898542592,0.686,13645000,30.07,30.31,23.94,21.948904,395.0,30.664118590675283
3,KR,3,333,-0.0,-2.9291168381707977,-1.086565658547334,11,45.45454545454545,0.5868171271547538,17.42930146921506,-3.359896781421501,-0.9205101888332241,3,0.0,0.0,8.900497801907456,Consumer Defensive,Grocery Stores,40966766592,0.6,6702236,61.82,74.9,58.6,54.707966,225.0,29.945735487564235
3,LHX,3,334,-0.0,-11.398690277690804,-1.052175969626397,13,23.076923076923077,0.6604068165310601,31.757551820328963,16.0557949153469,0.33061881466891724,3,33.33333333333333,3.504140067006618,7.216565340227207,Industrials,Aerospace & Defense,67410255872,0.66,1338160,360.3,362.42,193.09,38.741932,139.0,27.660087673424012
3,LNT,3,335,0.0,1.6114307623090518,-0.10240440627833845,10,40.0,1.1009626446606477,13.249143627342349,-6.352151178625409,-1.096435698501436,6,16.666666666666664,0.2764714330354285,10.339819196340763,Utilities,Utilities - Regulated Electric,17032378368,0.671,2039093,66.26,69.75,57.09,20.836477,306.0,24.143191627213014
3,LOW,3,336,-0.0,-2.2889665044117824,-1.7670287159351532,11,45.45454545454545,0.8221114048421626,14.028250991911346,0.490595589832199,-0.14127074524069322,4,25.0,1.0713232836012152,8.787625804462397,Consumer Cyclical,Home Improvement Retail,151131553792,0.957,3043962,269.42,281.36,206.39,22.302982,175.0,32.296772563482506
3,LRCX,3,337,-0.0,-0.2847077736934267,-0.06458927974817137,20,25.0,0.8523847388888519,26.06836953389862,1.3546053324070328,-0.2532711254992785,8,25.0,0.5922445572997805,21.004600650930207,Technology,Semiconductor Equipment & Materials,302118109184,1.779,11490057,239.58,243.99,56.32,52.887417,44.0,47.94298900886022
3,LUV,3,338,-0.0,-25.1563717385472,-0.4346995352437957,14,21.428571428571427,0.41713705321794403,40.32469321009751,14.273270350933176,0.3567788554349228,2,100.0,0.0,10.803931390503967,Industrials,Airlines,21459169280,1.152,9064109,40.86,45.02,23.82,64.85715,174.0,38.9463410154636
3,LYB,3,339,-0.0,-13.438075039485298,-0.2800337029722611,17,23.52941176470588,0.5021133369233326,26.310690373193015,-8.460460554629956,-1.4582232240374222,6,33.33333333333333,0.14629433431508937,9.15514479076021,Basic Materials,Specialty Chemicals,16244928512,0.739,5611485,50.47,79.1,41.58,0.0,1087.0,39.05674024472726
3,LVS,3,340,-0.0,-39.27317147000529,-0.4679898551887624,24,29.166666666666668,0.4533014915140286,55.48715527146528,-8.465627756066773,-0.9124889441038736,6,16.666666666666664,0.12791749697656374,13.313422412376056,Consumer Cyclical,Resorts & Casinos,42052149248,0.964,5466327,61.26,70.45,30.18,27.594593,166.0,46.5227579745565
3,LYV,3,341,-0.0,-16.062068739349357,-0.3185279165330476,9,33.33333333333333,0.494273486503115,31.962397178715147,-15.123460031707747,-1.1309209623225323,5,0.0,0.0,15.845263110237102,Communication Services,Entertainment,34257829888,1.197,3086762,147.53,175.25,112.88,106.9058,0.0,45.82754044823956
3,MAA,3,342,-0.0,-20.731420991309946,-0.9994054208616452,15,13.333333333333334,0.2193567924028157,22.205155585023594,-2.4409023565396315,-2.204673627526997,5,60.0,0.7549787069108918,10.995046323771332,Real Estate,REIT - Residential,15899360256,0.771,1058965,132.46,173.38,125.75,28.063562,454.0,27.25991430764579
3,MAR,3,343,-0.0,-16.682283498984475,-0.1969663063455843,15,26.666666666666668,0.3782925024667199,33.02035855638345,11.522099971361467,0.5418779625925391,6,0.0,0.0,13.500772242430564,Consumer Cyclical,Lodging,84713848832,1.157,1580449,312.07,331.09,205.4,32.918777,85.0,38.72971741406588
3,MAS,3,344,-0.0,-21.916794342544577,-0.5938001062262671,16,31.25,0.33819434326408104,26.28528701138829,26.55387578993913,0.554920230572035,2,0.0,0.0,7.049657197683904,Industrials,Building Products & Equipment,13918494720,1.277,2482983,66.48,81.45,56.55,17.002558,185.0,31.103519879476497
3,MCHP,3,345,-0.0,-7.114968840918701,-1.0035319512797165,16,25.0,0.6894076149553677,25.13692724409865,5.089385577345129,0.06946531039432326,4,25.0,1.7945445979196355,10.570938673962875,Technology,Semiconductors,43387072512,1.445,8851244,80.28,81.4299,34.13,0.0,242.0,43.104083575746905
3,MDLZ,3,346,0.0,4.1463816478483295,-0.10067626573098819,11,45.45454545454545,1.173911838572078,15.470450503583997,12.051056998255572,0.6008213184528975,4,50.0,6.363883459566206,3.121142619672154,Consumer Defensive,Confectioners,74699472896,0.402,11071770,57.73,71.15,51.2,21.621721,339.0,20.87822459741877
3,MET,3,347,-0.0,-3.6592729054337525,-0.28769023360177715,13,30.76923076923077,0.47512954032941973,21.951386567131784,1.8508895916053536,-0.559256933833999,4,25.0,0.11936076257470221,11.302974859785136,Financial Services,Insurance - Life,50714886144,0.756,3603001,76.26,87.64,65.21,14.361583,296.0,33.26118095133753
3,MDT,3,348,-0.0,-18.748037645733852,-0.7843680320689463,15,26.666666666666668,0.45151358287914906,25.180025772395595,18.012486579186373,0.7098043913289355,2,0.0,0.0,6.551337213411829,Healthcare,Medical Devices,129274871808,0.729,7150095,100.79,106.33,79.55,27.314363,282.0,25.879044601158935
3,MGM,3,349,-0.0,-21.719121402254636,-0.18453806123176839,16,25.0,0.4719712105795087,38.58624338623048,0.056691455265034385,-0.323875255944913,6,33.33333333333333,0.7694370065973772,13.276524991107944,Consumer Cyclical,Resorts & Casinos,8957335552,1.461,4614703,32.75,41.32,25.3,163.75,0.0,52.23984786800444
3,MKC,3,350,-0.0,-6.094853455189863,-0.274597874134709,16,18.75,0.8080775609423787,21.440228821452347,5.631683875428761,0.12988351639030257,2,50.0,0.0,5.252515356924605,Consumer Defensive,Packaged Foods,16605589504,0.617,3163911,61.86,86.24,59.62,21.112627,303.0,25.008538214892695
3,MMM,3,351,-0.0,-3.296637991461082,-0.5355168970675568,15,26.666666666666668,0.796230396278054,21.54379672249337,2.2545551245269246,0.010266070913288157,2,0.0,0.0,14.662814654022784,Industrials,Conglomerates,82839232512,1.159,3122275,155.94,174.69,121.98,25.946754,185.0,26.661233527904855
3,MMC,3,352,-0.0,-16.926490834911277,-0.4696604142557663,18,16.666666666666664,0.3095061989399055,25.789128623253866,2.065115058866951,-0.7636123447884348,4,50.0,3.02353971525084,3.68124624015052,Financial Services,Insurance Brokers,89819709440,0.752,2732934,182.7,248.0,174.175,21.932774,1.97,23.203817921198265
3,MNST,3,353,-0.0,-11.975337155326837,-0.9602767630894239,19,42.10526315789473,0.7688791162041595,18.09648681645269,3.907012559207934,0.011548584187994839,6,16.666666666666664,1.738282009455467,6.416222169703135,Consumer Defensive,Beverages - Non-Alcoholic,79060549632,0.46,5640506,80.92,83.24,45.7,45.977272,0.0,26.332204406116748
3,MO,3,354,-0.0,-3.195670183235777,-1.965455620090144,13,53.84615384615385,0.8102633061677774,16.73026541804237,-6.766514735807028,-0.9588660347111704,5,40.0,0.3388423902382895,11.521531559459802,Consumer Defensive,Tobacco,106051518464,0.501,9591060,63.13,68.6,50.08,12.04771,666.0,24.568166213750093
3,MPWR,3,355,-0.0,-24.2228320219702,-0.9557084808268647,18,27.77777777777778,0.5706247276331663,36.518675813202265,-1.4174372184144746,-0.29238739785627205,4,50.0,0.9128052090653791,18.440251848746378,Technology,Semiconductors,55657394176,1.456,693806,1161.78,1171.57,438.86,29.789232,56.99999999999999,51.45412518455108
3,MRNA,3,356,-0.0,-14.796171742294295,-0.9280311978735318,15,26.666666666666668,0.7559385879961873,37.64177415845036,-1.2569768820953509,-0.6460238349608749,4,25.0,0.9498367653083793,26.875072320506295,Healthcare,Biotechnology,17700233216,1.174,12472445,45.3,55.2,22.28,0.0,0.0,75.10715800393139
3,MS,3,357,0.0,1.6915479227910257,-0.09904505854690451,13,38.46153846153847,0.975837256053943,17.717301784753346,1.074150060046386,-0.05937318220179237,3,33.33333333333333,1.132198228214079,10.176251577657105,Financial Services,Capital Markets,289794654208,1.197,5838414,182.34,192.68,94.33,17.858961,219.0,33.85836463548992
3,MSCI,4,358,-0.0,-17.30601700027793,-0.7255683805348339,19,21.052631578947366,0.21937870231966902,24.2492560536003,-11.639348460148923,-0.4971996956653857,7,14.285714285714285,0.06432056107633116,22.07442371267391,Financial Services,Financial Data & Stock Exchanges,47569559552,1.303,585037,614.87,620.99,486.74,38.989853,124.0,36.11967677970743
3,MTB,4,359,-0.0,-9.843239860543186,-0.27034428225029583,14,42.857142857142854,0.4377776220023259,23.765759992232624,-13.87947868790823,-0.7482913882315242,6,16.666666666666664,0.46266279997425724,19.202510992967692,Financial Services,Banks - Regional,33893246976,0.583,1009383,216.89,222.18,150.75,12.750734,276.0,39.452963801907565
3,MTCH,4,360,-0.0,-19.393666236672868,-0.20329309844889115,15,20.0,0.20836277918851587,39.504367680666626,13.191056036519711,0.5166838782043593,3,0.0,0.0,7.8820257872070885,Communication Services,Internet Content & Information,7547113472,1.334,3586585,31.365,39.2,26.39,14.656541,240.0,51.31126710209143
3,MTD,4,361,-0.0,-4.9106080819091735,-0.32870113393736083,13,23.076923076923077,0.8205980480815791,15.663291195827147,-1.8762220017089937,-0.42867439036412147,4,25.0,0.7591957421345061,11.694172822509772,Healthcare,Diagnostics & Research,28872437760,1.417,139891,1401.64,1525.17,946.69,34.997253,0.0,31.31199917342421
3,NDSN,4,362,-0.0,-14.28697473849999,-0.8797238510994296,18,27.77777777777778,0.5883801157675279,23.633065406736062,6.70054446317867,0.1357263452503807,4,25.0,1.9688476571155478,6.572631591866331,Industrials,Specialty Industrial Machinery,15180647424,1.025,426867,271.94,275.43,165.03,31.99294,120.0,29.877528959005094
3,MU,4,363,-0.0,-23.832337775554702,-0.3768491478385226,17,29.411764705882355,0.37883743828996924,34.45130921187695,2.543784197789112,-0.5823607799568087,5,20.0,0.41000502769134695,11.561224627869798,Technology,Semiconductors,489911648256,1.503,29246086,435.28,438.94,61.54,41.45524,11.0,44.75649852974089
3,NDAQ,4,364,-0.0,-20.754442937457274,-0.8156094923915995,17,29.411764705882355,0.4552116334459921,25.14372235443374,11.76056077023977,0.27495816991630645,5,80.0,0.0,4.669022415396059,Financial Services,Financial Data & Stock Exchanges,56639328256,1.019,3180714,98.71,101.79,64.84,35.25357,110.00000000000001,27.195308542048817
3,NEM,4,365,-0.0,-1.9273450827927419,-0.6656236105808194,11,27.27272727272727,0.9480664793163769,35.449941422474026,-0.32507958337694154,-0.5418278765335627,3,33.33333333333333,0.9670952918065888,15.480719260048069,Basic Materials,Gold,144940433408,0.422,9201432,131.95,132.4,40.99,20.520996,79.0,34.49688701481298
3,NFLX,4,366,-0.0,-18.502836113582568,-0.00789939070211697,18,33.33333333333333,0.6474519489036011,47.771067695434674,24.668166553558322,0.7602532276595678,4,0.0,0.0,11.680866691513675,Communication Services,Entertainment,359033536512,1.711,46130342,84.64,134.115,81.93,33.454544,0.0,48.72900395863636
3,NI,4,367,-0.0,-16.954775023435708,-0.598067769192445,13,30.76923076923077,0.4364793372107355,25.85985395503417,-12.496377080649834,-1.2022941203136677,7,0.0,0.0,14.528380280761903,Utilities,Utilities - Regulated Gas,20978399232,0.651,3724873,44.33,44.88,35.64,23.331581,270.0,25.988954874489146
3,NKE,4,368,-0.0,-17.043704162978134,-0.9324912600680191,13,15.384615384615385,0.4182004831942979,23.658604462604398,7.305618764611754,0.1733902640384543,3,33.33333333333333,6.1784869236714774,13.98118235434841,Consumer Cyclical,Footwear & Accessories,92139061248,1.284,18478600,62.24,82.44,52.28,36.39766,260.0,33.822067167303025
3,NOC,4,369,-0.0,-13.406227664341019,-1.0700889239116427,23,30.434782608695656,0.583938007212848,28.205274431072567,-10.839150080268379,-1.023000304865856,6,16.666666666666664,0.01624869971435189,10.839150080268373,Industrials,Aerospace & Defense,98352676864,0.049,834929,689.13,690.73,426.24,23.722204,136.0,27.59137143084401
3,NOW,4,370,-0.0,-17.991258319435143,-0.058463129759661454,17,29.411764705882355,0.5805840931890969,40.761664352058425,24.0780539724579,0.6521987726603538,4,50.0,3.098521725877975,12.406695183675101,Technology,Software - Application,136767627264,0.979,10109559,129.62,234.078,123.78,78.55757,0.0,44.00852099371296
3,NRG,4,371,-0.0,-20.79139962337848,-0.9729320980889857,18,38.88888888888889,0.5887738019795072,28.80955196476141,37.69920562187203,0.6571910655798482,4,25.0,0.9100816720917198,5.72607626104664,Utilities,Utilities - Independent Power Producers,30003050496,1.242,1938160,155.11,180.54,79.57,23.18535,122.0,36.26954039907685
3,NSC,4,372,-0.0,-15.779802684660805,-0.9348522716664219,12,33.33333333333333,0.5209562880975491,22.048229266138318,12.006624730529957,0.4766777711549191,4,25.0,1.7580946541062175,10.22729224559634,Industrials,Railroads,63831261184,1.327,1249463,284.47,302.24,201.63,21.682165,187.0,29.359631065926127
3,NTAP,4,373,-0.0,-10.418062861165367,-0.1765578351945776,12,50.0,0.7568453767781976,27.88153467155949,14.90164432898693,0.4183016096020373,5,60.0,41.12003588936524,4.727755882799376,Technology,Software - Infrastructure,19828094976,1.374,2136540,99.33,127.78,71.84,17.304878,208.0,35.1337265023505
3,NTRS,4,374,-0.0,-27.86389853204928,-0.6739931341621875,14,21.428571428571427,0.0952088902955587,30.78755734791539,6.339501241885359,0.13243022856890538,4,25.0,1.7601345377164515,9.498829757392341,Financial Services,Asset Management,28414885888,1.285,975911,150.25,157.6,81.62,17.191076,210.0,34.677232940912546
3,NWS,4,375,0.0,1.0103759150932534,-0.49767532004790327,12,50.0,0.7831169704931885,15.947568612284996,14.546636887319298,0.32224561124029244,5,60.0,5.826707515274079,11.446199089137666,Communication Services,Entertainment,17013713920,0.974,916581,30.61,35.58,26.25,36.87952,65.0,34.374245381512864
3,NVR,4,376,-0.0,-3.2373240073242604,-0.1307014008981523,14,35.714285714285715,0.7774594260225052,19.586577383825627,11.565178478027338,0.5353334401160427,3,0.0,0.0,4.964027774542868,Consumer Cyclical,Residential Construction,21071652864,1.013,24411,7626.08,8618.28,6562.85,16.779423,0.0,35.52680613038104
3,NWSA,4,377,0.0,0.36870914846440783,-6.256963055887901,10,50.0,1.0213557282618813,18.01821537539734,10.250520077578408,0.2521529008782382,5,60.0,3.5983292113774903,12.230864520619226,Communication Services,Entertainment,15566282752,0.974,3648377,26.59,31.61,23.38,32.036144,75.0,33.98335640317897
3,ODFL,4,378,-0.0,-0.5311046841693479,-0.0996355526519308,17,23.52941176470588,0.5156091274681412,25.230014720404967,-12.024051339585352,-0.8424939265484974,7,0.0,0.0,18.8420186807611,Industrials,Trucking,36300242944,1.276,2218252,172.72,209.61,126.01,34.752518,64.0,34.56573150778682
3,OMC,4,379,-0.0,-2.6701259874557737,-0.783164732987905,11,45.45454545454545,0.9012672331479049,12.633265310846737,12.904279680900533,0.5949068808416071,3,0.0,0.0,6.358964266762604,Communication Services,Advertising Agencies,24289142784,0.755,4525186,76.54,89.27,68.37,11.289085,372.0,31.53212402279327
3,PAYC,4,380,-0.0,-49.52891356097021,-0.5409630577563204,19,15.789473684210526,0.16529188884129678,51.377985826595214,-3.780563822085792,-0.6559917291029557,3,33.33333333333333,0.5786317999412193,9.923319258675123,Technology,Software - Application,7856232960,0.824,837619,139.65,267.76,139.43,17.347824,105.0,48.66396132909063
3,OTIS,4,381,0.0,2.730687471637827,-0.0032498622562211854,13,30.76923076923077,1.2180724665612934,12.120226382258943,5.215659455988053,0.1782836049411329,4,25.0,1.3436876804574174,7.320128521406003,Industrials,Specialty Industrial Machinery,34773303296,1.014,2622742,88.6,106.828,84.0025,26.135693,186.0,26.12112522140967
3,OXY,4,382,-0.0,-15.362783247519507,-0.7198122708321022,16,18.75,0.6657215390855387,45.744405107758624,-12.996033287135855,-0.7550507279168645,4,0.0,0.0,15.39385082094757,Energy,Oil & Gas E&P,44166983680,0.38,9858488,44.83,52.58,34.78,32.963238,215.0,62.56458116328496
3,PAYX,4,383,0.0,0.08051495091838667,-4.340815387685885,15,33.33333333333333,0.8705486770447293,19.381444639109777,-0.694655991587334,-1.2801343949048736,4,50.0,0.879923834885162,7.382633419071043,Technology,Software - Application,36776214528,0.903,3259709,102.45,161.24,102.09,23.178732,412.0,28.13249223120816
3,PEG,4,384,-0.0,-12.162816829240164,-0.9371892959528895,14,35.714285714285715,0.6023108070119643,20.42485773293603,-2.6340674131781427,-1.4763299096257887,5,20.0,0.724663875151918,7.231517326184459,Utilities,Utilities - Regulated Electric,40656089088,0.613,2895354,81.45,91.26,74.67,19.579327,313.0,24.223076179502844
3,PEP,4,385,0.0,3.473567884202522,-0.0879193600338096,13,53.84615384615385,1.3010879402702815,12.816327597238779,2.699429100924444,-0.4168077709887909,5,40.0,1.5379798858930247,3.0678414872239697,Consumer Defensive,Beverages - Non-Alcoholic,203307974656,0.421,7705752,148.5,160.15,127.6,28.178368,382.0,20.504823631956427
3,PFE,4,386,0.0,2.316729084729441,-0.22592920326351804,8,25.0,1.1477418321710562,16.965486378530823,-10.402182330599297,-1.048240525526609,5,20.0,0.011794913600775387,11.08305052677876,Healthcare,Drug Manufacturers - General,147032408064,0.433,65633383,25.86,27.69,20.92,15.0348835,649.0,26.775831420017564
3,PFG,4,387,-0.0,-0.24741776190738696,-0.13802880547358617,14,35.714285714285715,0.9934720408240746,25.64238279092894,-2.981296877891304,-0.8657412886336134,5,20.0,0.9469179315359185,9.004480408568172,Financial Services,Asset Management,20951373824,0.9,1341216,94.05,94.34,68.39,13.790322,343.0,36.730109766850774
3,PGR,4,388,-0.0,-26.494976827928284,-0.870292595329657,18,22.22222222222222,0.28422924297498464,35.27350629178776,14.5510255621077,0.6768805219416364,5,40.0,1.5108681924910776,9.468450850677566,Financial Services,Insurance - Property & Casualty,124708192256,0.341,3472839,212.74,292.99,198.5,11.669776,668.0,26.833576077925038
3,PKG,4,389,0.0,3.7112140927336723,-0.041825158987507285,13,38.46153846153847,0.3435107817531791,12.89424052163601,-0.0562870947846239,-0.5209642400331503,6,33.33333333333333,1.5954793232163749,6.532987137912551,Consumer Cyclical,Packaging & Containers,19580282880,0.894,833888,217.61,232.5,172.72,21.958628,224.00000000000003,29.190156622129273
3,PNC,4,390,-0.0,-31.20543637195312,-0.6970191697982459,15,13.333333333333334,0.1316271270283919,38.35564942177236,7.87802818155241,0.19075104947120963,4,0.0,0.0,12.768097154140941,Financial Services,Banks - Regional,89511051264,0.992,2191932,221.39,227.78,145.12,13.336746,304.0,34.25515125713902
3,PNR,4,391,-0.0,-4.549918717328105,-0.054349843112865316,16,12.5,0.504994393445236,24.238090807365698,-0.7875825770977452,-0.9600590502016398,5,20.0,0.5305476202572758,15.309747236233434,Industrials,Specialty Industrial Machinery,17240649728,1.214,1299322,105.17,113.95,74.25,26.760813,100.0,32.442429177390245
3,PLD,4,392,-0.0,-16.81902562817089,-1.0099179440343096,16,31.25,0.618441102794144,29.90612667555518,12.968403344889667,0.28325233554457196,3,33.33333333333333,3.073447837829583,10.441309195261015,Real Estate,REIT - Industrial,118086860800,1.418,3493913,127.13,134.94,85.35,36.956394,314.0,30.136197008735405
3,PM,4,393,-0.0,-0.12300359976352704,-0.6017561302677955,14,50.0,0.9940323649687723,14.694854389767475,-9.569141264720072,-1.2593582484932848,4,0.0,0.0,9.569141264720075,Consumer Defensive,Tobacco,278000107520,0.42,5602462,178.59,186.69,128.25,25.476461,329.0,24.464075058417993
3,PODD,4,394,-0.0,-25.649691675384588,-0.948436314749138,18,27.77777777777778,0.5719804796729966,31.467316895664908,8.008001900451633,0.13459689007075576,4,25.0,1.5869962616376752,13.399900559994965,Healthcare,Medical Devices,18175352832,1.4,753463,258.2,354.88,230.05,75.49708,0.0,45.40069066473497
3,PPG,4,395,-0.0,-17.335621890244024,-0.6247405678529552,16,31.25,0.5239110683744719,24.80022301979905,-1.7096284345011203,-0.28338409262257286,4,25.0,1.2474654759559805,9.860319713053467,Basic Materials,Specialty Chemicals,25720772608,0.0,2105786,113.96,123.52,90.24,16.49204,258.0,30.800387632960597
3,PRU,4,396,-0.0,-14.078799799513819,-0.3005369969938024,14,35.714285714285715,0.1807497947618497,29.870184047659517,7.897251053330834,0.20948024537434456,4,50.0,3.1076994585099316,8.713175509945401,Financial Services,Insurance - Life,37900734464,0.961,1729996,107.69,123.88,90.38,14.752055,503.0,35.97040059524041
3,PSA,4,397,-0.0,-42.242672777421845,-0.8890766963797189,16,12.5,0.2082961862789874,46.723987371406174,-1.8595791485026214,-0.766613935584125,3,33.33333333333333,0.8540799659704439,14.94296173585337,Real Estate,REIT - Industrial,48052297728,0.991,1155111,273.86,322.49,256.54,28.40871,432.0,25.68366132216345
3,PSX,4,398,-0.0,-17.37211929278021,-1.0053629097271268,13,7.6923076923076925,0.2840356882802317,33.903801489440234,16.539452492493023,0.6502494685752715,5,40.0,1.9690089332434195,14.131928380820089,Energy,Oil & Gas Refining & Marketing,57417973760,0.897,2412678,142.08,146.88,91.01,38.296497,343.0,42.18560942619397
3,PSKY,4,399,-0.0,-70.17028547746189,-0.683902511285261,22,4.545454545454546,0.011943841632597176,70.51472359592918,0.9516197351733258,-0.2785236484978207,7,14.285714285714285,0.8535821914938169,23.474715092290474,Communication Services,Entertainment,12509915136,1.188,8854718,11.34,20.86,9.95,378.0,173.0,57.54952977469926
3,PTC,4,400,-0.0,-13.02076406174465,-0.676765975782197,14,28.57142857142857,0.5273952890822972,23.11090281880185,5.6256753389893,0.21122292159896228,6,16.666666666666664,1.1582029536945855,12.179975235866282,Technology,Software - Application,19339868160,1.014,901572,161.91,219.69,133.38,26.673805,0.0,36.748651755987375
3,PYPL,4,401,-0.0,-21.670136600167666,-0.8737737686514226,16,31.25,0.5203996946702971,36.18673368856464,-0.562671898723488,-0.8660408467910391,3,0.0,0.0,15.163900194462736,Financial Services,Credit Services,51666866176,1.427,15719275,54.08,90.925,53.645,10.859438,101.0,45.861975331105285
3,QCOM,4,402,-0.0,-27.09513342394738,-0.4235921285776613,17,23.52941176470588,0.3463762604812594,34.38489822737006,-8.163814929584712,-0.40508880711449763,5,20.0,0.6031862581193046,14.881109446647397,Technology,Semiconductors,163541696512,1.212,8996144,152.7,205.95,120.8,30.539999,233.0,41.307653938479504
3,RL,4,403,-0.0,-16.56436462189169,-0.7504899179780998,19,26.31578947368421,0.42297219869955255,36.82205974624456,6.919153713834736,0.18218769701297813,6,16.666666666666664,1.4170193743509825,12.249818965257877,Consumer Cyclical,Apparel Manufacturing,21405544448,1.508,631521,352.99,380.0,176.61,26.108727,102.0,42.6611701236497
3,REGN,4,404,-0.0,-8.133084521708245,-0.6311475838766284,17,29.411764705882355,0.5416034626803624,23.03021203978974,13.305726391430571,0.6862854346022896,3,33.33333333333333,0.6037593502175039,9.557229794728286,Healthcare,Biotechnology,79610347520,0.389,979127,751.13,821.11,476.49,18.004074,46.0,31.526882009378703
3,RF,4,405,-0.0,-12.431555335266909,-0.3032400378439851,12,16.666666666666664,0.3063735092405643,25.538675850727735,8.086323810264663,0.16719502171569484,2,0.0,0.0,8.101198262331296,Financial Services,Banks - Regional,24429778944,1.039,14866114,27.86,29.26,17.74,12.113044,380.0,41.206409904228806
3,RMD,4,406,-0.0,-18.01947056959252,-1.0124937084172434,15,40.0,0.9643552472989572,20.27001055073833,6.742196710568837,0.36665543922440513,5,20.0,0.7758215931412666,14.240657027970412,Healthcare,Medical Instruments & Supplies,37618429952,0.876,1034611,257.72,293.81,199.92,26.405737,94.0,32.75987852864826
3,ROST,4,407,0.0,2.1403864784760973,-0.035677962189550605,17,35.294117647058826,1.0457290134765833,21.713317528142465,19.77358975022836,0.4626355036369083,6,66.66666666666666,17.643463129379015,6.8323476907596845,Consumer Cyclical,Apparel Retail,60505092096,1.012,2626740,186.04,194.92,122.36,29.068748,87.0,38.20729548577083
3,RSG,4,408,0.0,4.490201352761969,-0.009482521618129344,13,38.46153846153847,1.3170960932850277,9.240867860960934,15.838222517042322,0.665477537188909,2,0.0,0.0,5.781883672314336,Industrials,Waste Management,67938160640,0.561,1560432,217.6,258.75,201.42,32.33284,114.99999999999999,21.73825624288644
3,RTX,4,409,-0.0,-7.3983768389596865,-0.6730744912653606,14,21.428571428571427,0.5841600644268209,15.807742871937565,19.38523553030944,0.782510980456566,4,25.0,2.288766674738537,4.5726759926711456,Industrials,Aerospace & Defense,267430379520,0.438,4705870,199.46,205.36,112.27,40.294952,135.0,31.208600095197358
3,RVTY,4,410,-0.0,-21.466682201812116,-0.5941159287837277,13,15.384615384615385,0.13792784725492216,25.416267960778992,1.0634228712084859,-0.15679044878174775,7,14.285714285714285,1.285136787192907,13.388627587492048,Healthcare,Diagnostics & Research,12899144704,1.055,1435990,111.13,128.29,81.36,57.2835,24.0,32.63729623159342
3,SBUX,4,411,-0.0,-7.8254782130157015,-0.9155240419745582,14,21.428571428571427,0.7161810681695402,19.38618148026367,-9.259224103865304,-0.8267665324588596,6,0.0,0.0,10.071939584404763,Consumer Cyclical,Restaurants,108412182528,0.964,10249318,95.16,117.46,75.5,58.38037,259.0,30.704687807411958
3,SHW,4,412,-0.0,-25.35215589713641,-0.4301999996642173,16,25.0,0.21482811206268837,39.88475698433782,12.716656132727412,0.30999150815079873,4,25.0,2.7078255202434427,7.274184900594708,Basic Materials,Specialty Chemicals,87166926848,1.26,1779372,349.6,379.65,308.84,34.140625,91.0,30.01908188019907
3,SJM,4,413,-0.0,-12.68379789575398,-1.0678166799600768,14,42.857142857142854,0.5509679599109114,21.619340065234073,7.43483170582826,0.4179896760923042,2,0.0,0.0,3.421524179011083,Consumer Defensive,Packaged Foods,11027926016,0.22,1608773,103.36,121.48,93.3,0.0,418.0,23.397203089476875
3,SNA,4,414,-0.0,-4.1808626590068565,-0.23508838042311864,12,33.33333333333333,0.8550181820121915,22.67682674917146,5.4310935104378455,0.15795260901247687,3,33.33333333333333,2.1326058977681446,4.090920557721237,Industrials,Tools & Accessories,19304099840,0.789,276629,370.07,375.17,289.81,19.426249,265.0,29.497811837613476
3,SNPS,4,415,-0.0,-3.421821668640146,-0.12188537561016122,15,26.666666666666668,0.8728122252664672,17.145605481382482,7.88404793423465,0.34712801628079865,4,50.0,4.65585597841538,10.532262139368314,Technology,Software - Infrastructure,97830567936,1.119,2089983,511.35,651.73,365.74,63.207664,0.0,35.58077319376184
3,SPG,4,416,-0.0,-2.459551347720823,-0.33759586819341036,13,30.76923076923077,0.7202946347003079,21.089460625589467,22.650075130791404,0.46149953079341366,2,100.0,0.0,4.224973457024215,Real Estate,REIT - Retail,69315559424,1.4,1434967,183.76,190.14,136.34,26.74818,476.99999999999994,45.17860707370675
3,STE,4,417,-0.0,-6.231826751486491,-0.09180680787899446,15,20.0,0.7663046789822093,27.154416436335367,-2.5751456463233624,-2.3568993321902934,7,28.57142857142857,0.7022606233220541,13.604449085658203,Healthcare,Medical Devices,25692258304,1.032,614540,260.86,269.44,204.9,37.42611,96.0,29.04076661404701
3,STT,4,418,-0.0,-14.278492000645349,-0.40118726716850117,18,27.77777777777778,0.6818881105662791,24.54188757483229,7.079220189709767,0.16200915579079567,3,33.33333333333333,2.5740440136595626,6.835367322236064,Financial Services,Asset Management,35757580288,1.448,2045168,128.02,137.05,72.81,13.604676,263.0,39.00840919332928
3,SW,4,419,-0.0,-22.470110251260643,-0.4957605227019696,18,27.77777777777778,0.40621156305264916,42.80951249171362,-13.369148484102256,-0.49726862928186355,5,20.0,0.8540412073717778,17.893019392951256,Consumer Cyclical,Packaging & Containers,22145923072,0.988,5580150,42.41,55.54,32.729,29.047945,401.0,49.78429665958779
3,SWK,4,420,-0.0,-18.595434546411603,-0.24936073236697393,13,15.384615384615385,0.16187786173153726,34.97636752926144,3.174320758016247,0.0004129883194487774,4,25.0,0.5930199630660584,10.353018253524683,Industrials,Tools & Accessories,12285474816,1.202,1693926,79.32,90.75,53.91,27.351723,409.99999999999994,39.49577083507145
3,SWKS,4,421,-0.0,-2.52097177014442,-0.1290374145443679,16,31.25,0.909946627646554,16.864185667996864,-3.8168385928217363,-0.16501053337356877,4,25.0,0.7680969922746299,15.668138891934806,Technology,Semiconductors,8288143360,1.297,3303213,55.28,90.9,47.93,17.948051,473.00000000000006,40.81986151825147
3,SYF,4,422,-0.0,-15.386057966548583,-0.2706844634811619,15,40.0,0.6085096402616276,32.13067985890605,4.891634132656497,0.06433269016169303,7,14.285714285714285,1.2236346219850356,18.982002870791373,Financial Services,Credit Services,26443761664,1.425,3724029,73.42,88.77,40.545,7.911638,155.0,44.267397313165866
3,SYY,4,423,-0.0,-10.489321772625226,-0.5246556492359205,14,28.57142857142857,0.6461915374368726,16.949546358306186,8.665925131382956,0.2959101015579821,3,33.33333333333333,3.7688147948582853,4.0562758415970315,Consumer Defensive,Food Distribution,39995203584,0.618,3392349,83.51,85.33,67.12,22.509434,257.0,35.40631020999122
3,SYK,4,424,-0.0,-2.601938763765921,-0.39909223217556283,13,38.46153846153847,0.8977489691571849,22.704430861128788,11.508820461043733,0.3243376531718956,5,20.0,0.6226920395981425,10.121173401776032,Healthcare,Medical Devices,136842649600,0.896,1768698,357.83,404.87,329.16,46.959316,99.0,30.05618289481901
3,T,4,425,-0.0,-9.667362001388536,-0.7052101479477113,12,33.33333333333333,0.6669106422144867,22.301062875445307,4.8940712561533095,0.15499981443885202,6,16.666666666666664,1.0612800069028003,9.117122234509132,Communication Services,Telecom Services,172109774848,0.6,44697578,24.07,29.79,22.95,7.840391,483.0,26.061864705810905
3,TAP,4,426,0.0,1.6855362401934526,-0.044599566959119395,15,40.0,1.1678428329739665,25.71476650671209,-0.27290255383984885,-0.8810941942796833,4,25.0,0.9397959653102034,5.159338085600997,Consumer Defensive,Beverages - Brewers,9440862208,0.451,3362026,47.74,64.66,42.94,0.0,388.0,31.21088994701579
3,TECH,4,427,-0.0,-22.7817496239635,-0.7922432419409937,15,33.33333333333333,0.37224730326180216,29.625874103162314,-7.61499446229289,-0.30220364001675515,4,25.0,0.6611936694511319,16.109526128066843,Healthcare,Biotechnology,10215080960,1.469,1982947,65.56,79.28,46.01,133.79591,47.0,35.26701676048895
3,TER,4,428,-0.0,-7.722132669616877,-0.19237984552975387,13,30.76923076923077,0.7694248865112229,24.20393295729913,-6.855564214785515,-0.43500912360837946,4,25.0,0.5866132661472833,13.377562692603501,Technology,Semiconductor Equipment & Materials,39844737024,1.835,3231988,250.48,251.15,65.77,91.08363,20.0,45.111381784234375
3,TFC,4,429,-0.0,-22.652828178292715,-0.6905605720618893,11,45.45454545454545,0.30585759460150236,24.789871618985938,10.931449337700627,0.3523280825709357,3,0.0,0.0,12.381216901443986,Financial Services,Banks - Regional,64358883328,0.874,8382260,50.31,51.52,33.56,13.170157,409.0,39.75546473673687
3,TEL,4,430,-0.0,-6.82784172080474,-1.2794268288364015,13,38.46153846153847,0.39671477844291025,21.94986137497084,-4.4735978687642675,-0.5062561235622356,4,25.0,0.6694440466800214,9.790067663442215,Technology,Electronic Components,65097367552,1.242,2022029,221.77,250.67,116.3,31.909353,123.0,30.750908551381922
3,TJX,4,431,0.0,0.7115695351221474,-0.2576548612536105,14,28.57142857142857,0.7618550875556298,21.61753264740509,8.070277275145932,0.49305614959859634,5,20.0,0.5202162691387053,5.780259410213705,Consumer Cyclical,Apparel Retail,164481204224,0.752,5378598,147.79,159.48,112.1,32.62472,114.99999999999999,31.39690564196453
3,TGT,4,432,-0.0,-12.500962626276745,-1.0472062572034635,11,36.36363636363637,0.6075520598492251,24.293490778696437,21.356930478006085,0.5348002685310389,2,0.0,0.0,10.47615271291188,Consumer Defensive,Discount Stores,46230568960,1.124,7125088,101.74,142.24,83.44,12.317191,438.0,35.28065901602112
3,TMO,4,433,-0.0,-5.238186356344954,-0.3287689274446831,12,50.0,0.627077340626795,17.26498886413267,16.718170034187054,0.597948679323131,2,0.0,0.0,6.7170568532065715,Healthcare,Diagnostics & Research,228438032384,0.91,1858929,608.02,643.99,385.46,35.186344,28.000000000000004,28.54071658866651
3,TPR,4,434,-0.0,-14.138135025492593,-0.7314929807316213,11,45.45454545454545,0.4939505932619089,21.02768943809489,35.305884301450874,0.5847732447311654,2,50.0,0.0,5.866519366306467,Consumer Cyclical,Luxury Goods,26082693120,1.643,2945840,126.0,136.04,58.39,96.18321,125.0,49.519252787773944
3,TMUS,4,435,-0.0,-10.920073555579346,-0.7529790682477375,12,50.0,0.601483049390601,24.906353868324878,12.577955179745626,0.3838921289653272,3,66.66666666666666,9.827550738156534,4.406375966583021,Communication Services,Telecom Services,209609293824,0.44,5349752,186.25,276.49,181.36,17.92589,221.0,27.55685113784459
3,TRMB,4,436,-0.0,-5.646514068725594,-0.3161199329128427,13,38.46153846153847,0.5123651724511535,19.19511865555994,15.540894144401562,0.39300769619625214,5,20.0,0.7455934863938485,18.154351299665056,Technology,Scientific & Technical Instruments,16674493440,1.589,1450136,70.07,87.5,52.91,47.99315,0.0,37.32984595576559
3,TROW,4,437,-0.0,-46.194787759336165,-0.7077918268738713,18,5.555555555555555,0.042490929590461766,51.48289844148525,4.85037273936848,0.15685502368544163,3,0.0,0.0,13.799407329678253,Financial Services,Asset Management,23125028864,1.532,1764214,105.25,118.32,77.85,11.477644,482.0,35.32360325088929
3,TSCO,4,438,-0.0,-26.209866718946728,-0.9540335691266438,15,20.0,0.31241308996166106,32.94658828354772,13.620588989137206,0.6702990615976832,3,0.0,0.0,6.097557304055708,Consumer Cyclical,Specialty Retail,29136173056,0.737,5999991,55.14,63.99,46.85,26.637682,165.0,30.58158773310357
3,TSN,4,439,-0.0,-20.944216470270625,-0.6356501679804348,13,15.384615384615385,0.09283022060343543,30.672533507194824,18.542527693869015,0.5929582742751618,5,40.0,2.783738083797568,9.12261391893603,Consumer Defensive,Farm Products,22807472128,0.467,3131052,64.6,65.9617,50.56,48.571426,310.0,30.108843966250333
3,TTWO,4,440,-0.0,-16.82589355844879,-0.4801657143143786,16,31.25,0.4083040651720832,29.598668243841445,11.231925613677983,0.5684202905234137,3,33.33333333333333,3.798603667448803,8.222852596800314,Communication Services,Electronic Gaming & Multimedia,44934516736,0.925,1533857,243.18,264.79,181.86,0.0,0.0,35.98626480180105
3,TXN,4,441,-0.0,-4.117911655930751,-1.3204749569813974,13,38.46153846153847,0.6927099677935026,9.66304456169442,1.6837644978679123,-0.04774003959153847,3,33.33333333333333,1.266395391096882,9.245317403098714,Technology,Semiconductors,196528177152,0.0,7313122,216.17,221.69,139.95,39.664223,289.0,30.568349824071255
3,TXT,4,442,-0.0,-8.200600355066456,-0.5776728214476331,13,30.76923076923077,0.5423341891694207,22.716356421571906,-17.25701809857173,-0.8853005360194814,8,12.5,0.044376652041613056,20.48464743034804,Industrials,Aerospace & Defense,15466437632,1.001,1417275,86.79,96.98,57.7,18.991247,8.0,37.8197580000077
3,TYL,4,443,-0.0,-28.19954448068238,-0.53956085975896,20,20.0,0.32102611900916334,38.109791527771016,-9.965184577667241,-0.7015912001980626,7,0.0,0.0,16.43763616433195,Technology,Software - Application,18131890176,0.916,399791,419.12,661.31,419.09,58.211113,0.0,33.06777953278522
3,UAL,4,444,-0.0,-30.019207303791063,-0.14920279000969455,13,15.384615384615385,0.4309052452596261,51.49876245909765,4.767574866210933,0.05785689114915793,1,100.0,0.0,14.357244029914785,Industrials,Airlines,33963352064,1.318,5274486,104.91,119.21,52.0,10.285295,0.0,57.807670960074
3,UNH,4,445,-0.0,-16.927849383688233,-0.8378963342047758,16,18.75,0.305627865289816,26.796445812876193,0.044238935846863114,-0.31153624375584144,3,33.33333333333333,1.006461986411548,8.767033170361366,Healthcare,Healthcare Plans,266334650368,0.425,8304924,294.02,606.36,234.6,15.31354,313.0,27.65856485827144
3,ULTA,4,446,0.0,0.6578687710266262,-0.14431895896129782,12,50.0,1.0301817955795898,20.51360602098415,10.90213600976564,0.3375606246608242,4,25.0,1.5427507421407003,10.730101731588183,Consumer Cyclical,Specialty Retail,28616292352,0.853,659890,638.21,695.34,309.01,24.499426,0.0,40.87426925257343
3,UNP,4,447,-0.0,-9.052888796522328,-1.1718472779412887,15,26.666666666666668,0.3658987591200704,30.049554866001703,11.209111074845168,0.3213963731956329,3,33.33333333333333,5.415892206521326,4.472727959942481,Industrials,Railroads,135068672000,0.997,3088440,227.71,253.2,204.66,19.007513,239.0,27.258595864378986
3,UPS,4,448,-0.0,-22.77049363767424,-0.8247356503383191,17,29.411764705882355,0.3081464094303313,27.003212151236283,-3.6691325586856838,-0.32372356734400276,1,0.0,0.0,12.315626361178463,Industrials,Integrated Freight & Logistics,87977582592,1.097,6159344,103.7,136.58,82.0,15.807926,612.0,29.614014987224756
3,USB,4,449,-0.0,-11.062319660503794,-0.0880362272527495,13,15.384615384615385,0.16163716475903264,30.540743170999775,11.573229187230027,0.2421833429286879,3,0.0,0.0,12.8965844919768,Financial Services,Banks - Regional,86675709952,1.09,9350993,55.74,56.7,35.18,12.064936,361.0,35.76527228147408
3,V,4,450,0.0,1.1437571300636051,-0.21590336791534348,14,35.714285714285715,0.9977280270717568,17.372849887142042,14.239472998015046,0.7018845561663717,3,33.33333333333333,0.12232433964840943,5.663255731353359,Financial Services,Credit Services,631037820928,0.815,6929954,326.98,375.51,299.0,32.025467,82.0,28.046465603851434
3,VICI,4,451,0.0,2.673638046846616,-0.06832993016188522,13,46.15384615384615,1.210980242139273,12.41851884671777,-1.2224279992840148,-2.2910863707416076,5,40.0,0.8422149178241305,10.197150035007871,Real Estate,REIT - Diversified,29809149952,0.72,12374303,27.89,34.03,27.48,10.604562,619.0,32.30994972647434
3,VLO,4,452,-0.0,-17.647069699528895,-0.38612421430945976,18,27.77777777777778,0.6887155538475802,52.817520322571305,-3.458561575368313,-0.4420403975445412,6,16.666666666666664,0.21640309892485377,20.3589875527899,Energy,Oil & Gas Refining & Marketing,57166135296,0.767,3033009,184.02,194.35,99.0,38.257797,262.0,47.92466828159841
3,VRSN,4,453,0.0,4.763894197987106,-0.0341066880224364,13,30.76923076923077,1.2607458645885294,12.915112318600684,-6.58339860736824,-1.392146845442213,5,0.0,0.0,8.359529529441462,Technology,Software - Infrastructure,23679078400,0.77,809750,253.5,310.6,211.79,29.511059,123.0,28.235393290155002
3,VST,4,454,-0.0,-9.165838491885347,-0.6860888193868757,12,16.666666666666664,0.2287888356278528,27.025878306294242,35.01614442351235,0.8719484140134298,4,25.0,3.572040796798179,10.075205896290216,Utilities,Utilities - Independent Power Producers,56123056128,1.418,4930827,165.64,219.82,90.51,59.582733,55.00000000000001,37.95623894528483
3,VTRS,4,455,-0.0,-9.237022136733408,-0.2634979537172211,13,7.6923076923076925,0.3982054928906269,31.947144756024024,21.96144417460215,0.7940111274278305,3,33.33333333333333,0.08624200381403663,11.823426813882232,Healthcare,Drug Manufacturers - Specialty & Generic,14973440000,0.792,8913026,12.97,13.49,6.85,0.0,366.0,37.88500543888874
3,VZ,4,456,-0.0,-19.51995191684611,-0.9683542149121733,13,23.076923076923077,0.25046217425584394,23.258337192195867,31.79104340686272,0.8502659355272174,5,40.0,22.49553258769951,4.873634484005997,Communication Services,Telecom Services,166169329664,0.327,27416895,39.41,47.36,38.39,8.402985,702.0,20.145852346115674
3,WAT,4,457,-0.0,-26.847228949188207,-0.9146863887348243,22,13.636363636363635,0.27196251507655433,36.29510492459581,2.3605385639648535,-0.045463842527760305,6,16.666666666666664,1.1201483566732058,15.611129090454106,Healthcare,Diagnostics & Research,22927642624,1.164,556578,385.03,423.56,275.05,35.388786,0.0,30.42808012064019
3,WBD,4,458,-0.0,-19.494375062417024,-0.6054340794111707,9,22.22222222222222,0.055154609739022836,32.39503478931993,-20.924577779865274,-0.7482653662475474,6,16.666666666666664,0.17833278619238346,27.17974375029565,Communication Services,Entertainment,69376040960,1.572,43994490,27.98,30.0,7.52,147.26315,0.0,53.91137134522418
3,WDAY,4,459,-0.0,-4.047620813186659,-0.03126281522361295,15,33.33333333333333,0.8125743168937211,30.136759160849998,27.318480214157127,0.5274862569449891,4,25.0,10.654057054666268,8.646583221491513,Technology,Software - Application,50495037440,1.142,2929127,189.12,283.68,180.56,79.46218,0.0,41.533755696984464
3,WDC,4,460,-0.0,-27.026915771478688,-0.9137699069965145,18,22.22222222222222,0.46013671717535204,42.27406364537875,22.06571835585327,0.5865096644748294,4,50.0,3.2883079956984265,9.11985241899731,Technology,Computer Hardware,95879913472,1.845,8847919,279.7,284.0,28.83,39.394367,20.0,48.772776323268154
3,WFC,4,461,-0.0,-17.385551593641445,-0.23876299231475342,13,38.46153846153847,0.4322087726506058,29.62891520167394,-1.7806771479065397,-0.7050058150938163,5,20.0,0.7551738548007789,16.438356229103515,Financial Services,Banks - Diversified,276333592576,1.088,14739359,88.03,97.76,58.42,14.0623,202.99999999999997,37.531260384160134
3,WM,4,462,-0.0,-3.231784449822661,-1.8168185125129084,14,28.57142857142857,0.851898792095951,16.843066880564926,16.11199133252064,0.652821825238611,2,0.0,0.0,5.332895726379444,Industrials,Waste Management,93304012800,0.594,2054381,231.6,242.58,194.11,36.52997,143.0,21.418972982244593
3,WSM,4,463,-0.0,-10.125087075408812,-1.0207639345740245,15,20.0,0.5906668784100477,29.71765104417028,18.30524705537677,0.3889479191419284,5,40.0,2.8081670321485914,13.533215741801271,Consumer Cyclical,Specialty Retail,24558999552,1.582,1212659,205.72,219.98,130.07,22.656387,127.0,48.706038980725054
3,WRB,4,464,-0.0,-7.035951652901218,-0.541970034076863,12,33.33333333333333,0.6899200290598918,23.876139811185396,16.772429426722834,0.7148156530221018,6,33.33333333333333,2.350696402978188,5.118583091361363,Financial Services,Insurance - Property & Casualty,25716033536,0.388,3104993,67.67,78.96,58.07,15.206742,54.0,28.138080846043046
3,WY,4,465,-0.0,-8.357182684711917,-0.2495319401649039,12,33.33333333333333,0.30802615712196996,18.60594609898342,-6.491472515408548,-0.805840170873566,5,20.0,0.0042164440429656,9.003087703796192,Real Estate,REIT - Specialty,18795360256,1.05,7371277,26.05,31.66,21.16,56.630432,320.0,36.528540393300176
3,WTW,4,466,-0.0,-6.021488132871933,-0.32436063308130014,16,37.5,0.8151696347077367,18.653705343257343,2.127306890167824,-0.3126733087380363,6,33.33333333333333,0.7349189096744292,6.423336857903963,Financial Services,Insurance Brokers,30662258688,0.635,637040,314.33,352.79,292.97,15.039713,117.0,27.141383350700586
3,WYNN,4,467,-0.0,-26.202525471885508,-0.6181622154447937,17,35.294117647058826,0.5090309840618863,41.139526000236394,-15.41146239507376,-0.6190021486559132,6,16.666666666666664,0.28115189737320745,22.01369600394316,Consumer Cyclical,Resorts & Casinos,11736869888,1.078,1432439,112.88,134.72,65.25,25.028824,88.0,54.11610366958233
3,XEL,4,468,0.0,2.7535955041769755,-0.08214687339208077,14,57.14285714285714,1.139016036871304,10.270278161885551,7.155190195064898,0.21140142813093288,3,66.66666666666666,14.28275812976436,4.35626903462066,Utilities,Utilities - Regulated Electric,44962938880,0.469,5426732,76.01,83.01,65.21,23.17378,299.0,23.855322590926882
3,XOM,4,469,-0.0,-3.510318749281993,-0.2682144003621131,14,42.857142857142854,0.8419796351535217,19.831875992555222,1.527229313822276,-0.6711182739034233,4,25.0,1.9588894083609303,5.054956450527388,Energy,Oil & Gas Integrated,586537566208,0.365,16331731,137.58,138.0,97.8,19.997093,301.0,34.59127880177547
3,XYZ,4,470,-0.0,-52.624256952709224,-0.7363896504721317,16,12.5,0.1699324929512315,57.67037407933525,18.884416494758604,0.27783842531391273,3,33.33333333333333,2.4908154093731207,15.379910026472515,Technology,Software - Infrastructure,39147487232,2.665,7353495,64.22,94.25,44.27,12.92153,0.0,66.75549921102139
3,XYL,4,471,-0.0,-4.151091884428482,-0.18501620440562866,13,30.76923076923077,1.0023271889492436,19.269888082097495,11.559271341088584,0.4179382808399524,3,0.0,0.0,10.288886626482949,Industrials,Specialty Industrial Machinery,32994926592,1.172,1291718,135.52,154.27,100.47,34.927834,113.99999999999999,30.92888490051809
3,ZBRA,4,472,-0.0,-38.40542616096497,-0.9070035427902146,18,22.22222222222222,0.26346220614028415,41.12974098979232,-1.7983206337127355,-0.04537560609438445,4,25.0,0.8872777311206985,18.409030531221607,Technology,Communication Equipment,12011150336,1.683,658314,236.23,404.67,205.73,23.813507,0.0,40.72741248334659
3,YUM,4,473,-0.0,-13.12032396096029,-0.9399429164853581,19,21.052631578947366,0.6024659133496159,24.50466685268518,2.045519032560761,-0.24228377906152554,4,50.0,1.9917913313995235,4.816278659835308,Consumer Cyclical,Restaurants,42725220352,0.669,2174586,153.88,163.3,128.73,29.996101,184.0,24.883248765948025
3,ZTS,4,474,-0.0,-27.644151033071406,-0.5302812229464781,17,23.52941176470588,0.12944431037976478,33.579441787662496,-4.377907486613308,-0.7998288374374255,4,25.0,0.6550204824747867,13.047668804287447,Healthcare,Drug Manufacturers - Specialty & Generic,54037364736,0.97,5304608,121.93,177.4,115.25,20.526936,170.0,28.02788021061644
3,MSFT,4,475,-0.0001674138432492646,-1.4242960227645707,0.0034559201143327133,12,25.0,0.9406611580113612,27.657046602161913,13.518977636449359,0.6356633970176395,4,25.0,2.01614352507463,5.10022009935201,Technology,Software - Infrastructure,3580035858432,1.073,25357331,481.63,555.45,344.79,34.206676,76.0,30.565958916378218
3,DVA,4,476,-0.0014074395379455355,-8.90978511038969,0.010697928531695284,14,28.57142857142857,0.6177953455464309,41.839049225850395,1.4520193384551794,-1.0693496992399958,6,16.666666666666664,0.8700567160030389,19.36369486767578,Healthcare,Medical Care Facilities,7570419712,0.99,955134,105.88,179.6,101.0,10.926729,0.0,36.49875074338711
3,ABNB,4,477,-0.0024560752419443064,-2.3079523647613343,0.06824994461392762,11,18.181818181818183,0.5877987849313016,37.69781344112563,20.06093526952364,0.652163857546093,4,50.0,17.739854766103385,11.968167606896419,Consumer Cyclical,Travel Services,80539598848,1.1,4770018,131.55,163.93,99.88,31.32143,0.0,54.585278556622875
3,ALGN,4,478,-0.006484920832245599,-8.083712247604357,0.0651696804143113,16,18.75,0.5547140980040571,45.063089351715014,9.755311533172616,0.3390943088849658,3,0.0,0.0,13.082684987823468,Healthcare,Medical Instruments & Supplies,11954451456,1.833,1278219,164.92,232.2,122.0,31.96124,0.0,54.950457857536406
3,PHM,4,479,-0.009301160978652794,-17.735845089423506,0.07668539349013874,18,27.77777777777778,0.37981791650554236,55.539609695283666,18.72407488425385,0.5471305806993029,4,0.0,0.0,17.161511953545062,Consumer Cyclical,Residential Construction,24320870400,1.339,1818091,123.27,142.11,88.07,9.511574,84.0,41.62445153773853
